--
-- PostgreSQL database dump
--

-- Dumped from database version 12.5
-- Dumped by pg_dump version 12.5

SET statement_timeout = 0;
SET lock_timeout = 0;
SET idle_in_transaction_session_timeout = 0;
SET client_encoding = 'UTF8';
SET standard_conforming_strings = on;
SELECT pg_catalog.set_config('search_path', '', false);
SET check_function_bodies = false;
SET xmloption = content;
SET client_min_messages = warning;
SET row_security = off;

SET default_tablespace = '';

SET default_table_access_method = heap;

--
-- Name: almacenista; Type: TABLE; Schema: public; Owner: postgres
--

CREATE TABLE public.almacenista (
    nombre character varying(100),
    codigo character varying(15) NOT NULL
);


ALTER TABLE public.almacenista OWNER TO postgres;

--
-- Name: bodega; Type: TABLE; Schema: public; Owner: postgres
--

CREATE TABLE public.bodega (
    codigo character varying(2) NOT NULL,
    nombre character varying(50) NOT NULL
);


ALTER TABLE public.bodega OWNER TO postgres;

--
-- Name: cargo; Type: TABLE; Schema: public; Owner: postgres
--

CREATE TABLE public.cargo (
    codigo character varying(2),
    nombre character varying(50)
);


ALTER TABLE public.cargo OWNER TO postgres;

--
-- Name: centro; Type: TABLE; Schema: public; Owner: postgres
--

CREATE TABLE public.centro (
    codigo character varying(2) NOT NULL,
    nombre character varying(50) NOT NULL
);


ALTER TABLE public.centro OWNER TO postgres;

--
-- Name: ciudad; Type: TABLE; Schema: public; Owner: postgres
--

CREATE TABLE public.ciudad (
    codigo character varying(5) NOT NULL,
    codigociudad character varying(3) NOT NULL,
    codigodepartamento character varying(2) NOT NULL,
    nombre character varying(150) NOT NULL,
    nombreciudad character varying(150) NOT NULL,
    nombredepartamento character varying(150) NOT NULL
);


ALTER TABLE public.ciudad OWNER TO postgres;

--
-- Name: compra; Type: TABLE; Schema: public; Owner: postgres
--

CREATE TABLE public.compra (
    codigo character varying(20) NOT NULL,
    fecha date NOT NULL,
    vence date NOT NULL,
    hora character varying(20) NOT NULL,
    subtotal19 numeric(20,0) NOT NULL,
    subtotal5 numeric(20,0) NOT NULL,
    subtotal0 numeric(20,0) NOT NULL,
    subtotal numeric(20,0) NOT NULL,
    subtotaliva19 numeric(20,0) NOT NULL,
    subtotaliva5 numeric(20,0) NOT NULL,
    subtotaliva0 numeric(20,0) NOT NULL,
    subtotalbase19 numeric(20,0) NOT NULL,
    subtotalbase5 numeric(20,0) NOT NULL,
    subtotalbase0 numeric(20,0) NOT NULL,
    totaliva numeric(20,0) NOT NULL,
    total numeric(20,0) NOT NULL,
    porcentajeretencionfuente numeric(6,2) NOT NULL,
    totalretencionfuente numeric(20,0) NOT NULL,
    porcentajeretencionica numeric(6,2) NOT NULL,
    totalretencionica numeric(20,0) NOT NULL,
    neto numeric(20,0) NOT NULL,
    items character varying(6) NOT NULL,
    formadepago character varying(2) NOT NULL,
    mediodepago character varying(3) NOT NULL,
    tercero character varying(15) NOT NULL,
    almacenista character varying(15) NOT NULL,
    descuento numeric(20,0) NOT NULL,
    subtotaldescuento19 numeric(20,0) NOT NULL,
    subtotaldescuento5 numeric(20,0) NOT NULL,
    subtotaldescuento0 numeric(20,0) NOT NULL,
    pedido character varying(20) NOT NULL,
    tipo character varying(30) NOT NULL,
    centro character varying(2) NOT NULL
);


ALTER TABLE public.compra OWNER TO postgres;

--
-- Name: compradetalle; Type: TABLE; Schema: public; Owner: postgres
--

CREATE TABLE public.compradetalle (
    codigo character varying(20) NOT NULL,
    fila character(5) NOT NULL,
    cantidad numeric(20,0) NOT NULL,
    precio numeric(20,0) NOT NULL,
    subtotal numeric(20,0) NOT NULL,
    pagina character varying(4) NOT NULL,
    bodega character varying(2) NOT NULL,
    producto character varying(15) NOT NULL,
    descuento numeric(6,0) NOT NULL,
    montodescuento numeric(20,0) NOT NULL,
    sigratis character varying(2) NOT NULL,
    subtotaldescuento numeric(20,0) NOT NULL,
    tipo character varying(30) NOT NULL,
    fecha date NOT NULL,
    id character varying(6)
);


ALTER TABLE public.compradetalle OWNER TO postgres;

--
-- Name: comprobante; Type: TABLE; Schema: public; Owner: postgres
--

CREATE TABLE public.comprobante (
    documento character varying(2) NOT NULL,
    numero character varying(20) NOT NULL,
    fecha date NOT NULL,
    fechaconsignacion date NOT NULL,
    periodo character varying(4),
    licencia character varying(4),
    usuario character varying(2) NOT NULL,
    estado character varying(20),
    debito numeric(20,2),
    credito numeric(20,2)
);


ALTER TABLE public.comprobante OWNER TO postgres;

--
-- Name: comprobantedetalle; Type: TABLE; Schema: public; Owner: postgres
--

CREATE TABLE public.comprobantedetalle (
    fila character varying(4),
    cuenta character varying(10),
    tercero character varying(15),
    centro character varying(2),
    factura character varying(15),
    concepto character varying(120),
    debito numeric(20,2),
    credito numeric(20,2),
    documento character varying(2) NOT NULL,
    numero character varying(20) NOT NULL,
    fecha date NOT NULL,
    fechaconsignacion date NOT NULL,
    mesconciliacion character varying(2) DEFAULT ''::character varying,
    banco numeric(20,2) DEFAULT 0
);


ALTER TABLE public.comprobantedetalle OWNER TO postgres;

--
-- Name: concepto; Type: TABLE; Schema: public; Owner: postgres
--

CREATE TABLE public.concepto (
    codigo character varying(2) NOT NULL,
    nombre character varying(50) NOT NULL
);


ALTER TABLE public.concepto OWNER TO postgres;

--
-- Name: configuracioncontabilidad; Type: TABLE; Schema: public; Owner: postgres
--

CREATE TABLE public.configuracioncontabilidad (
    cuentaefectivo character varying(10) NOT NULL,
    cuentanombreefectivo character varying(50) NOT NULL,
    cuentacliente character varying(10) NOT NULL,
    cuentanombrecliente character varying(50) NOT NULL,
    cuentatarjetadebito character varying(10) NOT NULL,
    cuentanombretarjetadebito character varying(50) NOT NULL,
    cuentatarjetacredito character varying(10) NOT NULL,
    cuentanombretarjetacredito character varying(50) NOT NULL,
    cuentatransferencia character varying(10) NOT NULL,
    cuentanombretransferencia character varying(50) NOT NULL,
    cuentaproveedor character varying(10) NOT NULL,
    cuentanombreproveedor character varying(50) NOT NULL,
    cuentaajuste character varying(10) NOT NULL,
    cuentanombreajuste character varying(50) NOT NULL,
    phinicial character varying(15),
    textodescuento1 character varying(50),
    textodescuento2 character varying(50),
    textodescuento3 character varying(50),
    textoaviso1 character varying(100),
    textoaviso2 character varying(100),
    textoaviso3 character varying(100),
    textoaviso4 character varying(100),
    cuentautilidad character varying(10),
    cuentautilidadnombre character varying(50),
    trabajado character varying(10),
    trabajadonombre character varying(50),
    transporte character varying(10),
    transportenombre character varying(50),
    cesantias character varying(10),
    cesantiasnombre character varying(50),
    intereses character varying(10),
    interesesnombre character varying(50),
    prima character varying(10),
    primanombre character varying(50),
    viaticos character varying(10),
    viaticosnombre character varying(50),
    horasextras character varying(10),
    horasextrasnombre character varying(50),
    incapacidades character varying(10),
    incapacidadesnombre character varying(50),
    licencias character varying(10),
    licenciasnombre character varying(50),
    bonificaciones character varying(10),
    bonificacionesnombre character varying(50),
    auxilios character varying(10),
    auxiliosnombre character varying(50),
    huelgas character varying(10),
    huelgasnombre character varying(50),
    conceptos character varying(10),
    conceptosnombre character varying(50),
    compensaciones character varying(10),
    compensacionesnombre character varying(50),
    bonos character varying(10),
    bonosnombre character varying(50),
    comisiones character varying(10),
    comisionesnombre character varying(50),
    dotaciones character varying(10),
    dotacionesnombre character varying(50),
    sostenimiento character varying(10),
    sostenimientonombre character varying(50),
    teletrabajo character varying(10),
    teletrabajonombre character varying(50),
    indemnizaciones character varying(10),
    indemnizacionesnombre character varying(50),
    salud character varying(10),
    saludnombre character varying(50),
    pension character varying(10),
    pensionnombre character varying(50),
    solidaridad character varying(10),
    solidaridadnombre character varying(50),
    subsistencia character varying(10),
    subsistencianombre character varying(50),
    sindicatos character varying(10),
    sindicatosnombre character varying(50),
    sanciones character varying(10),
    sancionesnombre character varying(50),
    libranzas character varying(10),
    libranzasnombre character varying(50),
    terceros character varying(10),
    tercerosnombre character varying(50),
    anticipos character varying(10),
    anticiposnombre character varying(50),
    otras character varying(10),
    otrasnombre character varying(50),
    retencion character varying(10),
    retencionnombre character varying(50),
    afc character varying(10),
    afcnombre character varying(50),
    embargos character varying(10),
    embargosnombre character varying(50),
    educacion character varying(10),
    educacionnombre character varying(50),
    deuda character varying(10),
    deudanombre character varying(50),
    vacaciones character varying(10),
    vacacionesnombre character varying(50),
    neto character varying(10),
    netonombre character varying(50),
    cesantiascxp character varying(10),
    cesantiascxpnombre character varying(50),
    interesescxp character varying(10),
    interesescxpnombre character varying(50),
    primacxp character varying(10),
    primacxpnombre character varying(50),
    vacacionescxp character varying(10),
    vacacionescxpnombre character varying(50),
    dotacionescxp character varying(10),
    dotacionescxpnombre character varying(50),
    riesgoscxp character varying(10),
    riesgoscxpnombre character varying(50),
    icbfcxp character varying(10),
    icbfcxpnombre character varying(50),
    senacxp character varying(10),
    senacxpnombre character varying(50),
    cajacxp character varying(10),
    cajacxpnombre character varying(50),
    riesgos character varying(10),
    riesgosnombre character varying(50),
    caja character varying(10),
    cajanombre character varying(50),
    icbf character varying(10),
    icbfnombre character varying(50),
    sena character varying(10),
    senanombre character varying(50),
    saludgasto character varying(10),
    saludgastonombre character varying(50),
    pensiongasto character varying(10),
    pensiongastonombre character varying(50),
    honorariogasto character varying(10),
    honorariogastonombre character varying(50),
    serviciogasto character varying(10),
    serviciogastonombre character varying(50),
    honorariocxpgasto character varying(10),
    honorariocxpgastonombre character varying(50),
    serviciocxpgasto character varying(10),
    serviciocxpgastonombre character varying(50),
    rethonorario character varying(10),
    rethonorarionombre character varying(50),
    retservicio character varying(10),
    retservicionombre character varying(50),
    pensionrais character varying(10),
    pensionraisnombre character varying(50),
    pensionvoluntaria character varying(10),
    pensionvoluntarianombre character varying(50),
    descuento1diainicial character varying(4),
    descuento1diafinal character varying(4),
    descuento2diainicial character varying(4),
    descuento2diafinal character varying(4),
    descuento3diainicial character varying(4),
    descuento3diafinal character varying(4)
);


ALTER TABLE public.configuracioncontabilidad OWNER TO postgres;

--
-- Name: configuracioninventario; Type: TABLE; Schema: public; Owner: postgres
--

CREATE TABLE public.configuracioninventario (
    compracuenta19 character varying(10) NOT NULL,
    compranombre19 character varying(50) NOT NULL,
    compracuenta5 character varying(10) NOT NULL,
    compranombre5 character varying(50) NOT NULL,
    compracuenta0 character varying(10) NOT NULL,
    compranombre0 character varying(50) NOT NULL,
    compraiva19 character varying(10) NOT NULL,
    compranombreiva19 character varying(50) NOT NULL,
    compraiva5 character varying(10) NOT NULL,
    compranombreiva5 character varying(50) NOT NULL,
    compracuentaretfte character varying(10) NOT NULL,
    compranombreretfte character varying(50) NOT NULL,
    compracuentaretica character varying(10) NOT NULL,
    compranombreretica character varying(50) NOT NULL,
    compracuentaretotra character varying(10) NOT NULL,
    compranombreretotra character varying(50) NOT NULL,
    compracuentadescuento character varying(10) NOT NULL,
    compranombredescuento character varying(50) NOT NULL,
    compradevolucioncuenta19 character varying(10) NOT NULL,
    compradevolucionnombre19 character varying(50) NOT NULL,
    compradevolucioncuenta5 character varying(10) NOT NULL,
    compradevolucionnombre5 character varying(50) NOT NULL,
    compradevolucioncuenta0 character varying(10) NOT NULL,
    compradevolucionnombre0 character varying(50) NOT NULL,
    compradevolucioniva19 character varying(10) NOT NULL,
    compradevolucionnombreiva19 character varying(50) NOT NULL,
    compradevolucioniva5 character varying(10) NOT NULL,
    compradevolucionnombreiva5 character varying(50) NOT NULL,
    compradevolucioncuentaretfte character varying(10) NOT NULL,
    compradevolucionnombreretfte character varying(50) NOT NULL,
    compradevolucioncuentaretica character varying(10) NOT NULL,
    compradevolucionnombreretica character varying(50) NOT NULL,
    compradevolucioncuentaretotra character varying(10) NOT NULL,
    compradevolucionnombreretotra character varying(50) NOT NULL,
    compradevolucioncuentadescuento character varying(10) NOT NULL,
    compradevolucionnombredescuento character varying(50) NOT NULL,
    compracuentaproveedor character varying(10) NOT NULL,
    compranombreproveedor character varying(50) NOT NULL,
    compracuentabase character varying(10) NOT NULL,
    compracuentaporcentajeretfte character varying(10) NOT NULL,
    compracuentaporcentajeretotra character varying(10) NOT NULL,
    ventacuenta19 character varying(10) NOT NULL,
    ventanombre19 character varying(50) NOT NULL,
    ventacuenta5 character varying(10) NOT NULL,
    ventanombre5 character varying(50) NOT NULL,
    ventacuenta0 character varying(10) NOT NULL,
    ventanombre0 character varying(50) NOT NULL,
    ventaiva19 character varying(10) NOT NULL,
    ventanombreiva19 character varying(50) NOT NULL,
    ventaiva5 character varying(10) NOT NULL,
    ventanombreiva5 character varying(50) NOT NULL,
    ventacuentaret2201 character varying(10) NOT NULL,
    ventanombreret2201 character varying(50) NOT NULL,
    ventacuentadescuento character varying(10) NOT NULL,
    ventanombredescuento character varying(50) NOT NULL,
    ventadevolucioncuenta19 character varying(10) NOT NULL,
    ventadevolucionnombre19 character varying(50) NOT NULL,
    ventadevolucioncuenta5 character varying(10) NOT NULL,
    ventadevolucionnombre5 character varying(50) NOT NULL,
    ventadevolucioncuenta0 character varying(10) NOT NULL,
    ventadevolucionnombre0 character varying(50) NOT NULL,
    ventadevolucioniva19 character varying(10) NOT NULL,
    ventadevolucionnombreiva19 character varying(50) NOT NULL,
    ventadevolucioniva5 character varying(10) NOT NULL,
    ventadevolucionnombreiva5 character varying(50) NOT NULL,
    ventadevolucioncuentaret2201 character varying(10) NOT NULL,
    ventadevolucionnombreret2201 character varying(50) NOT NULL,
    ventadevolucioncuentadescuento character varying(10) NOT NULL,
    ventadevolucionnombredescuento character varying(50) NOT NULL,
    ventacuentacliente character varying(10) NOT NULL,
    ventanombrecliente character varying(50) NOT NULL,
    ventacontracuentaret2201 character varying(10) NOT NULL,
    ventacontranombreret2201 character varying(50) NOT NULL,
    ventadevolucioncontracuentaret2201 character varying(10) NOT NULL,
    ventadevolucioncontranombreret2201 character varying(50) NOT NULL,
    ventacuentaporcentajeret2201 character varying(10) NOT NULL,
    ventatipoiva character varying(20) NOT NULL,
    ventaserviciocuenta19 character varying(10) NOT NULL,
    ventaservicionombre19 character varying(50) NOT NULL,
    ventaserviciocuenta5 character varying(10) NOT NULL,
    ventaservicionombre5 character varying(50) NOT NULL,
    ventaserviciocuenta0 character varying(10) NOT NULL,
    ventaservicionombre0 character varying(50) NOT NULL,
    ventaservicioiva19 character varying(10) NOT NULL,
    ventaservicionombreiva19 character varying(50) NOT NULL,
    ventaservicioiva5 character varying(10) NOT NULL,
    ventaservicionombreiva5 character varying(50) NOT NULL,
    ventaserviciocuentaret2201 character varying(10) NOT NULL,
    ventaservicionombreret2201 character varying(50) NOT NULL,
    ventaserviciocuentadescuento character varying(10) NOT NULL,
    ventaservicionombredescuento character varying(50) NOT NULL,
    ventaserviciodevolucioncuenta19 character varying(10) NOT NULL,
    ventaserviciodevolucionnombre19 character varying(50) NOT NULL,
    ventaserviciodevolucioncuenta5 character varying(10) NOT NULL,
    ventaserviciodevolucionnombre5 character varying(50) NOT NULL,
    ventaserviciodevolucioncuenta0 character varying(10) NOT NULL,
    ventaserviciodevolucionnombre0 character varying(50) NOT NULL,
    ventaserviciodevolucioniva19 character varying(10) NOT NULL,
    ventaserviciodevolucionnombreiva19 character varying(50) NOT NULL,
    ventaserviciodevolucioniva5 character varying(10) NOT NULL,
    ventaserviciodevolucionnombreiva5 character varying(50) NOT NULL,
    ventaserviciodevolucioncuentaret2201 character varying(10) NOT NULL,
    ventaserviciodevolucionnombreret2201 character varying(50) NOT NULL,
    ventaserviciodevolucioncuentadescuento character varying(10) NOT NULL,
    ventaserviciodevolucionnombredescuento character varying(50) NOT NULL,
    ventaserviciocuentacliente character varying(10) NOT NULL,
    ventaservicionombrecliente character varying(50) NOT NULL,
    ventaserviciocontracuentaret2201 character varying(10) NOT NULL,
    ventaserviciocontranombreret2201 character varying(50) NOT NULL,
    ventaserviciodevolucioncontracuentaret2201 character varying(10) NOT NULL,
    ventaserviciodevolucioncontranombreret2201 character varying(50) NOT NULL,
    ventaserviciocuentaporcentajeret2201 character varying(10) NOT NULL,
    ventaserviciotipoiva character varying(20) NOT NULL,
    soportecuenta19 character varying(10) NOT NULL,
    soportenombre19 character varying(50) NOT NULL,
    soportecuenta5 character varying(10) NOT NULL,
    soportenombre5 character varying(50) NOT NULL,
    soportecuenta0 character varying(10) NOT NULL,
    soportenombre0 character varying(50) NOT NULL,
    soportecuentaretfte character varying(10) NOT NULL,
    soportenombreretfte character varying(50) NOT NULL,
    soportecuentaretica character varying(10) NOT NULL,
    soportenombreretica character varying(50) NOT NULL,
    soportecuentaretotra character varying(10) NOT NULL,
    soportenombreretotra character varying(50) NOT NULL,
    soportecuentadescuento character varying(10) NOT NULL,
    soportenombredescuento character varying(50) NOT NULL,
    soportedevolucioncuenta19 character varying(10) NOT NULL,
    soportedevolucionnombre19 character varying(50) NOT NULL,
    soportedevolucioncuenta5 character varying(10) NOT NULL,
    soportedevolucionnombre5 character varying(50) NOT NULL,
    soportedevolucioncuenta0 character varying(10) NOT NULL,
    soportedevolucionnombre0 character varying(50) NOT NULL,
    soportedevolucioncuentaretfte character varying(10) NOT NULL,
    soportedevolucionnombreretfte character varying(50) NOT NULL,
    soportedevolucioncuentaretica character varying(10) NOT NULL,
    soportedevolucionnombreretica character varying(50) NOT NULL,
    soportedevolucioncuentaretotra character varying(10) NOT NULL,
    soportedevolucionnombreretotra character varying(50) NOT NULL,
    soportedevolucioncuentadescuento character varying(10) NOT NULL,
    soportedevolucionnombredescuento character varying(50) NOT NULL,
    soportecuentaproveedor character varying(10) NOT NULL,
    soportenombreproveedor character varying(50) NOT NULL,
    soportecuentabase character varying(10) NOT NULL,
    soportecuentaporcentajeretfte character varying(10) NOT NULL,
    soportecuentaporcentajeretotra character varying(10) NOT NULL,
    soporteserviciocuenta19 character varying(10) NOT NULL,
    soporteservicionombre19 character varying(50) NOT NULL,
    soporteserviciocuenta5 character varying(10) NOT NULL,
    soporteservicionombre5 character varying(50) NOT NULL,
    soporteserviciocuenta0 character varying(10) NOT NULL,
    soporteservicionombre0 character varying(50) NOT NULL,
    soporteserviciocuentaretfte character varying(10) NOT NULL,
    soporteservicionombreretfte character varying(50) NOT NULL,
    soporteserviciocuentaretica character varying(10) NOT NULL,
    soporteservicionombreretica character varying(50) NOT NULL,
    soporteserviciocuentaretotra character varying(10) NOT NULL,
    soporteservicionombreretotra character varying(50) NOT NULL,
    soporteserviciocuentadescuento character varying(10) NOT NULL,
    soporteservicionombredescuento character varying(50) NOT NULL,
    soporteserviciodevolucioncuenta character varying(10) NOT NULL,
    soporteserviciodevolucionnombre character varying(50) NOT NULL,
    soporteserviciodevolucioncuentaretfte character varying(10) NOT NULL,
    soporteserviciodevolucionnombreretfte character varying(50) NOT NULL,
    soporteserviciodevolucioncuentaretica character varying(10) NOT NULL,
    soporteserviciodevolucionnombreretica character varying(50) NOT NULL,
    soporteserviciodevolucioncuentaretotra character varying(10) NOT NULL,
    soporteserviciodevolucionnombreretotra character varying(50) NOT NULL,
    soporteserviciodevolucioncuentadescuento character varying(10) NOT NULL,
    soporteserviciodevolucionnombredescuento character varying(50) NOT NULL,
    soporteserviciocuentaproveedor character varying(10) NOT NULL,
    soporteservicionombreproveedor character varying(50) NOT NULL,
    soporteserviciocuentabase character varying(10) NOT NULL,
    soporteserviciocuentaporcentajeretfte character varying(10) NOT NULL,
    soporteserviciocuentaporcentajeretotra character varying(10) NOT NULL,
    facturagastocuenta19 character varying(10) NOT NULL,
    facturagastonombre19 character varying(50) NOT NULL,
    facturagastocuenta5 character varying(10) NOT NULL,
    facturagastonombre5 character varying(50) NOT NULL,
    facturagastocuenta0 character varying(10) NOT NULL,
    facturagastonombre0 character varying(50) NOT NULL,
    facturagastocuentaretfte character varying(10) NOT NULL,
    facturagastonombreretfte character varying(50) NOT NULL,
    facturagastocuentaretica character varying(10) NOT NULL,
    facturagastonombreretica character varying(50) NOT NULL,
    facturagastocuentaretotra character varying(10) NOT NULL,
    facturagastonombreretotra character varying(50) NOT NULL,
    facturagastocuentadescuento character varying(10) NOT NULL,
    facturagastonombredescuento character varying(50) NOT NULL,
    facturagastodevolucioncuenta character varying(10) NOT NULL,
    facturagastodevolucionnombre character varying(50) NOT NULL,
    facturagastodevolucioncuentaretfte character varying(10) NOT NULL,
    facturagastodevolucionnombreretfte character varying(50) NOT NULL,
    facturagastodevolucioncuentaretica character varying(10) NOT NULL,
    facturagastodevolucionnombreretica character varying(50) NOT NULL,
    facturagastodevolucioncuentaretotra character varying(10) NOT NULL,
    facturagastodevolucionnombreretotra character varying(50) NOT NULL,
    facturagastodevolucioncuentadescuento character varying(10) NOT NULL,
    facturagastodevolucionnombredescuento character varying(50) NOT NULL,
    facturagastocuentaproveedor character varying(10) NOT NULL,
    facturagastonombreproveedor character varying(50) NOT NULL,
    facturagastocuentabase character varying(10) NOT NULL,
    facturagastocuentaporcentajeretfte character varying(10) NOT NULL,
    facturagastocuentaporcentajeretotra character varying(10) NOT NULL,
    facturagastocuentaiva character varying(10) NOT NULL,
    facturagastonombreiva character varying(50) NOT NULL,
    facturagastoporcentajeiva character varying(10) NOT NULL,
    cuentacosto character varying(10),
    cuentacostonombre character varying(50),
    cuentacostocontra character varying(10),
    cuentacostocontranombre character varying(50),
    decimales character varying(1)
);


ALTER TABLE public.configuracioninventario OWNER TO postgres;

--
-- Name: configuracionnomina; Type: TABLE; Schema: public; Owner: postgres
--

CREATE TABLE public.configuracionnomina (
    compracuenta19 character varying(10),
    compranombre19 character varying(50),
    compracuenta5 character varying(10),
    compranombre5 character varying(50),
    compracuenta0 character varying(10),
    compranombre0 character varying(50),
    compraiva19 character varying(10),
    compranombreiva19 character varying(50),
    compraiva5 character varying(10),
    compranombreiva5 character varying(50),
    compracuentaretfte character varying(10),
    compranombreretfte character varying(50),
    compracuentaretica character varying(10),
    compranombreretica character varying(50),
    compracuentaretotra character varying(10),
    compranombreretotra character varying(50),
    compracuentadescuento character varying(10),
    compranombredescuento character varying(50),
    compradevolucioncuenta19 character varying(10),
    compradevolucionnombre19 character varying(50),
    compradevolucioncuenta5 character varying(10),
    compradevolucionnombre5 character varying(50),
    compradevolucioncuenta0 character varying(10),
    compradevolucionnombre0 character varying(50),
    compradevolucioniva19 character varying(10),
    compradevolucionnombreiva19 character varying(50),
    compradevolucioniva5 character varying(10),
    compradevolucionnombreiva5 character varying(50),
    compradevolucioncuentaretfte character varying(10),
    compradevolucionnombreretfte character varying(50),
    compradevolucioncuentaretica character varying(10),
    compradevolucionnombreretica character varying(50),
    compradevolucioncuentaretotra character varying(10),
    compradevolucionnombreretotra character varying(50),
    compradevolucioncuentadescuento character varying(10),
    compradevolucionnombredescuento character varying(50),
    compracuentaproveedor character varying(10),
    compranombreproveedor character varying(50),
    compracuentabase character varying(10),
    compracuentaporcentajeretfte character varying(10),
    compracuentaporcentajeretotra character varying(10),
    ventacuenta19 character varying(10),
    ventanombre19 character varying(50),
    ventacuenta5 character varying(10),
    ventanombre5 character varying(50),
    ventacuenta0 character varying(10),
    ventanombre0 character varying(50),
    ventaiva19 character varying(10),
    ventanombreiva19 character varying(50),
    ventaiva5 character varying(10),
    ventanombreiva5 character varying(50),
    ventacuentaret2201 character varying(10),
    ventanombreret2201 character varying(50),
    ventacuentadescuento character varying(10),
    ventanombredescuento character varying(50),
    ventadevolucioncuenta19 character varying(10),
    ventadevolucionnombre19 character varying(50),
    ventadevolucioncuenta5 character varying(10),
    ventadevolucionnombre5 character varying(50),
    ventadevolucioncuenta0 character varying(10),
    ventadevolucionnombre0 character varying(50),
    ventadevolucioniva19 character varying(10),
    ventadevolucionnombreiva19 character varying(50),
    ventadevolucioniva5 character varying(10),
    ventadevolucionnombreiva5 character varying(50),
    ventadevolucioncuentaret2201 character varying(10),
    ventadevolucionnombreret2201 character varying(50),
    ventadevolucioncuentadescuento character varying(10),
    ventadevolucionnombredescuento character varying(50),
    ventacuentacliente character varying(10),
    ventanombrecliente character varying(50),
    ventacontracuentaret2201 character varying(10),
    ventacontranombreret2201 character varying(50),
    ventadevolucioncontracuentaret2201 character varying(10),
    ventadevolucioncontranombreret2201 character varying(50),
    ventacuentaporcentajeret2201 character varying(10),
    ventatipoiva character varying(20),
    ventaserviciocuenta19 character varying(10),
    ventaservicionombre19 character varying(50),
    ventaserviciocuenta5 character varying(10),
    ventaservicionombre5 character varying(50),
    ventaserviciocuenta0 character varying(10),
    ventaservicionombre0 character varying(50),
    ventaservicioiva19 character varying(10),
    ventaservicionombreiva19 character varying(50),
    ventaservicioiva5 character varying(10),
    ventaservicionombreiva5 character varying(50),
    ventaserviciocuentaret2201 character varying(10),
    ventaservicionombreret2201 character varying(50),
    ventaserviciocuentadescuento character varying(10),
    ventaservicionombredescuento character varying(50),
    ventaserviciodevolucioncuenta19 character varying(10),
    ventaserviciodevolucionnombre19 character varying(50),
    ventaserviciodevolucioncuenta5 character varying(10),
    ventaserviciodevolucionnombre5 character varying(50),
    ventaserviciodevolucioncuenta0 character varying(10),
    ventaserviciodevolucionnombre0 character varying(50),
    ventaserviciodevolucioniva19 character varying(10),
    ventaserviciodevolucionnombreiva19 character varying(50),
    ventaserviciodevolucioniva5 character varying(10),
    ventaserviciodevolucionnombreiva5 character varying(50),
    ventaserviciodevolucioncuentaret2201 character varying(10),
    ventaserviciodevolucionnombreret2201 character varying(50),
    ventaserviciodevolucioncuentadescuento character varying(10),
    ventaserviciodevolucionnombredescuento character varying(50),
    ventaserviciocuentacliente character varying(10),
    ventaservicionombrecliente character varying(50),
    ventaserviciocontracuentaret2201 character varying(10),
    ventaserviciocontranombreret2201 character varying(50),
    ventaserviciodevolucioncontracuentaret2201 character varying(10),
    ventaserviciodevolucioncontranombreret2201 character varying(50),
    ventaserviciocuentaporcentajeret2201 character varying(10),
    ventaserviciotipoiva character varying(20),
    soportecuenta19 character varying(10),
    soportenombre19 character varying(50),
    soportecuenta5 character varying(10),
    soportenombre5 character varying(50),
    soportecuenta0 character varying(10),
    soportenombre0 character varying(50),
    soportecuentaretfte character varying(10),
    soportenombreretfte character varying(50),
    soportecuentaretica character varying(10),
    soportenombreretica character varying(50),
    soportecuentaretotra character varying(10),
    soportenombreretotra character varying(50),
    soportecuentadescuento character varying(10),
    soportenombredescuento character varying(50),
    soportedevolucioncuenta19 character varying(10),
    soportedevolucionnombre19 character varying(50),
    soportedevolucioncuenta5 character varying(10),
    soportedevolucionnombre5 character varying(50),
    soportedevolucioncuenta0 character varying(10),
    soportedevolucionnombre0 character varying(50),
    soportedevolucioncuentaretfte character varying(10),
    soportedevolucionnombreretfte character varying(50),
    soportedevolucioncuentaretica character varying(10),
    soportedevolucionnombreretica character varying(50),
    soportedevolucioncuentaretotra character varying(10),
    soportedevolucionnombreretotra character varying(50),
    soportedevolucioncuentadescuento character varying(10),
    soportedevolucionnombredescuento character varying(50),
    soportecuentaproveedor character varying(10),
    soportenombreproveedor character varying(50),
    soportecuentabase character varying(10),
    soportecuentaporcentajeretfte character varying(10),
    soportecuentaporcentajeretotra character varying(10),
    soporteserviciocuenta19 character varying(10),
    soporteservicionombre19 character varying(50),
    soporteserviciocuenta5 character varying(10),
    soporteservicionombre5 character varying(50),
    soporteserviciocuenta0 character varying(10),
    soporteservicionombre0 character varying(50),
    soporteserviciocuentaretfte character varying(10),
    soporteservicionombreretfte character varying(50),
    soporteserviciocuentaretica character varying(10),
    soporteservicionombreretica character varying(50),
    soporteserviciocuentaretotra character varying(10),
    soporteservicionombreretotra character varying(50),
    soporteserviciocuentadescuento character varying(10),
    soporteservicionombredescuento character varying(50),
    soporteserviciodevolucioncuenta character varying(10),
    soporteserviciodevolucionnombre character varying(50),
    soporteserviciodevolucioncuentaretfte character varying(10),
    soporteserviciodevolucionnombreretfte character varying(50),
    soporteserviciodevolucioncuentaretica character varying(10),
    soporteserviciodevolucionnombreretica character varying(50),
    soporteserviciodevolucioncuentaretotra character varying(10),
    soporteserviciodevolucionnombreretotra character varying(50),
    soporteserviciodevolucioncuentadescuento character varying(10),
    soporteserviciodevolucionnombredescuento character varying(50),
    soporteserviciocuentaproveedor character varying(10),
    soporteservicionombreproveedor character varying(50),
    soporteserviciocuentabase character varying(10),
    soporteserviciocuentaporcentajeretfte character varying(10),
    soporteserviciocuentaporcentajeretotra character varying(10),
    facturagastocuenta19 character varying(10),
    facturagastonombre19 character varying(50),
    facturagastocuenta5 character varying(10),
    facturagastonombre5 character varying(50),
    facturagastocuenta0 character varying(10),
    facturagastonombre0 character varying(50),
    facturagastocuentaretfte character varying(10),
    facturagastonombreretfte character varying(50),
    facturagastocuentaretica character varying(10),
    facturagastonombreretica character varying(50),
    facturagastocuentaretotra character varying(10),
    facturagastonombreretotra character varying(50),
    facturagastocuentadescuento character varying(10),
    facturagastonombredescuento character varying(50),
    facturagastodevolucioncuenta character varying(10),
    facturagastodevolucionnombre character varying(50),
    facturagastodevolucioncuentaretfte character varying(10),
    facturagastodevolucionnombreretfte character varying(50),
    facturagastodevolucioncuentaretica character varying(10),
    facturagastodevolucionnombreretica character varying(50),
    facturagastodevolucioncuentaretotra character varying(10),
    facturagastodevolucionnombreretotra character varying(50),
    facturagastodevolucioncuentadescuento character varying(10),
    facturagastodevolucionnombredescuento character varying(50),
    facturagastocuentaproveedor character varying(10),
    facturagastonombreproveedor character varying(50),
    facturagastocuentabase character varying(10),
    facturagastocuentaporcentajeretfte character varying(10),
    facturagastocuentaporcentajeretotra character varying(10),
    facturagastocuentaiva character varying(10),
    facturagastonombreiva character varying(50),
    facturagastoporcentajeiva character varying(10),
    cuentacosto character varying(10),
    cuentacostonombre character varying(50),
    cuentacostocontra character varying(10),
    cuentacostocontranombre character varying(50),
    decimales character varying(1)
);


ALTER TABLE public.configuracionnomina OWNER TO postgres;

--
-- Name: copia; Type: TABLE; Schema: public; Owner: postgres
--

CREATE TABLE public.copia (
    id integer,
    fecha date,
    archivo character varying(200)
);


ALTER TABLE public.copia OWNER TO postgres;

--
-- Name: cotizacion; Type: TABLE; Schema: public; Owner: postgres
--

CREATE TABLE public.cotizacion (
    codigo character varying(20) NOT NULL,
    fecha date NOT NULL,
    vence date NOT NULL,
    hora character varying(20) NOT NULL,
    subtotal19 numeric(20,0) NOT NULL,
    subtotal5 numeric(20,0) NOT NULL,
    subtotal0 numeric(20,0) NOT NULL,
    subtotal numeric(20,0) NOT NULL,
    subtotaliva19 numeric(20,0) NOT NULL,
    subtotaliva5 numeric(20,0) NOT NULL,
    subtotaliva0 numeric(20,0) NOT NULL,
    subtotalbase19 numeric(20,0) NOT NULL,
    subtotalbase5 numeric(20,0) NOT NULL,
    subtotalbase0 numeric(20,0) NOT NULL,
    totaliva numeric(20,0) NOT NULL,
    ret2201 numeric(20,0) NOT NULL,
    total numeric(20,0) NOT NULL,
    neto numeric(20,0) NOT NULL,
    items character varying(6) NOT NULL,
    formadepago character varying(2) NOT NULL,
    mediodepago character varying(3) NOT NULL,
    tercero character varying(15) NOT NULL,
    vendedor character varying(15) NOT NULL,
    descuento numeric(20,0) NOT NULL,
    subtotaldescuento19 numeric(20,0) NOT NULL,
    subtotaldescuento5 numeric(20,0) NOT NULL,
    subtotaldescuento0 numeric(20,0) NOT NULL,
    tipo character varying(30) NOT NULL,
    centro character varying(2) NOT NULL
);


ALTER TABLE public.cotizacion OWNER TO postgres;

--
-- Name: cotizaciondetalle; Type: TABLE; Schema: public; Owner: postgres
--

CREATE TABLE public.cotizaciondetalle (
    id character varying(5) NOT NULL,
    codigo character varying(20) NOT NULL,
    fila character(5) NOT NULL,
    cantidad numeric(20,0) NOT NULL,
    precio numeric(20,0) NOT NULL,
    subtotal numeric(20,0) NOT NULL,
    pagina character varying(4) NOT NULL,
    bodega character varying(2) NOT NULL,
    producto character varying(15) NOT NULL,
    descuento numeric(6,0) NOT NULL,
    montodescuento numeric(20,0) NOT NULL,
    sigratis character varying(2) NOT NULL,
    subtotaldescuento numeric(20,0) NOT NULL,
    tipo character varying(30) NOT NULL,
    fecha date NOT NULL
);


ALTER TABLE public.cotizaciondetalle OWNER TO postgres;

--
-- Name: cotizacionservicio; Type: TABLE; Schema: public; Owner: postgres
--

CREATE TABLE public.cotizacionservicio (
    codigo character varying(20) NOT NULL,
    fecha date NOT NULL,
    vence date NOT NULL,
    hora character varying(20) NOT NULL,
    subtotal19 numeric(20,0) NOT NULL,
    subtotal5 numeric(20,0) NOT NULL,
    subtotal0 numeric(20,0) NOT NULL,
    subtotal numeric(20,0) NOT NULL,
    subtotaliva19 numeric(20,0) NOT NULL,
    subtotaliva5 numeric(20,0) NOT NULL,
    subtotaliva0 numeric(20,0) NOT NULL,
    subtotalbase19 numeric(20,0) NOT NULL,
    subtotalbase5 numeric(20,0) NOT NULL,
    subtotalbase0 numeric(20,0) NOT NULL,
    totaliva numeric(20,0) NOT NULL,
    ret2201 numeric(20,0) NOT NULL,
    total numeric(20,0) NOT NULL,
    neto numeric(20,0) NOT NULL,
    items character varying(6) NOT NULL,
    formadepago character varying(2) NOT NULL,
    mediodepago character varying(3) NOT NULL,
    tercero character varying(15) NOT NULL,
    vendedor character varying(15) NOT NULL,
    descuento numeric(20,0) NOT NULL,
    subtotaldescuento19 numeric(20,0) NOT NULL,
    subtotaldescuento5 numeric(20,0) NOT NULL,
    subtotaldescuento0 numeric(20,0) NOT NULL,
    tipo character varying(30) NOT NULL,
    centro character varying(2) NOT NULL
);


ALTER TABLE public.cotizacionservicio OWNER TO postgres;

--
-- Name: cotizacionserviciodetalle; Type: TABLE; Schema: public; Owner: postgres
--

CREATE TABLE public.cotizacionserviciodetalle (
    id character varying(5) NOT NULL,
    codigo character varying(20) NOT NULL,
    fila character(5) NOT NULL,
    cantidad numeric(20,0) NOT NULL,
    precio numeric(20,0) NOT NULL,
    subtotal numeric(20,0) NOT NULL,
    pagina character varying(4) NOT NULL,
    nombreservicio character varying(500) NOT NULL,
    unidadservicio character varying(6) NOT NULL,
    codigoservicio character varying(4) NOT NULL,
    ivaservicio character varying(2) NOT NULL,
    descuento numeric(6,0) NOT NULL,
    montodescuento numeric(20,0) NOT NULL,
    sigratis character varying(2) NOT NULL,
    subtotaldescuento numeric(20,0) NOT NULL,
    tipo character varying(30) NOT NULL,
    fecha date NOT NULL
);


ALTER TABLE public.cotizacionserviciodetalle OWNER TO postgres;

--
-- Name: cuentadecobro; Type: TABLE; Schema: public; Owner: postgres
--

CREATE TABLE public.cuentadecobro (
    numero character varying(15) NOT NULL,
    fecha date NOT NULL,
    residente character varying(15) NOT NULL,
    total numeric(20,0) NOT NULL,
    centro character varying(2),
    totalanterior numeric(20,0),
    totalactual numeric(20,0)
);


ALTER TABLE public.cuentadecobro OWNER TO postgres;

--
-- Name: cuentadecobrodetalle; Type: TABLE; Schema: public; Owner: postgres
--

CREATE TABLE public.cuentadecobrodetalle (
    fila character varying(5) NOT NULL,
    numero character varying(15) NOT NULL,
    cuenta character varying(10) NOT NULL,
    anterior numeric(20,0) NOT NULL,
    actual numeric(20,0) NOT NULL,
    total numeric(20,0) NOT NULL
);


ALTER TABLE public.cuentadecobrodetalle OWNER TO postgres;

--
-- Name: cuota; Type: TABLE; Schema: public; Owner: postgres
--

CREATE TABLE public.cuota (
    monto character varying(20) NOT NULL,
    plazo character varying(20) NOT NULL,
    interes character varying(20) NOT NULL,
    fecha character varying(15) NOT NULL
);


ALTER TABLE public.cuota OWNER TO postgres;

--
-- Name: depreciacion; Type: TABLE; Schema: public; Owner: postgres
--

CREATE TABLE public.depreciacion (
    codigo character varying(2),
    nombre character varying(120),
    porcentaje character varying(10),
    meses character varying(5)
);


ALTER TABLE public.depreciacion OWNER TO postgres;

--
-- Name: devolucioncompra; Type: TABLE; Schema: public; Owner: postgres
--

CREATE TABLE public.devolucioncompra (
    codigo character varying(20) NOT NULL,
    fecha date NOT NULL,
    vence date NOT NULL,
    hora character varying(20) NOT NULL,
    subtotal19 numeric(20,0) NOT NULL,
    subtotal5 numeric(20,0) NOT NULL,
    subtotal0 numeric(20,0) NOT NULL,
    subtotal numeric(20,0) NOT NULL,
    subtotaliva19 numeric(20,0) NOT NULL,
    subtotaliva5 numeric(20,0) NOT NULL,
    subtotaliva0 numeric(20,0) NOT NULL,
    subtotalbase19 numeric(20,0) NOT NULL,
    subtotalbase5 numeric(20,0) NOT NULL,
    subtotalbase0 numeric(20,0) NOT NULL,
    totaliva numeric(20,0) NOT NULL,
    total numeric(20,0) NOT NULL,
    porcentajeretencionfuente numeric(6,2) NOT NULL,
    totalretencionfuente numeric(20,0) NOT NULL,
    porcentajeretencionica numeric(6,2) NOT NULL,
    totalretencionica numeric(20,0) NOT NULL,
    neto character varying(20) NOT NULL,
    items character varying(6) NOT NULL,
    formadepago character varying(2) NOT NULL,
    mediodepago character varying(3) NOT NULL,
    tercero character varying(15) NOT NULL,
    almacenista character varying(15) NOT NULL,
    descuento numeric(20,0) NOT NULL,
    subtotaldescuento19 numeric(20,0) NOT NULL,
    subtotaldescuento5 numeric(20,0) NOT NULL,
    subtotaldescuento0 numeric(20,0) NOT NULL,
    compra character varying(20) NOT NULL,
    tipo character varying(30) NOT NULL,
    centro character varying(2) NOT NULL
);


ALTER TABLE public.devolucioncompra OWNER TO postgres;

--
-- Name: devolucioncompradetalle; Type: TABLE; Schema: public; Owner: postgres
--

CREATE TABLE public.devolucioncompradetalle (
    id character varying(5) NOT NULL,
    codigo character varying(20) NOT NULL,
    fila character(5) NOT NULL,
    cantidad numeric(20,0) NOT NULL,
    precio numeric(20,0) NOT NULL,
    subtotal numeric(20,0) NOT NULL,
    pagina character varying(4) NOT NULL,
    bodega character varying(2) NOT NULL,
    producto character varying(15) NOT NULL,
    descuento numeric(6,0) NOT NULL,
    montodescuento numeric(20,0) NOT NULL,
    sigratis character varying(2) NOT NULL,
    subtotaldescuento numeric(20,0) NOT NULL,
    tipo character varying(30) NOT NULL,
    fecha date NOT NULL
);


ALTER TABLE public.devolucioncompradetalle OWNER TO postgres;

--
-- Name: devolucionfacturagasto; Type: TABLE; Schema: public; Owner: postgres
--

CREATE TABLE public.devolucionfacturagasto (
    codigo character varying(20),
    fecha date,
    vence date,
    hora character varying(20),
    subtotal19 numeric(20,0),
    subtotal5 numeric(20,0),
    subtotal0 numeric(20,0),
    subtotal numeric(20,0),
    subtotaliva19 numeric(20,0),
    subtotaliva5 numeric(20,0),
    subtotaliva0 numeric(20,0),
    subtotalbase19 numeric(20,0),
    subtotalbase5 numeric(20,0),
    subtotalbase0 numeric(20,0),
    totaliva numeric(20,0),
    total numeric(20,0),
    porcentajeretencionfuente numeric(6,2),
    totalretencionfuente numeric(20,0),
    porcentajeretencionica numeric(6,2),
    totalretencionica numeric(20,0),
    neto numeric(20,0),
    items character varying(6),
    formadepago character varying(2),
    mediodepago character varying(3),
    tercero character varying(15),
    almacenista character varying(15),
    descuento numeric(20,0),
    subtotaldescuento19 numeric(20,0),
    subtotaldescuento5 numeric(20,0),
    subtotaldescuento0 numeric(20,0),
    facturagasto character varying(20),
    tipo character varying(30),
    centro character varying(2),
    facturagastocuenta0 character varying(10),
    facturagastonombre0 character varying(50),
    facturagastocuentaretfte character varying(10),
    facturagastonombreretfte character varying(50),
    facturagastocuentaiva character varying(10),
    facturagastonombreiva character varying(50),
    facturagastoporcentajeiva numeric(6,0)
);


ALTER TABLE public.devolucionfacturagasto OWNER TO postgres;

--
-- Name: devolucionfacturagastodetalle; Type: TABLE; Schema: public; Owner: postgres
--

CREATE TABLE public.devolucionfacturagastodetalle (
    id character varying(5),
    codigo character varying(20),
    fila character(5),
    cantidad numeric(20,0),
    precio numeric(20,0),
    subtotal numeric(20,0),
    pagina character varying(4),
    bodega character varying(2),
    nombreservicio character varying(500),
    unidadservicio character varying(6),
    codigoservicio character varying(4),
    descuento numeric(6,0),
    montodescuento numeric(20,0),
    sigratis character varying(2),
    subtotaldescuento numeric(20,0),
    tipo character varying(30),
    fecha date
);


ALTER TABLE public.devolucionfacturagastodetalle OWNER TO postgres;

--
-- Name: devolucionsoporte; Type: TABLE; Schema: public; Owner: postgres
--

CREATE TABLE public.devolucionsoporte (
    resolucionsoporte character varying(2) NOT NULL,
    codigo character varying(20) NOT NULL,
    fecha date NOT NULL,
    vence date NOT NULL,
    hora character varying(20) NOT NULL,
    subtotal19 numeric(20,0) NOT NULL,
    subtotal5 numeric(20,0) NOT NULL,
    subtotal0 numeric(20,0) NOT NULL,
    subtotal numeric(20,0) NOT NULL,
    subtotaliva19 numeric(20,0) NOT NULL,
    subtotaliva5 numeric(20,0) NOT NULL,
    subtotaliva0 numeric(20,0) NOT NULL,
    subtotalbase19 numeric(20,0) NOT NULL,
    subtotalbase5 numeric(20,0) NOT NULL,
    subtotalbase0 numeric(20,0) NOT NULL,
    totaliva numeric(20,0) NOT NULL,
    total numeric(20,0) NOT NULL,
    porcentajeretencionfuente numeric(6,2) NOT NULL,
    totalretencionfuente numeric(20,0) NOT NULL,
    porcentajeretencionica numeric(6,2) NOT NULL,
    totalretencionica numeric(20,0) NOT NULL,
    neto numeric(20,0) NOT NULL,
    items character varying(6) NOT NULL,
    formadepago character varying(2) NOT NULL,
    mediodepago character varying(3) NOT NULL,
    tercero character varying(15) NOT NULL,
    almacenista character varying(15) NOT NULL,
    descuento numeric(20,0) NOT NULL,
    subtotaldescuento19 numeric(20,0) NOT NULL,
    subtotaldescuento5 numeric(20,0) NOT NULL,
    subtotaldescuento0 numeric(20,0) NOT NULL,
    soporte character varying(20) NOT NULL,
    tipo character varying(30) NOT NULL,
    centro character varying(2) NOT NULL
);


ALTER TABLE public.devolucionsoporte OWNER TO postgres;

--
-- Name: devolucionsoportedetalle; Type: TABLE; Schema: public; Owner: postgres
--

CREATE TABLE public.devolucionsoportedetalle (
    id character varying(5) NOT NULL,
    codigo character varying(20) NOT NULL,
    fila character(5) NOT NULL,
    cantidad numeric(20,0) NOT NULL,
    precio numeric(20,0) NOT NULL,
    subtotal numeric(20,0) NOT NULL,
    pagina character varying(4) NOT NULL,
    bodega character varying(2) NOT NULL,
    producto character varying(15) NOT NULL,
    descuento numeric(6,0) NOT NULL,
    montodescuento numeric(20,0) NOT NULL,
    sigratis character varying(2) NOT NULL,
    subtotaldescuento numeric(20,0) NOT NULL,
    tipo character varying(30) NOT NULL,
    fecha date NOT NULL
);


ALTER TABLE public.devolucionsoportedetalle OWNER TO postgres;

--
-- Name: devolucionsoporteservicio; Type: TABLE; Schema: public; Owner: postgres
--

CREATE TABLE public.devolucionsoporteservicio (
    resolucionsoporte character varying(2) NOT NULL,
    codigo character varying(20) NOT NULL,
    fecha date NOT NULL,
    vence date NOT NULL,
    hora character varying(20) NOT NULL,
    subtotal19 numeric(20,0) NOT NULL,
    subtotal5 numeric(20,0) NOT NULL,
    subtotal0 numeric(20,0) NOT NULL,
    subtotal numeric(20,0) NOT NULL,
    subtotaliva19 numeric(20,0) NOT NULL,
    subtotaliva5 numeric(20,0) NOT NULL,
    subtotaliva0 numeric(20,0) NOT NULL,
    subtotalbase19 numeric(20,0) NOT NULL,
    subtotalbase5 numeric(20,0) NOT NULL,
    subtotalbase0 numeric(20,0) NOT NULL,
    totaliva numeric(20,0) NOT NULL,
    total numeric(20,0) NOT NULL,
    porcentajeretencionfuente numeric(6,2) NOT NULL,
    totalretencionfuente numeric(20,0) NOT NULL,
    porcentajeretencionica numeric(6,2) NOT NULL,
    totalretencionica numeric(20,0) NOT NULL,
    neto character varying(20) NOT NULL,
    items character varying(6) NOT NULL,
    formadepago character varying(2) NOT NULL,
    mediodepago character varying(3) NOT NULL,
    tercero character varying(15) NOT NULL,
    almacenista character varying(15) NOT NULL,
    descuento numeric(20,0) NOT NULL,
    subtotaldescuento19 numeric(20,0) NOT NULL,
    subtotaldescuento5 numeric(20,0) NOT NULL,
    subtotaldescuento0 numeric(20,0) NOT NULL,
    soporteservicio character varying(20) NOT NULL,
    tipo character varying(30) NOT NULL,
    centro character varying(2) NOT NULL,
    soporteserviciocuenta0 character varying DEFAULT 10,
    soporteservicionombre0 character varying DEFAULT 50,
    soporteserviciocuentaretfte character varying DEFAULT 10,
    soporteservicionombreretfte character varying DEFAULT 50
);


ALTER TABLE public.devolucionsoporteservicio OWNER TO postgres;

--
-- Name: devolucionsoporteserviciodetalle; Type: TABLE; Schema: public; Owner: postgres
--

CREATE TABLE public.devolucionsoporteserviciodetalle (
    id character varying(5) NOT NULL,
    codigo character varying(20) NOT NULL,
    fila character(5) NOT NULL,
    cantidad numeric(20,0) NOT NULL,
    precio numeric(20,0) NOT NULL,
    subtotal numeric(20,0) NOT NULL,
    pagina character varying(4) NOT NULL,
    bodega character varying(2) NOT NULL,
    nombreservicio character varying(500) NOT NULL,
    unidadservicio character varying(6) NOT NULL,
    codigoservicio character varying(4) NOT NULL,
    descuento numeric(6,0) NOT NULL,
    montodescuento numeric(20,0) NOT NULL,
    sigratis character varying(2) NOT NULL,
    subtotaldescuento numeric(20,0) NOT NULL,
    tipo character varying(30) NOT NULL,
    fecha date NOT NULL
);


ALTER TABLE public.devolucionsoporteserviciodetalle OWNER TO postgres;

--
-- Name: devolucionventa; Type: TABLE; Schema: public; Owner: postgres
--

CREATE TABLE public.devolucionventa (
    codigo character varying(20) NOT NULL,
    fecha date NOT NULL,
    vence date NOT NULL,
    hora character varying(20) NOT NULL,
    subtotal19 numeric(20,0) NOT NULL,
    subtotal5 numeric(20,0) NOT NULL,
    subtotal0 numeric(20,0) NOT NULL,
    subtotal numeric(20,0) NOT NULL,
    subtotaliva19 numeric(20,0) NOT NULL,
    subtotaliva5 numeric(20,0) NOT NULL,
    subtotaliva0 numeric(20,0) NOT NULL,
    subtotalbase19 numeric(20,0) NOT NULL,
    subtotalbase5 numeric(20,0) NOT NULL,
    subtotalbase0 numeric(20,0) NOT NULL,
    totaliva numeric(20,0) NOT NULL,
    ret2201 numeric(20,0) NOT NULL,
    total numeric(20,0) NOT NULL,
    neto numeric(20,0) NOT NULL,
    items character varying(6) NOT NULL,
    formadepago character varying(2) NOT NULL,
    mediodepago character varying(3) NOT NULL,
    tercero character varying(15) NOT NULL,
    vendedor character varying(15) NOT NULL,
    descuento numeric(20,0) NOT NULL,
    subtotaldescuento19 numeric(20,0) NOT NULL,
    subtotaldescuento5 numeric(20,0) NOT NULL,
    subtotaldescuento0 numeric(20,0) NOT NULL,
    resolucion character varying(2) NOT NULL,
    venta character varying(20) NOT NULL,
    tipo character varying(30) NOT NULL,
    centro character varying(2) NOT NULL
);


ALTER TABLE public.devolucionventa OWNER TO postgres;

--
-- Name: devolucionventadetalle; Type: TABLE; Schema: public; Owner: postgres
--

CREATE TABLE public.devolucionventadetalle (
    id character varying(5) NOT NULL,
    codigo character varying(20) NOT NULL,
    fila character(5) NOT NULL,
    cantidad numeric(20,0) NOT NULL,
    precio numeric(20,0) NOT NULL,
    subtotal numeric(20,0) NOT NULL,
    pagina character varying(4) NOT NULL,
    bodega character varying(2) NOT NULL,
    producto character varying(15) NOT NULL,
    descuento numeric(6,0) NOT NULL,
    montodescuento numeric(20,0) NOT NULL,
    sigratis character varying(2) NOT NULL,
    subtotaldescuento numeric(20,0) NOT NULL,
    tipo character varying(30) NOT NULL,
    fecha date NOT NULL
);


ALTER TABLE public.devolucionventadetalle OWNER TO postgres;

--
-- Name: devolucionventaservicio; Type: TABLE; Schema: public; Owner: postgres
--

CREATE TABLE public.devolucionventaservicio (
    codigo character varying(20) NOT NULL,
    fecha date NOT NULL,
    vence date NOT NULL,
    hora character varying(20) NOT NULL,
    subtotal19 numeric(20,0) NOT NULL,
    subtotal5 numeric(20,0) NOT NULL,
    subtotal0 numeric(20,0) NOT NULL,
    subtotal numeric(20,0) NOT NULL,
    subtotaliva19 numeric(20,0) NOT NULL,
    subtotaliva5 numeric(20,0) NOT NULL,
    subtotaliva0 numeric(20,0) NOT NULL,
    subtotalbase19 numeric(20,0) NOT NULL,
    subtotalbase5 numeric(20,0) NOT NULL,
    subtotalbase0 numeric(20,0) NOT NULL,
    totaliva numeric(20,0) NOT NULL,
    ret2201 numeric(20,0) NOT NULL,
    total numeric(20,0) NOT NULL,
    neto numeric(20,0) NOT NULL,
    items character varying(6) NOT NULL,
    formadepago character varying(2) NOT NULL,
    mediodepago character varying(3) NOT NULL,
    tercero character varying(15) NOT NULL,
    vendedor character varying(15) NOT NULL,
    descuento numeric(20,0) NOT NULL,
    subtotaldescuento19 numeric(20,0) NOT NULL,
    subtotaldescuento5 numeric(20,0) NOT NULL,
    subtotaldescuento0 numeric(20,0) NOT NULL,
    resolucion character varying(2) NOT NULL,
    ventaservicio character varying(20) NOT NULL,
    tipo character varying(30) NOT NULL,
    centro character varying(2) NOT NULL
);


ALTER TABLE public.devolucionventaservicio OWNER TO postgres;

--
-- Name: devolucionventaserviciodetalle; Type: TABLE; Schema: public; Owner: postgres
--

CREATE TABLE public.devolucionventaserviciodetalle (
    id character varying(5) NOT NULL,
    codigo character varying(20) NOT NULL,
    fila character(5) NOT NULL,
    cantidad numeric(20,0) NOT NULL,
    precio numeric(20,0) NOT NULL,
    subtotal numeric(20,0) NOT NULL,
    pagina character varying(4) NOT NULL,
    nombreservicio character varying(500) NOT NULL,
    unidadservicio character varying(6) NOT NULL,
    codigoservicio character varying(4) NOT NULL,
    ivaservicio numeric(2,0) NOT NULL,
    descuento numeric(6,0) NOT NULL,
    montodescuento numeric(20,0) NOT NULL,
    sigratis character varying(2) NOT NULL,
    subtotaldescuento numeric(20,0) NOT NULL,
    tipo character varying(30) NOT NULL,
    fecha date NOT NULL
);


ALTER TABLE public.devolucionventaserviciodetalle OWNER TO postgres;

--
-- Name: diferido; Type: TABLE; Schema: public; Owner: postgres
--

CREATE TABLE public.diferido (
    codigo character varying(10),
    nombre character varying(50),
    cuenta character varying(10),
    ubicacion character varying(50),
    fecha date,
    valor numeric(20,0),
    vresidual numeric(20,0),
    vidautil numeric(4,0),
    totalmes numeric(20,0),
    acumulado numeric(20,0),
    saldo numeric(20,0),
    cuentagasto character varying(10),
    cuentacontra character varying(20),
    centro character varying(4),
    inicia date,
    tercero character varying(15),
    terceronombre character varying(100),
    libros character varying(20)
);


ALTER TABLE public.diferido OWNER TO postgres;

--
-- Name: documento; Type: TABLE; Schema: public; Owner: postgres
--

CREATE TABLE public.documento (
    codigo character varying(2) NOT NULL,
    nombre character varying(50) NOT NULL,
    consecutivo character varying(2) NOT NULL,
    inicial character varying(6)
);


ALTER TABLE public.documento OWNER TO postgres;

--
-- Name: documentoidentificacion; Type: TABLE; Schema: public; Owner: postgres
--

CREATE TABLE public.documentoidentificacion (
    codigo character varying(2) NOT NULL,
    nombre character varying(100) NOT NULL
);


ALTER TABLE public.documentoidentificacion OWNER TO postgres;

--
-- Name: empleado; Type: TABLE; Schema: public; Owner: postgres
--

CREATE TABLE public.empleado (
    codigo character varying(15),
    tipodocumento character varying(2),
    primernombre character varying(60),
    segundonombre character varying(60),
    primerapellido character varying(60),
    segundoapellido character varying(60),
    direccion character varying(80),
    barrio character varying(60),
    telefono1 character varying(20),
    email1 character varying(100),
    contacto character varying(60),
    tipotrabajador character varying(2),
    sueldo character varying(20),
    subtipotrabajador character varying(2),
    fechaingreso date,
    fecharetiro date,
    tiempolaborado character varying(20),
    salariointegral character varying(2),
    altoriesgopension character varying(2),
    tipocontrato character varying(2),
    formadepago character varying(2),
    metododepago character varying(2),
    banco character varying(20),
    tipocuenta character varying(2),
    fechaliquidacioninicio date,
    fechaliquidacionfinal date,
    ciudad character varying(5),
    ciudadexpedicion character varying(5),
    fechanacimiento date,
    ciudadnacimiento character varying(5),
    fechaexpedicion date,
    nombre character varying(100),
    transporte character varying(20),
    numerocuenta character varying(20),
    cargo character varying(50),
    tipopago character varying(50),
    dotacion character varying(20),
    salud character varying(15),
    saludnombre character varying(50),
    pension character varying(15),
    pensionnombre character varying(50),
    riesgos character varying(15),
    riesgosnombre character varying(50),
    icbf character varying(15),
    icbfnombre character varying(50),
    sena character varying(15),
    senanombre character varying(50),
    caja character varying(15),
    cajanombre character varying(50),
    telefonocontacto character varying(20),
    direccionlaboral character varying(80),
    ciudadlaboral character varying(5),
    pensionvoluntaria character varying(15),
    pensionvoluntarianombre character varying(50)
);


ALTER TABLE public.empleado OWNER TO postgres;

--
-- Name: empresa; Type: TABLE; Schema: public; Owner: postgres
--

CREATE TABLE public.empresa (
    codigo character varying(15) NOT NULL,
    dv character varying(1) NOT NULL,
    nombre character varying(100) NOT NULL,
    iva character varying(20) NOT NULL,
    reteiva character varying(20) NOT NULL,
    direccion character varying(80) NOT NULL,
    actividadica character varying(60) NOT NULL,
    telefono1 character varying(20) NOT NULL,
    telefono2 character varying(20) NOT NULL,
    email1 character varying(100) NOT NULL,
    email2 character varying(100) NOT NULL,
    activa character varying(2) NOT NULL,
    licencia character varying(20) NOT NULL,
    representantedv character varying(1) NOT NULL,
    representantenombre character varying(100),
    contadordv character varying(1) NOT NULL,
    contadornombre character varying(100),
    revisordv character varying(1) NOT NULL,
    revisornombre character varying(100),
    ciudad character varying(5) NOT NULL,
    contadornit character varying(15) NOT NULL,
    documento character varying(2) NOT NULL,
    fiscal character varying(10) NOT NULL,
    regimen character varying(2) NOT NULL,
    representantenit character varying(15) NOT NULL,
    revisornit character varying(15) NOT NULL,
    tipo character varying(1) NOT NULL,
    modulo character varying(50),
    primernombre character varying(50),
    segundonombre character varying(50),
    primerapellido character varying(50),
    segundoapellido character varying(50),
    juridica character varying(100),
    periodo character varying(4)
);


ALTER TABLE public.empresa OWNER TO postgres;

--
-- Name: exogena; Type: TABLE; Schema: public; Owner: postgres
--

CREATE TABLE public.exogena (
    cuenta character varying(10),
    formato character varying(10),
    concepto character varying(10),
    valor character varying(20),
    columna character varying(30)
);


ALTER TABLE public.exogena OWNER TO postgres;

--
-- Name: exogenacolumna; Type: TABLE; Schema: public; Owner: postgres
--

CREATE TABLE public.exogenacolumna (
    columna character varying(2),
    formato character varying(4),
    nombre character varying(100)
);


ALTER TABLE public.exogenacolumna OWNER TO postgres;

--
-- Name: exogenaconcepto; Type: TABLE; Schema: public; Owner: postgres
--

CREATE TABLE public.exogenaconcepto (
    concepto character varying(4) NOT NULL,
    formato character varying(4),
    nombre character varying(100)
);


ALTER TABLE public.exogenaconcepto OWNER TO postgres;

--
-- Name: exogenaformato; Type: TABLE; Schema: public; Owner: postgres
--

CREATE TABLE public.exogenaformato (
    codigo character varying(4),
    nombre character varying(100)
);


ALTER TABLE public.exogenaformato OWNER TO postgres;

--
-- Name: facturafijos; Type: TABLE; Schema: public; Owner: postgres
--

CREATE TABLE public.facturafijos (
    codigo character varying(20),
    fecha date,
    vence date,
    hora character varying(20),
    subtotal19 numeric(20,0),
    subtotal5 numeric(20,0),
    subtotal0 numeric(20,0),
    subtotal numeric(20,0),
    subtotaliva19 numeric(20,0),
    subtotaliva5 numeric(20,0),
    subtotaliva0 numeric(20,0),
    subtotalbase19 numeric(20,0),
    subtotalbase5 numeric(20,0),
    subtotalbase0 numeric(20,0),
    totaliva numeric(20,0),
    ret2201 numeric(20,0),
    total numeric(20,0),
    neto numeric(20,0),
    items character varying(6),
    formadepago character varying(2),
    mediodepago character varying(3),
    tercero character varying(15),
    vendedor character varying(15),
    descuento numeric(20,0),
    subtotaldescuento19 numeric(20,0),
    subtotaldescuento5 numeric(20,0),
    subtotaldescuento0 numeric(20,0),
    resolucion character varying(2),
    cotizacionservicio character varying(20),
    tipo character varying(30),
    centro character varying(2)
);


ALTER TABLE public.facturafijos OWNER TO postgres;

--
-- Name: facturafijosdetalle; Type: TABLE; Schema: public; Owner: postgres
--

CREATE TABLE public.facturafijosdetalle (
    id character varying(5),
    codigo character varying(20),
    fila character(5),
    cantidad numeric(20,0),
    precio numeric(20,0),
    subtotal numeric(20,0),
    pagina character varying(4),
    nombreservicio character varying(500),
    unidadservicio character varying(6),
    codigoservicio character varying(4),
    ivaservicio numeric(2,0),
    descuento numeric(6,0),
    montodescuento numeric(20,0),
    sigratis character varying(2),
    subtotaldescuento numeric(20,0),
    tipo character varying(30),
    fecha date
);


ALTER TABLE public.facturafijosdetalle OWNER TO postgres;

--
-- Name: facturagasto; Type: TABLE; Schema: public; Owner: postgres
--

CREATE TABLE public.facturagasto (
    codigo character varying(20),
    fecha date,
    vence date,
    hora character varying(20),
    subtotal19 numeric(20,0),
    subtotal5 numeric(20,0),
    subtotal0 numeric(20,0),
    subtotal numeric(20,0),
    subtotaliva19 numeric(20,0),
    subtotaliva5 numeric(20,0),
    subtotaliva0 numeric(20,0),
    subtotalbase19 numeric(20,0),
    subtotalbase5 numeric(20,0),
    subtotalbase0 numeric(20,0),
    totaliva numeric(20,0),
    total numeric(20,0),
    porcentajeretencionfuente numeric(6,2),
    totalretencionfuente numeric(20,0),
    porcentajeretencionica numeric(6,2),
    totalretencionica numeric(20,0),
    neto numeric(20,0),
    items character varying(6),
    formadepago character varying(2),
    mediodepago character varying(3),
    tercero character varying(15),
    almacenista character varying(15),
    descuento numeric(20,0),
    subtotaldescuento19 numeric(20,0),
    subtotaldescuento5 numeric(20,0),
    subtotaldescuento0 numeric(20,0),
    pedidofacturagasto character varying(20),
    tipo character varying(30),
    centro character varying(2),
    facturagastocuenta0 character varying(10),
    facturagastonombre0 character varying(50),
    facturagastocuentaretfte character varying(10),
    facturagastonombreretfte character varying(50),
    facturagastocuentaiva character varying(10),
    facturagastonombreiva character varying(50),
    facturagastoporcentajeiva numeric(6,0)
);


ALTER TABLE public.facturagasto OWNER TO postgres;

--
-- Name: facturagastodetalle; Type: TABLE; Schema: public; Owner: postgres
--

CREATE TABLE public.facturagastodetalle (
    id character varying(5),
    codigo character varying(20),
    fila character(5),
    cantidad numeric(20,0),
    precio numeric(20,0),
    subtotal numeric(20,0),
    pagina character varying(4),
    bodega character varying(2),
    nombreservicio character varying(500),
    unidadservicio character varying(6),
    codigoservicio character varying(4),
    descuento numeric(6,0),
    montodescuento numeric(20,0),
    sigratis character varying(2),
    subtotaldescuento numeric(20,0),
    tipo character varying(30),
    fecha date
);


ALTER TABLE public.facturagastodetalle OWNER TO postgres;

--
-- Name: financiero; Type: TABLE; Schema: public; Owner: postgres
--

CREATE TABLE public.financiero (
    codigo character varying(2),
    nombre character varying(100)
);


ALTER TABLE public.financiero OWNER TO postgres;

--
-- Name: formadepago; Type: TABLE; Schema: public; Owner: postgres
--

CREATE TABLE public.formadepago (
    codigo character varying(2) NOT NULL,
    nombre character varying(50) NOT NULL
);


ALTER TABLE public.formadepago OWNER TO postgres;

--
-- Name: grupo; Type: TABLE; Schema: public; Owner: postgres
--

CREATE TABLE public.grupo (
    codigo character varying(2) NOT NULL,
    nombre character varying(50) NOT NULL
);


ALTER TABLE public.grupo OWNER TO postgres;

--
-- Name: horasextras; Type: TABLE; Schema: public; Owner: postgres
--

CREATE TABLE public.horasextras (
    prefijo character varying(4),
    numero character varying(10),
    fechainicial character varying(50),
    fechafinal character varying(50),
    valorhora character varying(20),
    cantidad character varying(20),
    tipo character varying(20),
    total character varying(20)
);


ALTER TABLE public.horasextras OWNER TO postgres;

--
-- Name: inventario; Type: TABLE; Schema: public; Owner: postgres
--

CREATE TABLE public.inventario (
    fecha date NOT NULL,
    tipo character varying(30) NOT NULL,
    codigo character varying(20) NOT NULL,
    bodega character varying(2) NOT NULL,
    producto character varying(15) NOT NULL,
    cantidad numeric(20,0) NOT NULL,
    precio numeric(20,0) NOT NULL,
    operacion character varying(2) NOT NULL
);


ALTER TABLE public.inventario OWNER TO postgres;

--
-- Name: inventarioinicial; Type: TABLE; Schema: public; Owner: postgres
--

CREATE TABLE public.inventarioinicial (
    items character varying(6) NOT NULL,
    codigo character varying(20) NOT NULL,
    fecha date NOT NULL,
    almacenista character varying(15) NOT NULL,
    subtotalbase19 numeric(20,0) NOT NULL,
    subtotalbase5 numeric(20,0) NOT NULL,
    subtotalbase0 numeric(20,0) NOT NULL,
    total numeric(20,0) NOT NULL,
    centro character varying(2) NOT NULL
);


ALTER TABLE public.inventarioinicial OWNER TO postgres;

--
-- Name: inventarioinicialdetalle; Type: TABLE; Schema: public; Owner: postgres
--

CREATE TABLE public.inventarioinicialdetalle (
    id character varying(5) NOT NULL,
    codigo character varying(20) NOT NULL,
    fila character varying(5) NOT NULL,
    cantidad numeric(20,0) NOT NULL,
    precio numeric(20,0) NOT NULL,
    subtotal numeric(20,0) NOT NULL,
    pagina character varying(4) NOT NULL,
    bodega character varying(2) NOT NULL,
    producto character varying(15) NOT NULL,
    descuento numeric(6,0) NOT NULL,
    montodescuento numeric(20,0) NOT NULL,
    sigratis character varying(2) NOT NULL,
    subtotaldescuento numeric(20,0) NOT NULL,
    tipo character varying(30) NOT NULL,
    fecha date NOT NULL
);


ALTER TABLE public.inventarioinicialdetalle OWNER TO postgres;

--
-- Name: iva; Type: TABLE; Schema: public; Owner: postgres
--

CREATE TABLE public.iva (
    codigo character varying(2),
    nombre character varying(2)
);


ALTER TABLE public.iva OWNER TO postgres;

--
-- Name: mediodepago; Type: TABLE; Schema: public; Owner: postgres
--

CREATE TABLE public.mediodepago (
    codigo character varying(3) NOT NULL,
    nombre character varying(50) NOT NULL
);


ALTER TABLE public.mediodepago OWNER TO postgres;

--
-- Name: nomina; Type: TABLE; Schema: public; Owner: postgres
--

CREATE TABLE public.nomina (
    numero character varying(6),
    fechainicial date,
    fechafinal date,
    trabajado character varying(12),
    transporte character varying(12),
    devengado character varying(12),
    salud character varying(12),
    pension character varying(12),
    solidaridad character varying(12),
    deducciones character varying(12),
    neto character varying(12),
    cesantias character varying(12),
    intereses character varying(12),
    prima character varying(12),
    vacaciones character varying(12),
    prefijo character varying(4),
    viaticos character varying(12),
    horasextras character varying(12),
    incapacidades character varying(12),
    licencias character varying(12),
    bonificaciones character varying(12),
    auxilios character varying(12),
    huelgas character varying(12),
    conceptos character varying(12),
    compensaciones character varying(12),
    bonos character varying(12),
    comisiones character varying(12),
    dotaciones character varying(12),
    sostenimiento character varying(12),
    teletrabajo character varying(12),
    indemnizaciones character varying(12),
    subsistencia character varying(12),
    sindicatos character varying(12),
    sanciones character varying(12),
    libranzas character varying(12),
    terceros character varying(12),
    anticipos character varying(12),
    otras character varying(12),
    retencion character varying(12),
    afc character varying(12),
    embargos character varying(12),
    educacion character varying(12),
    deuda character varying(12),
    pensionrais character varying(12),
    pensionvoluntaria character varying(12)
);


ALTER TABLE public.nomina OWNER TO postgres;

--
-- Name: nominaaportes; Type: TABLE; Schema: public; Owner: postgres
--

CREATE TABLE public.nominaaportes (
    numero character varying(6),
    fechainicial date,
    fechafinal date,
    saludgasto character varying(12),
    pensiongasto character varying(12),
    riesgos character varying(12),
    icbf character varying(12),
    sena character varying(12),
    caja character varying(12),
    total character varying(12)
);


ALTER TABLE public.nominaaportes OWNER TO postgres;

--
-- Name: nominaaportesdetalle; Type: TABLE; Schema: public; Owner: postgres
--

CREATE TABLE public.nominaaportesdetalle (
    numero character varying(6),
    fechainicial date,
    fechafinal date,
    centro character varying(4),
    codigo character varying(15),
    sueldo character varying(12),
    pensiongasto character varying(12),
    riesgos character varying(12),
    icbf character varying(12),
    sena character varying(12),
    caja character varying(12),
    total character varying(12),
    saludgasto character varying(12)
);


ALTER TABLE public.nominaaportesdetalle OWNER TO postgres;

--
-- Name: nominadetalle; Type: TABLE; Schema: public; Owner: postgres
--

CREATE TABLE public.nominadetalle (
    numero character varying(6) NOT NULL,
    fechainicial date,
    fechafinal date,
    centro character varying(4),
    codigo character varying(15),
    sueldo character varying(12),
    dias character varying(4),
    trabajado character varying(12),
    transporte character varying(12),
    devengado character varying(12),
    salud character varying(12),
    pension character varying(12),
    solidaridad character varying(12),
    deducciones character varying(12),
    neto character varying(12),
    cesantias character varying(12),
    intereses character varying(12),
    prima character varying(12),
    vacaciones character varying(12),
    prefijo character varying(4),
    viaticos character varying(12),
    horasextras character varying(12),
    incapacidades character varying(12),
    licencias character varying(12),
    bonificaciones character varying(12),
    auxilios character varying(12),
    huelgas character varying(12),
    conceptos character varying(12),
    compensaciones character varying(12),
    bonos character varying(12),
    comisiones character varying(12),
    dotaciones character varying(12),
    sostenimiento character varying(12),
    teletrabajo character varying(12),
    indemnizaciones character varying(12),
    subsistencia character varying(12),
    sindicatos character varying(12),
    sanciones character varying(12),
    libranzas character varying(12),
    terceros character varying(12),
    anticipos character varying(12),
    otras character varying(12),
    retencion character varying(12),
    afc character varying(12),
    embargos character varying(12),
    educacion character varying(12),
    deuda character varying(12),
    pensionrais character varying(12),
    pensionvoluntaria character varying(12)
);


ALTER TABLE public.nominadetalle OWNER TO postgres;

--
-- Name: nominaelectronica; Type: TABLE; Schema: public; Owner: postgres
--

CREATE TABLE public.nominaelectronica (
    numero character varying(6),
    fechainicial date,
    fechafinal date,
    trabajado character varying(12),
    transporte character varying(12),
    devengado character varying(12),
    salud character varying(12),
    pension character varying(12),
    solidaridad character varying(12),
    deducciones character varying(12),
    neto character varying(12),
    cesantias character varying(12),
    intereses character varying(12),
    prima character varying(12),
    vacaciones character varying(12),
    prefijo character varying(4),
    viaticos character varying(12),
    horasextras character varying(12),
    incapacidades character varying(12),
    licencias character varying(12),
    bonificaciones character varying(12),
    auxilios character varying(12),
    huelgas character varying(12),
    conceptos character varying(12),
    compensaciones character varying(12),
    bonos character varying(12),
    comisiones character varying(12),
    dotaciones character varying(12),
    sostenimiento character varying(12),
    teletrabajo character varying(12),
    indemnizaciones character varying(12),
    subsistencia character varying(12),
    sindicatos character varying(12),
    sanciones character varying(12),
    libranzas character varying(12),
    terceros character varying(12),
    anticipos character varying(12),
    otras character varying(12),
    retencion character varying(12),
    afc character varying(12),
    embargos character varying(12),
    educacion character varying(12),
    deuda character varying(12),
    pensionrais character varying(12),
    pensionvoluntaria character varying(12)
);


ALTER TABLE public.nominaelectronica OWNER TO postgres;

--
-- Name: nominaelectronicadetalle; Type: TABLE; Schema: public; Owner: postgres
--

CREATE TABLE public.nominaelectronicadetalle (
    numero character varying(6),
    fechainicial date,
    fechafinal date,
    centro character varying(4),
    codigo character varying(15),
    sueldo character varying(12),
    dias character varying(4),
    trabajado character varying(12),
    transporte character varying(12),
    devengado character varying(12),
    salud character varying(12),
    pension character varying(12),
    solidaridad character varying(12),
    deducciones character varying(12),
    neto character varying(12),
    cesantias character varying(12),
    intereses character varying(12),
    prima character varying(12),
    vacaciones character varying(12),
    prefijo character varying(4),
    viaticos character varying(12),
    horasextras character varying(12),
    incapacidades character varying(12),
    licencias character varying(12),
    bonificaciones character varying(12),
    auxilios character varying(12),
    huelgas character varying(12),
    conceptos character varying(12),
    compensaciones character varying(12),
    bonos character varying(12),
    comisiones character varying(12),
    dotaciones character varying(12),
    sostenimiento character varying(12),
    teletrabajo character varying(12),
    indemnizaciones character varying(12),
    subsistencia character varying(12),
    sindicatos character varying(12),
    sanciones character varying(12),
    libranzas character varying(12),
    terceros character varying(12),
    anticipos character varying(12),
    otras character varying(12),
    retencion character varying(12),
    afc character varying(12),
    embargos character varying(12),
    educacion character varying(12),
    deuda character varying(12),
    pensionrais character varying(12),
    pensionvoluntaria character varying(12)
);


ALTER TABLE public.nominaelectronicadetalle OWNER TO postgres;

--
-- Name: nominaprestaciones; Type: TABLE; Schema: public; Owner: postgres
--

CREATE TABLE public.nominaprestaciones (
    numero character varying(6),
    fechainicial date,
    fechafinal date,
    cesantias character varying(12),
    intereses character varying(12),
    prima character varying(12),
    vacaciones character varying(12),
    total character varying(12),
    dotaciones character varying(12)
);


ALTER TABLE public.nominaprestaciones OWNER TO postgres;

--
-- Name: nominaprestacionesdetalle; Type: TABLE; Schema: public; Owner: postgres
--

CREATE TABLE public.nominaprestacionesdetalle (
    numero character varying(6),
    fechainicial date,
    fechafinal date,
    centro character varying(4),
    codigo character varying(15),
    sueldo character varying(12),
    cesantias character varying(12),
    intereses character varying(12),
    prima character varying(12),
    vacaciones character varying(12),
    dotaciones character varying(12),
    total character varying(12)
);


ALTER TABLE public.nominaprestacionesdetalle OWNER TO postgres;

--
-- Name: pedido; Type: TABLE; Schema: public; Owner: postgres
--

CREATE TABLE public.pedido (
    codigo character varying(20) NOT NULL,
    fecha date NOT NULL,
    vence date NOT NULL,
    hora character varying(20) NOT NULL,
    subtotal19 numeric(20,0) NOT NULL,
    subtotal5 numeric(20,0) NOT NULL,
    subtotal0 numeric(20,0) NOT NULL,
    subtotal numeric(20,0) NOT NULL,
    subtotaliva19 numeric(20,0) NOT NULL,
    subtotaliva5 numeric(20,0) NOT NULL,
    subtotaliva0 numeric(20,0) NOT NULL,
    subtotalbase19 numeric(20,0) NOT NULL,
    subtotalbase5 numeric(20,0) NOT NULL,
    subtotalbase0 numeric(20,0) NOT NULL,
    totaliva numeric(20,0) NOT NULL,
    total numeric(20,0) NOT NULL,
    porcentajeretencionfuente numeric(6,2) NOT NULL,
    totalretencionfuente numeric(20,0) NOT NULL,
    porcentajeretencionica numeric(6,2) NOT NULL,
    totalretencionica numeric(20,0) NOT NULL,
    neto numeric(20,0) NOT NULL,
    items character varying(6) NOT NULL,
    formadepago character varying(2) NOT NULL,
    mediodepago character varying(3) NOT NULL,
    tercero character varying(15) NOT NULL,
    almacenista character varying(15) NOT NULL,
    descuento numeric(20,0) NOT NULL,
    subtotaldescuento19 numeric(20,0) NOT NULL,
    subtotaldescuento5 numeric(20,0) NOT NULL,
    subtotaldescuento0 numeric(20,0) NOT NULL,
    tipo character varying(30) NOT NULL,
    centro character varying(2) NOT NULL
);


ALTER TABLE public.pedido OWNER TO postgres;

--
-- Name: pedidodetalle; Type: TABLE; Schema: public; Owner: postgres
--

CREATE TABLE public.pedidodetalle (
    id character varying(5) NOT NULL,
    codigo character varying(20) NOT NULL,
    fila character(5) NOT NULL,
    cantidad numeric(20,0) NOT NULL,
    precio numeric(20,0) NOT NULL,
    subtotal numeric(20,0) NOT NULL,
    pagina character varying(4) NOT NULL,
    bodega character varying(2) NOT NULL,
    producto character varying(15) NOT NULL,
    descuento numeric(6,0) NOT NULL,
    montodescuento numeric(20,0) NOT NULL,
    sigratis character varying(2) NOT NULL,
    subtotaldescuento numeric(20,0) NOT NULL,
    tipo character varying(30) NOT NULL,
    fecha date NOT NULL
);


ALTER TABLE public.pedidodetalle OWNER TO postgres;

--
-- Name: pedidofacturagasto; Type: TABLE; Schema: public; Owner: postgres
--

CREATE TABLE public.pedidofacturagasto (
    codigo character varying(20),
    fecha date,
    vence date,
    hora character varying(20),
    subtotal19 numeric(20,0),
    subtotal5 numeric(20,0),
    subtotal0 numeric(20,0),
    subtotal numeric(20,0),
    subtotaliva19 numeric(20,0),
    subtotaliva5 numeric(20,0),
    subtotaliva0 numeric(20,0),
    subtotalbase19 numeric(20,0),
    subtotalbase5 numeric(20,0),
    subtotalbase0 numeric(20,0),
    totaliva numeric(20,0),
    total numeric(20,0),
    porcentajeretencionfuente numeric(6,2),
    totalretencionfuente numeric(20,0),
    porcentajeretencionica numeric(6,2),
    totalretencionica numeric(20,0),
    neto numeric(20,0),
    items character varying(6),
    formadepago character varying(2),
    mediodepago character varying(3),
    tercero character varying(15),
    almacenista character varying(15),
    descuento numeric(20,0),
    subtotaldescuento19 numeric(20,0),
    subtotaldescuento5 numeric(20,0),
    subtotaldescuento0 numeric(20,0),
    tipo character varying(30),
    centro character varying(2),
    facturagastocuenta0 character varying(10),
    facturagastonombre0 character varying(50),
    facturagastocuentaretfte character varying(10),
    facturagastonombreretfte character varying(50),
    facturagastocuentaiva character varying(10),
    facturagastonombreiva character varying(50),
    facturagastoporcentajeiva numeric(6,0)
);


ALTER TABLE public.pedidofacturagasto OWNER TO postgres;

--
-- Name: pedidofacturagastodetalle; Type: TABLE; Schema: public; Owner: postgres
--

CREATE TABLE public.pedidofacturagastodetalle (
    id character varying(5),
    codigo character varying(20),
    fila character(5),
    cantidad numeric(20,0),
    precio numeric(20,0),
    subtotal numeric(20,0),
    pagina character varying(4),
    bodega character varying(2),
    nombreservicio character varying(500),
    unidadservicio character varying(6),
    codigoservicio character varying(4),
    descuento numeric(6,0),
    montodescuento numeric(20,0),
    sigratis character varying(2),
    subtotaldescuento numeric(20,0),
    tipo character varying(30),
    fecha date
);


ALTER TABLE public.pedidofacturagastodetalle OWNER TO postgres;

--
-- Name: pedidosoporte; Type: TABLE; Schema: public; Owner: postgres
--

CREATE TABLE public.pedidosoporte (
    codigo character varying(20) NOT NULL,
    fecha date NOT NULL,
    vence date NOT NULL,
    hora character varying(20) NOT NULL,
    subtotal19 numeric(20,0) NOT NULL,
    subtotal5 numeric(20,0) NOT NULL,
    subtotal0 numeric(20,0) NOT NULL,
    subtotal numeric(20,0) NOT NULL,
    subtotaliva19 numeric(20,0) NOT NULL,
    subtotaliva5 numeric(20,0) NOT NULL,
    subtotaliva0 numeric(20,0) NOT NULL,
    subtotalbase19 numeric(20,0) NOT NULL,
    subtotalbase5 numeric(20,0) NOT NULL,
    subtotalbase0 numeric(20,0) NOT NULL,
    totaliva numeric(20,0) NOT NULL,
    total numeric(20,0) NOT NULL,
    porcentajeretencionfuente numeric(6,2) NOT NULL,
    totalretencionfuente numeric(20,0) NOT NULL,
    porcentajeretencionica numeric(6,2) NOT NULL,
    totalretencionica numeric(20,0) NOT NULL,
    neto numeric(20,0) NOT NULL,
    items character varying(6) NOT NULL,
    formadepago character varying(2) NOT NULL,
    mediodepago character varying(3) NOT NULL,
    tercero character varying(15) NOT NULL,
    almacenista character varying(15) NOT NULL,
    descuento numeric(20,0) NOT NULL,
    subtotaldescuento19 numeric(20,0) NOT NULL,
    subtotaldescuento5 numeric(20,0) NOT NULL,
    subtotaldescuento0 numeric(20,0) NOT NULL,
    tipo character varying(30) NOT NULL,
    centro character varying(2) NOT NULL
);


ALTER TABLE public.pedidosoporte OWNER TO postgres;

--
-- Name: pedidosoportedetalle; Type: TABLE; Schema: public; Owner: postgres
--

CREATE TABLE public.pedidosoportedetalle (
    id character varying(5) NOT NULL,
    codigo character varying(20) NOT NULL,
    fila character(5) NOT NULL,
    cantidad numeric(20,0) NOT NULL,
    precio numeric(20,0) NOT NULL,
    subtotal numeric(20,0) NOT NULL,
    pagina character varying(4) NOT NULL,
    bodega character varying(2) NOT NULL,
    producto character varying(15) NOT NULL,
    descuento numeric(6,0) NOT NULL,
    montodescuento numeric(20,0) NOT NULL,
    sigratis character varying(2) NOT NULL,
    subtotaldescuento numeric(20,0) NOT NULL,
    tipo character varying(30) NOT NULL,
    fecha date NOT NULL
);


ALTER TABLE public.pedidosoportedetalle OWNER TO postgres;

--
-- Name: pedidosoporteservicio; Type: TABLE; Schema: public; Owner: postgres
--

CREATE TABLE public.pedidosoporteservicio (
    codigo character varying(20) NOT NULL,
    fecha date NOT NULL,
    vence date NOT NULL,
    hora character varying(20) NOT NULL,
    subtotal19 numeric(20,0) NOT NULL,
    subtotal5 numeric(20,0) NOT NULL,
    subtotal0 numeric(20,0) NOT NULL,
    subtotal numeric(20,0) NOT NULL,
    subtotaliva19 numeric(20,0) NOT NULL,
    subtotaliva5 numeric(20,0) NOT NULL,
    subtotaliva0 numeric(20,0) NOT NULL,
    subtotalbase19 numeric(20,0) NOT NULL,
    subtotalbase5 numeric(20,0) NOT NULL,
    subtotalbase0 numeric(20,0) NOT NULL,
    totaliva numeric(20,0) NOT NULL,
    total numeric(20,0) NOT NULL,
    porcentajeretencionfuente numeric(6,2) NOT NULL,
    totalretencionfuente numeric(20,0) NOT NULL,
    porcentajeretencionica numeric(6,2) NOT NULL,
    totalretencionica numeric(20,0) NOT NULL,
    neto numeric(20,0) NOT NULL,
    items character varying(6) NOT NULL,
    formadepago character varying(2) NOT NULL,
    mediodepago character varying(3) NOT NULL,
    tercero character varying(15) NOT NULL,
    almacenista character varying(15) NOT NULL,
    descuento numeric(20,0) NOT NULL,
    subtotaldescuento19 numeric(20,0) NOT NULL,
    subtotaldescuento5 numeric(20,0) NOT NULL,
    subtotaldescuento0 numeric(20,0) NOT NULL,
    tipo character varying(30) NOT NULL,
    centro character varying(2) NOT NULL,
    pedidosoporteserviciocuenta0 character varying(10),
    pedidosoporteservicionombre0 character varying(50),
    pedidosoporteserviciocuentaretfte character varying(10),
    pedidosoporteservicionombreretfte character varying(50)
);


ALTER TABLE public.pedidosoporteservicio OWNER TO postgres;

--
-- Name: pedidosoporteserviciodetalle; Type: TABLE; Schema: public; Owner: postgres
--

CREATE TABLE public.pedidosoporteserviciodetalle (
    id character varying(5) NOT NULL,
    codigo character varying(20) NOT NULL,
    fila character(5) NOT NULL,
    cantidad numeric(20,0) NOT NULL,
    precio numeric(20,0) NOT NULL,
    subtotal numeric(20,0) NOT NULL,
    pagina character varying(4) NOT NULL,
    bodega character varying(2) NOT NULL,
    nombreservicio character varying(500) NOT NULL,
    unidadservicio character varying(6) NOT NULL,
    codigoservicio character varying(4) NOT NULL,
    descuento numeric(6,0) NOT NULL,
    montodescuento numeric(20,0) NOT NULL,
    sigratis character varying(2) NOT NULL,
    subtotaldescuento numeric(20,0) NOT NULL,
    tipo character varying(30) NOT NULL,
    fecha date NOT NULL
);


ALTER TABLE public.pedidosoporteserviciodetalle OWNER TO postgres;

--
-- Name: periodo; Type: TABLE; Schema: public; Owner: postgres
--

CREATE TABLE public.periodo (
    codigo character varying(5) NOT NULL,
    anualidad character varying(4),
    activo character varying(2)
);


ALTER TABLE public.periodo OWNER TO postgres;

--
-- Name: plandecuentaempresa; Type: TABLE; Schema: public; Owner: postgres
--

CREATE TABLE public.plandecuentaempresa (
    codigo character varying(10) NOT NULL,
    nombre character varying(80) NOT NULL,
    auto character varying(5) NOT NULL,
    nivel character varying(1) NOT NULL,
    tercero character varying(2) NOT NULL,
    centro character varying(2) NOT NULL,
    factura character varying(2) NOT NULL,
    financiero character varying(3) NOT NULL,
    contra character varying(8) NOT NULL,
    interes character varying(2) NOT NULL,
    cuota character varying(2) NOT NULL,
    cuentaintereses character varying(10) NOT NULL,
    tipo character varying(6) NOT NULL,
    grupo character varying(2) NOT NULL,
    contranombre character varying(80) NOT NULL,
    nombreintereses character varying(80) NOT NULL
);


ALTER TABLE public.plandecuentaempresa OWNER TO postgres;

--
-- Name: plandecuentaniif; Type: TABLE; Schema: public; Owner: postgres
--

CREATE TABLE public.plandecuentaniif (
    codigo character varying(8) NOT NULL,
    nombre character varying(120) NOT NULL,
    nivel character varying(1) NOT NULL
);


ALTER TABLE public.plandecuentaniif OWNER TO postgres;

--
-- Name: plandecuentapuc; Type: TABLE; Schema: public; Owner: postgres
--

CREATE TABLE public.plandecuentapuc (
    codigo character varying(8) NOT NULL,
    nombre character varying(120) NOT NULL,
    nivel character varying(1) NOT NULL
);


ALTER TABLE public.plandecuentapuc OWNER TO postgres;

--
-- Name: producto; Type: TABLE; Schema: public; Owner: postgres
--

CREATE TABLE public.producto (
    codigo character varying(20) NOT NULL,
    nombre character varying(100) NOT NULL,
    unidad character varying(12) NOT NULL,
    iva numeric(6,0) NOT NULL,
    tipo character varying(10) NOT NULL,
    precio numeric(20,0) NOT NULL,
    costo numeric(20,2) NOT NULL,
    cantidad numeric(20,2) NOT NULL,
    total numeric(20,2) NOT NULL,
    subgrupo character varying(4) NOT NULL,
    utilidad numeric(20,2),
    subgruponombre character varying(40)
);


ALTER TABLE public.producto OWNER TO postgres;

--
-- Name: propiedad; Type: TABLE; Schema: public; Owner: postgres
--

CREATE TABLE public.propiedad (
    codigo character varying(10),
    nombre character varying(50),
    cuenta character varying(10),
    ubicacion character varying(50),
    fecha date,
    valor numeric(20,0),
    vresidual numeric(20,0),
    vidautil numeric(4,0),
    totalmes numeric(20,0),
    acumulado numeric(20,0),
    saldo numeric(20,0),
    cuentagasto character varying(10),
    cuentacontra character varying(20),
    centro character varying(4),
    inicia date,
    tercero character varying(15),
    terceronombre character varying(100),
    libros character varying(20)
);


ALTER TABLE public.propiedad OWNER TO postgres;

--
-- Name: regimenfiscal; Type: TABLE; Schema: public; Owner: postgres
--

CREATE TABLE public.regimenfiscal (
    codigo character varying(2) NOT NULL,
    nombre character varying(100) NOT NULL
);


ALTER TABLE public.regimenfiscal OWNER TO postgres;

--
-- Name: residente; Type: TABLE; Schema: public; Owner: postgres
--

CREATE TABLE public.residente (
    codigo character varying(5) NOT NULL,
    nombre character varying(100),
    juridica character varying(120),
    primernombre character varying(60),
    segundonombre character varying(60),
    primerapellido character varying(60),
    segundoapellido character varying(60),
    direccion character varying(80),
    telefono1 character varying(20),
    telefono2 character varying(20),
    email1 character varying(100),
    email2 character varying(100),
    contacto character varying(60),
    descuento1 character varying(12),
    descuento2 character varying(12),
    cuotap character varying(12),
    cuota1 character varying(12),
    cuota2 character varying(12),
    area character varying(6),
    coeficiente character varying(5),
    matricula character varying(20),
    catastral character varying(20),
    ciudad character varying(5),
    nit character varying(15),
    dv character varying(1),
    ciudadexpedicion character varying(5),
    fechaexpedicion date,
    ciudadnacimiento character varying(5),
    fechanacimiento date
);


ALTER TABLE public.residente OWNER TO postgres;

--
-- Name: resolucionnomina; Type: TABLE; Schema: public; Owner: postgres
--

CREATE TABLE public.resolucionnomina (
    codigo character varying(2),
    numero character varying(20),
    prefijo character varying(4),
    tipo character varying(20),
    local character varying(50),
    direccion character varying(50),
    telefono character varying(20),
    informe character varying(50),
    fechainicial timestamp without time zone,
    fechafinal timestamp without time zone,
    numeroinicial character varying(50),
    numerofinal character varying(50),
    numeroactual character varying(50),
    ciudad character varying(5),
    clavetecnica character varying(200),
    idesoftware character varying(200),
    testid character varying(200),
    pin character varying(20),
    ambiente character varying(1)
);


ALTER TABLE public.resolucionnomina OWNER TO postgres;

--
-- Name: resolucionsoporte; Type: TABLE; Schema: public; Owner: postgres
--

CREATE TABLE public.resolucionsoporte (
    codigo character varying(2) NOT NULL,
    numero character varying(20) NOT NULL,
    prefijo character varying(4) NOT NULL,
    tipo character varying(20) NOT NULL,
    local character varying(50) NOT NULL,
    direccion character varying(50) NOT NULL,
    telefono character varying(20) NOT NULL,
    informe character varying(50) NOT NULL,
    fechainicial date NOT NULL,
    fechafinal date NOT NULL,
    numeroinicial character varying(50) NOT NULL,
    numerofinal character varying(50) NOT NULL,
    numeroactual character varying(50) NOT NULL,
    ciudad character varying(5) NOT NULL,
    clavetecnica character varying(200) NOT NULL,
    idesoftware character varying(200) NOT NULL,
    testid character varying(200) NOT NULL,
    pin character varying(20) NOT NULL,
    ambiente character varying(1) NOT NULL
);


ALTER TABLE public.resolucionsoporte OWNER TO postgres;

--
-- Name: resolucionventa; Type: TABLE; Schema: public; Owner: postgres
--

CREATE TABLE public.resolucionventa (
    codigo character varying(2) NOT NULL,
    numero character varying(20) NOT NULL,
    prefijo character varying(4) NOT NULL,
    tipo character varying(20) NOT NULL,
    local character varying(50) NOT NULL,
    direccion character varying(50) NOT NULL,
    telefono character varying(20) NOT NULL,
    informe character varying(50) NOT NULL,
    fechainicial timestamp without time zone NOT NULL,
    fechafinal timestamp without time zone NOT NULL,
    numeroinicial character varying(50) NOT NULL,
    numerofinal character varying(50) NOT NULL,
    numeroactual character varying(50) NOT NULL,
    ciudad character varying(5) NOT NULL,
    clavetecnica character varying(200) NOT NULL,
    idesoftware character varying(200) NOT NULL,
    testid character varying(200) NOT NULL,
    pin character varying(20) NOT NULL,
    ambiente character varying(1) NOT NULL
);


ALTER TABLE public.resolucionventa OWNER TO postgres;

--
-- Name: responsabilidadfiscal; Type: TABLE; Schema: public; Owner: postgres
--

CREATE TABLE public.responsabilidadfiscal (
    codigo character varying(10) NOT NULL,
    nombre character varying(100) NOT NULL
);


ALTER TABLE public.responsabilidadfiscal OWNER TO postgres;

--
-- Name: retencionenlafuente; Type: TABLE; Schema: public; Owner: postgres
--

CREATE TABLE public.retencionenlafuente (
    codigo character varying(2) NOT NULL,
    nombre character varying(120) NOT NULL,
    valor character varying(20) NOT NULL,
    porcentaje character varying(10) NOT NULL
);


ALTER TABLE public.retencionenlafuente OWNER TO postgres;

--
-- Name: saldo; Type: TABLE; Schema: public; Owner: postgres
--

CREATE TABLE public.saldo (
    bodega character varying(2),
    producto character varying(40),
    cantidad numeric(10,0)
);


ALTER TABLE public.saldo OWNER TO postgres;

--
-- Name: soporte; Type: TABLE; Schema: public; Owner: postgres
--

CREATE TABLE public.soporte (
    resolucionsoporte character varying(2) NOT NULL,
    codigo character varying(20) NOT NULL,
    fecha date NOT NULL,
    vence date NOT NULL,
    hora character varying(20) NOT NULL,
    subtotal19 numeric(20,0) NOT NULL,
    subtotal5 numeric(20,0) NOT NULL,
    subtotal0 numeric(20,0) NOT NULL,
    subtotal numeric(20,0) NOT NULL,
    subtotaliva19 numeric(20,0) NOT NULL,
    subtotaliva5 numeric(20,0) NOT NULL,
    subtotaliva0 numeric(20,0) NOT NULL,
    subtotalbase19 numeric(20,0) NOT NULL,
    subtotalbase5 numeric(20,0) NOT NULL,
    subtotalbase0 numeric(20,0) NOT NULL,
    totaliva numeric(20,0) NOT NULL,
    total numeric(20,0) NOT NULL,
    porcentajeretencionfuente numeric(6,2) NOT NULL,
    totalretencionfuente numeric(20,0) NOT NULL,
    porcentajeretencionica numeric(6,2) NOT NULL,
    totalretencionica numeric(20,0) NOT NULL,
    neto numeric(20,0) NOT NULL,
    items character varying(6) NOT NULL,
    formadepago character varying(2) NOT NULL,
    mediodepago character varying(3) NOT NULL,
    tercero character varying(15) NOT NULL,
    almacenista character varying(15) NOT NULL,
    descuento numeric(20,0) NOT NULL,
    subtotaldescuento19 numeric(20,0) NOT NULL,
    subtotaldescuento5 numeric(20,0) NOT NULL,
    subtotaldescuento0 numeric(20,0) NOT NULL,
    pedidosoporte character varying(20) NOT NULL,
    tipo character varying(30) NOT NULL,
    centro character varying(2) NOT NULL
);


ALTER TABLE public.soporte OWNER TO postgres;

--
-- Name: soportedetalle; Type: TABLE; Schema: public; Owner: postgres
--

CREATE TABLE public.soportedetalle (
    id character varying(5) NOT NULL,
    codigo character varying(20) NOT NULL,
    fila character(5) NOT NULL,
    cantidad numeric(20,0) NOT NULL,
    precio numeric(20,0) NOT NULL,
    subtotal numeric(20,0) NOT NULL,
    pagina character varying(4) NOT NULL,
    bodega character varying(2) NOT NULL,
    descuento numeric(6,0) NOT NULL,
    montodescuento numeric(20,0) NOT NULL,
    sigratis character varying(2) NOT NULL,
    subtotaldescuento numeric(20,0) NOT NULL,
    tipo character varying(30) NOT NULL,
    fecha date NOT NULL,
    producto character varying(40)
);


ALTER TABLE public.soportedetalle OWNER TO postgres;

--
-- Name: soporteservicio; Type: TABLE; Schema: public; Owner: postgres
--

CREATE TABLE public.soporteservicio (
    resolucionsoporte character varying(2) NOT NULL,
    codigo character varying(20) NOT NULL,
    fecha date NOT NULL,
    vence date NOT NULL,
    hora character varying(20) NOT NULL,
    subtotal19 numeric(20,0) NOT NULL,
    subtotal5 numeric(20,0) NOT NULL,
    subtotal0 numeric(20,0) NOT NULL,
    subtotal numeric(20,0) NOT NULL,
    subtotaliva19 numeric(20,0) NOT NULL,
    subtotaliva5 numeric(20,0) NOT NULL,
    subtotaliva0 numeric(20,0) NOT NULL,
    subtotalbase19 numeric(20,0) NOT NULL,
    subtotalbase5 numeric(20,0) NOT NULL,
    subtotalbase0 numeric(20,0) NOT NULL,
    totaliva numeric(20,0) NOT NULL,
    total numeric(20,0) NOT NULL,
    porcentajeretencionfuente numeric(6,2) NOT NULL,
    totalretencionfuente numeric(20,0) NOT NULL,
    porcentajeretencionica numeric(6,2) NOT NULL,
    totalretencionica numeric(20,0) NOT NULL,
    neto numeric(20,0) NOT NULL,
    items character varying(6) NOT NULL,
    formadepago character varying(2) NOT NULL,
    mediodepago character varying(3) NOT NULL,
    tercero character varying(15) NOT NULL,
    almacenista character varying(15) NOT NULL,
    descuento numeric(20,0) NOT NULL,
    subtotaldescuento19 numeric(20,0) NOT NULL,
    subtotaldescuento5 numeric(20,0) NOT NULL,
    subtotaldescuento0 numeric(20,0) NOT NULL,
    pedidosoporteservicio character varying(20) NOT NULL,
    tipo character varying(30) NOT NULL,
    centro character varying(2) NOT NULL,
    soporteserviciocuenta0 character varying(10),
    soporteservicionombre0 character varying(50),
    soporteserviciocuentaretfte character varying(10),
    soporteservicionombreretfte character varying(50)
);


ALTER TABLE public.soporteservicio OWNER TO postgres;

--
-- Name: soporteserviciodetalle; Type: TABLE; Schema: public; Owner: postgres
--

CREATE TABLE public.soporteserviciodetalle (
    id character varying(5) NOT NULL,
    codigo character varying(20) NOT NULL,
    fila character(5) NOT NULL,
    cantidad numeric(20,0) NOT NULL,
    precio numeric(20,0) NOT NULL,
    subtotal numeric(20,0) NOT NULL,
    pagina character varying(4) NOT NULL,
    bodega character varying(2) NOT NULL,
    nombreservicio character varying(500) NOT NULL,
    unidadservicio character varying(6) NOT NULL,
    codigoservicio character varying(4) NOT NULL,
    descuento numeric(6,0) NOT NULL,
    montodescuento numeric(20,0) NOT NULL,
    sigratis character varying(2) NOT NULL,
    subtotaldescuento numeric(20,0) NOT NULL,
    tipo character varying(30) NOT NULL,
    fecha date NOT NULL
);


ALTER TABLE public.soporteserviciodetalle OWNER TO postgres;

--
-- Name: subgrupo; Type: TABLE; Schema: public; Owner: postgres
--

CREATE TABLE public.subgrupo (
    codigo character varying(4) NOT NULL,
    nombre character varying(50) NOT NULL,
    grupo character varying(2) NOT NULL
);


ALTER TABLE public.subgrupo OWNER TO postgres;

--
-- Name: tareas; Type: TABLE; Schema: public; Owner: postgres
--

CREATE TABLE public.tareas (
    id integer NOT NULL,
    titulo character varying(80),
    descripcion character varying(200),
    estado character varying(30)
);


ALTER TABLE public.tareas OWNER TO postgres;

--
-- Name: tareas_id_seq; Type: SEQUENCE; Schema: public; Owner: postgres
--

CREATE SEQUENCE public.tareas_id_seq
    AS integer
    START WITH 1
    INCREMENT BY 1
    NO MINVALUE
    NO MAXVALUE
    CACHE 1;


ALTER TABLE public.tareas_id_seq OWNER TO postgres;

--
-- Name: tareas_id_seq; Type: SEQUENCE OWNED BY; Schema: public; Owner: postgres
--

ALTER SEQUENCE public.tareas_id_seq OWNED BY public.tareas.id;


--
-- Name: tercero; Type: TABLE; Schema: public; Owner: postgres
--

CREATE TABLE public.tercero (
    codigo character varying(15) NOT NULL,
    dv character varying(1) NOT NULL,
    nombre character varying(100),
    juridica character varying(120) NOT NULL,
    primernombre character varying(60) NOT NULL,
    segundonombre character varying(60) NOT NULL,
    primerapellido character varying(60) NOT NULL,
    segundoapellido character varying(60) NOT NULL,
    direccion character varying(80) NOT NULL,
    barrio character varying(60) NOT NULL,
    telefono1 character varying(20) NOT NULL,
    telefono2 character varying(20) NOT NULL,
    email1 character varying(100) NOT NULL,
    email2 character varying(100) NOT NULL,
    contacto character varying(60) NOT NULL,
    rut character varying(2) NOT NULL,
    banco character varying(20) NOT NULL,
    ciudad character varying(5) NOT NULL,
    documento character varying(2) NOT NULL,
    fiscal character varying(10) NOT NULL,
    regimen character varying(2) NOT NULL,
    tipo character varying(1) NOT NULL,
    ica character varying(4) NOT NULL
);


ALTER TABLE public.tercero OWNER TO postgres;

--
-- Name: tipoorganizacion; Type: TABLE; Schema: public; Owner: postgres
--

CREATE TABLE public.tipoorganizacion (
    codigo character varying(1) NOT NULL,
    nombre character varying(100) NOT NULL
);


ALTER TABLE public.tipoorganizacion OWNER TO postgres;

--
-- Name: tipopersona; Type: TABLE; Schema: public; Owner: postgres
--

CREATE TABLE public.tipopersona (
    codigo character varying(1),
    nombre character varying(100)
);


ALTER TABLE public.tipopersona OWNER TO postgres;

--
-- Name: traslado; Type: TABLE; Schema: public; Owner: postgres
--

CREATE TABLE public.traslado (
    codigo character varying(20) NOT NULL,
    fecha date NOT NULL,
    items character varying(6) NOT NULL,
    almacenista character varying(15) NOT NULL,
    tipo character varying(30) NOT NULL
);


ALTER TABLE public.traslado OWNER TO postgres;

--
-- Name: trasladodetalle; Type: TABLE; Schema: public; Owner: postgres
--

CREATE TABLE public.trasladodetalle (
    id character varying(5) NOT NULL,
    codigo character varying(20) NOT NULL,
    fila character(5) NOT NULL,
    bodega character varying(2) NOT NULL,
    producto character varying(15) NOT NULL,
    tipo character varying(30) NOT NULL,
    fecha date NOT NULL,
    entra numeric(20,0),
    sale numeric(20,0)
);


ALTER TABLE public.trasladodetalle OWNER TO postgres;

--
-- Name: unidaddemedida; Type: TABLE; Schema: public; Owner: postgres
--

CREATE TABLE public.unidaddemedida (
    codigo character varying(8) NOT NULL,
    nombre character varying(50) NOT NULL
);


ALTER TABLE public.unidaddemedida OWNER TO postgres;

--
-- Name: usuario; Type: TABLE; Schema: public; Owner: postgres
--

CREATE TABLE public.usuario (
    codigo character varying(15) NOT NULL,
    dv character varying(1) NOT NULL,
    nombre character varying(100),
    tipo character varying(50) NOT NULL,
    clave2 character varying(15) NOT NULL,
    clave1 character varying(15) NOT NULL,
    email1 character varying(100) NOT NULL,
    email2 character varying(100) NOT NULL
);


ALTER TABLE public.usuario OWNER TO postgres;

--
-- Name: vendedor; Type: TABLE; Schema: public; Owner: postgres
--

CREATE TABLE public.vendedor (
    codigo character varying(15) NOT NULL,
    nombre character varying(100),
    comision character varying(5) NOT NULL
);


ALTER TABLE public.vendedor OWNER TO postgres;

--
-- Name: venta; Type: TABLE; Schema: public; Owner: postgres
--

CREATE TABLE public.venta (
    codigo character varying(20) NOT NULL,
    fecha date NOT NULL,
    vence date NOT NULL,
    hora character varying(20) NOT NULL,
    subtotal19 numeric(20,0) NOT NULL,
    subtotal5 numeric(20,0) NOT NULL,
    subtotal0 numeric(20,0) NOT NULL,
    subtotal numeric(20,0) NOT NULL,
    subtotaliva19 numeric(20,0) NOT NULL,
    subtotaliva5 numeric(20,0) NOT NULL,
    subtotaliva0 numeric(20,0) NOT NULL,
    subtotalbase19 numeric(20,0) NOT NULL,
    subtotalbase5 numeric(20,0) NOT NULL,
    subtotalbase0 numeric(20,0) NOT NULL,
    totaliva numeric(20,0) NOT NULL,
    ret2201 numeric(20,0) NOT NULL,
    total numeric(20,0) NOT NULL,
    neto numeric(20,0) NOT NULL,
    items character varying(6) NOT NULL,
    formadepago character varying(2) NOT NULL,
    mediodepago character varying(3) NOT NULL,
    tercero character varying(15) NOT NULL,
    vendedor character varying(15) NOT NULL,
    descuento numeric(20,0) NOT NULL,
    subtotaldescuento19 numeric(20,0) NOT NULL,
    subtotaldescuento5 numeric(20,0) NOT NULL,
    subtotaldescuento0 numeric(20,0) NOT NULL,
    resolucion character varying(2) NOT NULL,
    cotizacion character varying(20) NOT NULL,
    tipo character varying(30) NOT NULL,
    centro character varying(2) NOT NULL
);


ALTER TABLE public.venta OWNER TO postgres;

--
-- Name: ventadetalle; Type: TABLE; Schema: public; Owner: postgres
--

CREATE TABLE public.ventadetalle (
    id character varying(5) NOT NULL,
    codigo character varying(20) NOT NULL,
    fila character(5) NOT NULL,
    cantidad numeric(20,0) NOT NULL,
    precio numeric(20,0) NOT NULL,
    subtotal numeric(20,0) NOT NULL,
    pagina character varying(4) NOT NULL,
    bodega character varying(2) NOT NULL,
    producto character varying(15) NOT NULL,
    descuento numeric(6,0) NOT NULL,
    montodescuento numeric(20,0) NOT NULL,
    sigratis character varying(2) NOT NULL,
    subtotaldescuento numeric(20,0) NOT NULL,
    tipo character varying(30) NOT NULL,
    fecha date NOT NULL
);


ALTER TABLE public.ventadetalle OWNER TO postgres;

--
-- Name: ventaservicio; Type: TABLE; Schema: public; Owner: postgres
--

CREATE TABLE public.ventaservicio (
    codigo character varying(20) NOT NULL,
    fecha date NOT NULL,
    vence date NOT NULL,
    hora character varying(20) NOT NULL,
    subtotal19 numeric(20,0) NOT NULL,
    subtotal5 numeric(20,0) NOT NULL,
    subtotal0 numeric(20,0) NOT NULL,
    subtotal numeric(20,0) NOT NULL,
    subtotaliva19 numeric(20,0) NOT NULL,
    subtotaliva5 numeric(20,0) NOT NULL,
    subtotaliva0 numeric(20,0) NOT NULL,
    subtotalbase19 numeric(20,0) NOT NULL,
    subtotalbase5 numeric(20,0) NOT NULL,
    subtotalbase0 numeric(20,0) NOT NULL,
    totaliva numeric(20,0) NOT NULL,
    ret2201 numeric(20,0) NOT NULL,
    total numeric(20,0) NOT NULL,
    neto numeric(20,0) NOT NULL,
    items character varying(6) NOT NULL,
    formadepago character varying(2) NOT NULL,
    mediodepago character varying(3) NOT NULL,
    tercero character varying(15) NOT NULL,
    vendedor character varying(15) NOT NULL,
    descuento numeric(20,0) NOT NULL,
    subtotaldescuento19 numeric(20,0) NOT NULL,
    subtotaldescuento5 numeric(20,0) NOT NULL,
    subtotaldescuento0 numeric(20,0) NOT NULL,
    resolucion character varying(2) NOT NULL,
    cotizacionservicio character varying(20) NOT NULL,
    tipo character varying(30) NOT NULL,
    centro character varying(2) NOT NULL
);


ALTER TABLE public.ventaservicio OWNER TO postgres;

--
-- Name: ventaserviciodetalle; Type: TABLE; Schema: public; Owner: postgres
--

CREATE TABLE public.ventaserviciodetalle (
    id character varying(5) NOT NULL,
    codigo character varying(20) NOT NULL,
    fila character(5) NOT NULL,
    cantidad numeric(20,0) NOT NULL,
    precio numeric(20,0) NOT NULL,
    subtotal numeric(20,0) NOT NULL,
    pagina character varying(4) NOT NULL,
    nombreservicio character varying(500) NOT NULL,
    unidadservicio character varying(6) NOT NULL,
    codigoservicio character varying(4) NOT NULL,
    ivaservicio numeric(2,0) NOT NULL,
    descuento numeric(6,0) NOT NULL,
    montodescuento numeric(20,0) NOT NULL,
    sigratis character varying(2) NOT NULL,
    subtotaldescuento numeric(20,0) NOT NULL,
    tipo character varying(30) NOT NULL,
    fecha date NOT NULL
);


ALTER TABLE public.ventaserviciodetalle OWNER TO postgres;

--
-- Name: tareas id; Type: DEFAULT; Schema: public; Owner: postgres
--

ALTER TABLE ONLY public.tareas ALTER COLUMN id SET DEFAULT nextval('public.tareas_id_seq'::regclass);


--
-- Data for Name: almacenista; Type: TABLE DATA; Schema: public; Owner: postgres
--

COPY public.almacenista (nombre, codigo) FROM stdin;
Pedro  Manuel  Garnica Herrera	19337558
\.


--
-- Data for Name: bodega; Type: TABLE DATA; Schema: public; Owner: postgres
--

COPY public.bodega (codigo, nombre) FROM stdin;
\.


--
-- Data for Name: cargo; Type: TABLE DATA; Schema: public; Owner: postgres
--

COPY public.cargo (codigo, nombre) FROM stdin;
\.


--
-- Data for Name: centro; Type: TABLE DATA; Schema: public; Owner: postgres
--

COPY public.centro (codigo, nombre) FROM stdin;
1	Almacen Principal
\.


--
-- Data for Name: ciudad; Type: TABLE DATA; Schema: public; Owner: postgres
--

COPY public.ciudad (codigo, codigociudad, codigodepartamento, nombre, nombreciudad, nombredepartamento) FROM stdin;
41006	006	41	Acevedo-HUILA 	Acevedo 	Huila 
41013	013	41	Agrado-HUILA 	Agrado 	Huila 
76243	243	76	El guila-VALLE DEL CAUCA 	El guila 	Valle del Cauca 
20011	011	20	Aguachica-CESAR 	Aguachica 	Cesar 
68013	013	68	Aguada-SANTANDER 	Aguada 	Santander 
17013	013	17	Aguadas-CALDAS 	Aguadas 	Caldas 
85010	010	85	Aguazul-CASANARE 	Aguazul 	Casanare 
15720	720	15	Sativanorte-BOYAC 	Sativanorte 	Boyac 
41016	016	41	Aipe-HUILA 	Aipe 	Huila 
44035	035	44	Albania-LA GUAJIRA 	Albania 	La Guajira 
68020	020	68	Albania-SANTANDER 	Albania 	Santander 
47030	030	47	Algarrobo-MAGDALENA 	Algarrobo 	Magdalena 
41020	020	41	Algeciras-HUILA 	Algeciras 	Huila 
19022	022	19	Almaguer-CAUCA 	Almaguer 	Cauca 
73024	024	73	Alpujarra-TOLIMA 	Alpujarra 	Tolima 
41026	026	41	Altamira-HUILA 	Altamira 	Huila 
05665	665	05	San Pedro De Urab-ANTIOQUIA 	San Pedro de Urab 	Antioquia 
52788	788	52	Tangua-NARIO 	Tangua 	Nario 
73026	026	73	Alvarado-TOLIMA 	Alvarado 	Tolima 
05031	031	05	Amalfi-ANTIOQUIA 	Amalfi 	Antioquia 
73030	030	73	Ambalema-TOLIMA 	Ambalema 	Tolima 
25035	035	25	Anapoima-CUNDINAMARCA 	Anapoima 	Cundinamarca 
05034	034	05	Andes-ANTIOQUIA 	Andes 	Antioquia 
05038	038	05	Angostura-ANTIOQUIA 	Angostura 	Antioquia 
25040	040	25	Anolaima-CUNDINAMARCA 	Anolaima 	Cundinamarca 
17042	042	17	Anserma-CALDAS 	Anserma 	Caldas 
76041	041	76	Ansermanuevo-VALLE DEL CAUCA 	Ansermanuevo 	Valle del Cauca 
25599	599	25	Apulo-CUNDINAMARCA 	Apulo 	Cundinamarca 
47053	053	47	Aracataca-MAGDALENA 	Aracataca 	Magdalena 
17050	050	17	Aranzazu-CALDAS 	Aranzazu 	Caldas 
68051	051	68	Aratoca-SANTANDER 	Aratoca 	Santander 
81001	001	81	Arauca-ARAUCA 	Arauca 	Arauca 
81065	065	81	Arauquita-ARAUCA 	Arauquita 	Arauca 
54051	051	54	Arboledas-NORTE DE SANTANDER 	Arboledas 	Norte de Santander 
05051	051	05	Arboletes-ANTIOQUIA 	Arboletes 	Antioquia 
05055	055	05	Argelia-ANTIOQUIA 	Argelia 	Antioquia 
19050	050	19	Argelia-CAUCA 	Argelia 	Cauca 
76054	054	76	Argelia-VALLE DEL CAUCA 	Argelia 	Valle del Cauca 
05059	059	05	Armenia-ANTIOQUIA 	Armenia 	Antioquia 
63001	001	63	Armenia-QUINDIO 	Armenia 	Quindio 
52435	435	52	Mallama-NARIO 	Mallama 	Nario 
20032	032	20	Astrea-CESAR 	Astrea 	Cesar 
73067	067	73	Ataco-TOLIMA 	Ataco 	Tolima 
27787	787	27	Tad-CHOC 	Tad 	Choc 
15755	755	15	Socot-BOYAC 	Socot 	Boyac 
19075	075	19	Balboa-CAUCA 	Balboa 	Cauca 
66075	075	66	Balboa-RISARALDA 	Balboa 	Risaralda 
41078	078	41	Baraya-HUILA 	Baraya 	Huila 
15690	690	15	Santa Mara-BOYAC 	Santa Mara 	Boyac 
18479	479	18	Morelia-CAQUET 	Morelia 	Caquet 
18256	256	18	El Paujl-CAQUET 	El Paujl 	Caquet 
15097	097	15	Boavita-BOYAC 	Boavita 	Boyac 
15104	104	15	Boyac-BOYAC 	Boyac 	Boyac 
15762	762	15	Sora-BOYAC 	Sora 	Boyac 
15776	776	15	Sutamarchn-BOYAC 	Sutamarchn 	Boyac 
47720	720	47	Santa Brbara De Pinto-MAGDALENA 	Santa Brbara de Pinto 	Magdalena 
13655	655	13	San Jacinto Del Cauca-BOLVAR 	San Jacinto del Cauca 	Bolvar 
15296	296	15	Gmeza-BOYAC 	Gmeza 	Boyac 
27745	745	27	Sip-CHOC 	Sip 	Choc 
17873	873	17	Villamara-CALDAS 	Villamara 	Caldas 
05658	658	05	San Jos La Montaa-ANTIOQUIA 	San Jos la Montaa 	Antioquia 
18756	756	18	Solano-CAQUET 	Solano 	Caquet 
05647	647	05	San Andrs De Cuerqua-ANTIOQUIA 	San Andrs de Cuerqua 	Antioquia 
20443	443	20	Manaure Balcn Del Cesar-CESAR 	Manaure Balcn del Cesar 	Cesar 
17088	088	17	Belalczar-CALDAS 	Belalczar 	Caldas 
52215	215	52	Crdoba-NARIO 	Crdoba 	Nario 
18029	029	18	Albania-CAQUET 	Albania 	Caquet 
70670	670	70	Sampus-SUCRE 	Sampus 	Sucre 
47268	268	47	El Retn-MAGDALENA 	El Retn 	Magdalena 
23682	682	23	San Jos De Ur-CRDOBA 	San Jos de Ur 	Crdoba 
19418	418	19	Lpez De Micay-CAUCA 	Lpez de Micay 	Cauca 
54810	810	54	Tib-NORTE DE SANTANDER 	Tib 	Norte de Santander 
15514	514	15	Pez-BOYAC 	Pez 	Boyac 
13430	430	13	Magangu-BOLVAR 	Magangu 	Bolvar 
68229	229	68	Curit-SANTANDER 	Curit 	Santander 
99624	624	99	Santa Rosala-VICHADA 	Santa Rosala 	Vichada 
97666	666	97	Taraira-VAUPS 	Taraira 	Vaups 
47288	288	47	Fundacin-MAGDALENA 	Fundacin 	Magdalena 
54174	174	54	Chitag-NORTE DE SANTANDER 	Chitag 	Norte de Santander 
05079	079	05	Barbosa-ANTIOQUIA 	Barbosa 	Antioquia 
68077	077	68	Barbosa-SANTANDER 	Barbosa 	Santander 
68079	079	68	Barichara-SANTANDER 	Barichara 	Santander 
73001	001	73	Ibagu-TOLIMA 	Ibagu 	Tolima 
68081	081	68	Barrancabermeja-SANTANDER 	Barrancabermeja 	Santander 
44078	078	44	Barrancas-LA GUAJIRA 	Barrancas 	La Guajira 
23300	300	23	Cotorra-CRDOBA 	Cotorra 	Crdoba 
08758	758	08	Soledad-ATLNTICO 	Soledad 	Atlntico 
20045	045	20	Becerril-CESAR 	Becerril 	Cesar 
05172	172	05	Chigorod-ANTIOQUIA 	Chigorod 	Antioquia 
15814	814	15	Toca-BOYAC 	Toca 	Boyac 
05088	088	05	Bello-ANTIOQUIA 	Bello 	Antioquia 
05086	086	05	Belmira-ANTIOQUIA 	Belmira 	Antioquia 
05091	091	05	Betania-ANTIOQUIA 	Betania 	Antioquia 
05093	093	05	Betulia-ANTIOQUIA 	Betulia 	Antioquia 
68092	092	68	Betulia-SANTANDER 	Betulia 	Santander 
25095	095	25	Bituima-CUNDINAMARCA 	Bituima 	Cundinamarca 
54099	099	54	Bochalema-NORTE DE SANTANDER 	Bochalema 	Norte de Santander 
85315	315	85	Scama-CASANARE 	Scama 	Casanare 
20060	060	20	Bosconia-CESAR 	Bosconia 	Cesar 
68001	001	68	Bucaramanga-SANTANDER 	Bucaramanga 	Santander 
54109	109	54	Bucarasica-NORTE DE SANTANDER 	Bucarasica 	Norte de Santander 
76109	109	76	Buenaventura-VALLE DEL CAUCA 	Buenaventura 	Valle del Cauca 
63111	111	63	Buenavista-QUINDIO 	Buenavista 	Quindio 
70110	110	70	Buenavista-SUCRE 	Buenavista 	Sucre 
27245	245	27	El Carmen De Atrato-CHOC 	El Carmen de Atrato 	Choc 
76113	113	76	Bugalagrande-VALLE DEL CAUCA 	Bugalagrande 	Valle del Cauca 
25120	120	25	Cabrera-CUNDINAMARCA 	Cabrera 	Cundinamarca 
68121	121	68	Cabrera-SANTANDER 	Cabrera 	Santander 
50124	124	50	Cabuyaro-META 	Cabuyaro 	Meta 
25123	123	25	Cachipay-CUNDINAMARCA 	Cachipay 	Cundinamarca 
05125	125	05	Caicedo-ANTIOQUIA 	Caicedo 	Antioquia 
76122	122	76	Caicedonia-VALLE DEL CAUCA 	Caicedonia 	Valle del Cauca 
70124	124	70	Caimito-SUCRE 	Caimito 	Sucre 
73124	124	73	Cajamarca-TOLIMA 	Cajamarca 	Tolima 
95015	015	95	Calamar-GUAVIARE 	Calamar 	Guaviare 
05129	129	05	Caldas-ANTIOQUIA 	Caldas 	Antioquia 
19137	137	19	Caldono-CAUCA 	Caldono 	Cauca 
76001	001	76	Cali-VALLE DEL CAUCA 	Cali 	Valle del Cauca 
68132	132	68	California-SANTANDER 	California 	Santander 
76126	126	76	Calima-VALLE DEL CAUCA 	Calima 	Valle del Cauca 
19142	142	19	Caloto-CAUCA 	Caloto 	Cauca 
05134	134	05	Campamento-ANTIOQUIA 	Campamento 	Antioquia 
15740	740	15	Siachoque-BOYAC 	Siachoque 	Boyac 
41132	132	41	Campoalegre-HUILA 	Campoalegre 	Huila 
76130	130	76	Candelaria-VALLE DEL CAUCA 	Candelaria 	Valle del Cauca 
52352	352	52	Iles-NARIO 	Iles 	Nario 
68147	147	68	Capitanejo-SANTANDER 	Capitanejo 	Santander 
05145	145	05	Caramanta-ANTIOQUIA 	Caramanta 	Antioquia 
05147	147	05	Carepa-ANTIOQUIA 	Carepa 	Antioquia 
68101	101	68	Bolvar-SANTANDER 	Bolvar 	Santander 
05197	197	05	Cocorn-ANTIOQUIA 	Cocorn 	Antioquia 
27077	077	27	Bajo Baud-CHOC 	Bajo Baud 	Choc 
05150	150	05	Carolina-ANTIOQUIA 	Carolina 	Antioquia 
76100	100	76	Bolvar-VALLE DEL CAUCA 	Bolvar 	Valle del Cauca 
15638	638	15	Schica-BOYAC 	Schica 	Boyac 
76147	147	76	Cartago-VALLE DEL CAUCA 	Cartago 	Valle del Cauca 
73152	152	73	Casabianca-TOLIMA 	Casabianca 	Tolima 
19780	780	19	Surez-CAUCA 	Surez 	Cauca 
05154	154	05	Caucasia-ANTIOQUIA 	Caucasia 	Antioquia 
68162	162	68	Cerrito-SANTANDER 	Cerrito 	Santander 
52051	051	52	Arboleda-NARIO 	Arboleda 	Nario 
73168	168	73	Chaparral-TOLIMA 	Chaparral 	Tolima 
68169	169	68	Charta-SANTANDER 	Charta 	Santander 
68176	176	68	Chima-SANTANDER 	Chima 	Santander 
20175	175	20	Chimichagua-CESAR 	Chimichagua 	Cesar 
25178	178	25	Chipaque-CUNDINAMARCA 	Chipaque 	Cundinamarca 
47170	170	47	Chivolo-MAGDALENA 	Chivolo 	Magdalena 
13458	458	13	Montecristo-BOLVAR 	Montecristo 	Bolvar 
68190	190	68	Cimitarra-SANTANDER 	Cimitarra 	Santander 
63190	190	63	Circasia-QUINDIO 	Circasia 	Quindio 
05190	190	05	Cisneros-ANTIOQUIA 	Cisneros 	Antioquia 
41807	807	41	Timan-HUILA 	Timan 	Huila 
73200	200	73	Coello-TOLIMA 	Coello 	Tolima 
25200	200	25	Cogua-CUNDINAMARCA 	Cogua 	Cundinamarca 
41206	206	41	Colombia-HUILA 	Colombia 	Huila 
70204	204	70	Coloso-SUCRE 	Coloso 	Sucre 
05209	209	05	Concordia-ANTIOQUIA 	Concordia 	Antioquia 
47205	205	47	Concordia-MAGDALENA 	Concordia 	Magdalena 
68209	209	68	Confines-SANTANDER 	Confines 	Santander 
27615	615	27	Riosucio-CHOC 	Riosucio 	Choc 
05212	212	05	Copacabana-ANTIOQUIA 	Copacabana 	Antioquia 
19212	212	19	Corinto-CAUCA 	Corinto 	Cauca 
68217	217	68	Coromoro-SANTANDER 	Coromoro 	Santander 
70215	215	70	Corozal-SUCRE 	Corozal 	Sucre 
25214	214	25	Cota-CUNDINAMARCA 	Cota 	Cundinamarca 
73217	217	73	Coyaima-TOLIMA 	Coyaima 	Tolima 
85139	139	85	Man-CASANARE 	Man 	Casanare 
54223	223	54	Cucutilla-NORTE DE SANTANDER 	Cucutilla 	Norte de Santander 
50226	226	50	Cumaral-META 	Cumaral 	Meta 
99773	773	99	Cumaribo-VICHADA 	Cumaribo 	Vichada 
73226	226	73	Cunday-TOLIMA 	Cunday 	Tolima 
05234	234	05	Dabeiba-ANTIOQUIA 	Dabeiba 	Antioquia 
76233	233	76	Dagua-VALLE DEL CAUCA 	Dagua 	Valle del Cauca 
44090	090	44	Dibulla-LA GUAJIRA 	Dibulla 	La Guajira 
73236	236	73	Dolores-TOLIMA 	Dolores 	Tolima 
66170	170	66	Dosquebradas-RISARALDA 	Dosquebradas 	Risaralda 
54239	239	54	Durania-NORTE DE SANTANDER 	Durania 	Norte de Santander 
15686	686	15	Santana-BOYAC 	Santana 	Boyac 
05809	809	05	Titirib-ANTIOQUIA 	Titirib 	Antioquia 
15464	464	15	Mongua-BOYAC 	Mongua 	Boyac 
05885	885	05	Yal-ANTIOQUIA 	Yal 	Antioquia 
05858	858	05	Vegach-ANTIOQUIA 	Vegach 	Antioquia 
23570	570	23	Pueblo Nuevo-CRDOBA 	Pueblo Nuevo 	Crdoba 
52835	835	52	San Andrs De Tumaco-NARIO 	San Andrs de Tumaco 	Nario 
05364	364	05	Jardn-ANTIOQUIA 	Jardn 	Antioquia 
25053	053	25	Arbelez-CUNDINAMARCA 	Arbelez 	Cundinamarca 
76616	616	76	Riofro-VALLE DEL CAUCA 	Riofro 	Valle del Cauca 
25871	871	25	Villagmez-CUNDINAMARCA 	Villagmez 	Cundinamarca 
25777	777	25	Supat-CUNDINAMARCA 	Supat 	Cundinamarca 
13673	673	13	Santa Catalina-BOLVAR 	Santa Catalina 	Bolvar 
05480	480	05	Mutat-ANTIOQUIA 	Mutat 	Antioquia 
68324	324	68	Guavat-SANTANDER 	Guavat 	Santander 
25269	269	25	Facatativ-CUNDINAMARCA 	Facatativ 	Cundinamarca 
18592	592	18	Puerto Rico-CAQUET 	Puerto Rico 	Caquet 
27491	491	27	Nvita-CHOC 	Nvita 	Choc 
08436	436	08	Manat-ATLNTICO 	Manat 	Atlntico 
52480	480	52	Nario-NARIO 	Nario 	Nario 
15693	693	15	Santa Rosa De Viterbo-BOYAC 	Santa Rosa de Viterbo 	Boyac 
13006	006	13	Ach-BOLVAR 	Ach 	Bolvar 
52560	560	52	Potos-NARIO 	Potos 	Nario 
05679	679	05	Santa Brbara-ANTIOQUIA 	Santa Brbara 	Antioquia 
27073	073	27	Bagad-CHOC 	Bagad 	Choc 
15759	759	15	Sogamoso-BOYAC 	Sogamoso 	Boyac 
05264	264	05	Entrerros-ANTIOQUIA 	Entrerros 	Antioquia 
15185	185	15	Chitaraque-BOYAC 	Chitaraque 	Boyac 
13160	160	13	Cantagallo-BOLVAR 	Cantagallo 	Bolvar 
15790	790	15	Tasco-BOYAC 	Tasco 	Boyac 
52256	256	52	El Rosario-NARIO 	El Rosario 	Nario 
68235	235	68	El Carmen De Chucur-SANTANDER 	El Carmen de Chucur 	Santander 
66045	045	66	Apa-RISARALDA 	Apa 	Risaralda 
52786	786	52	Taminango-NARIO 	Taminango 	Nario 
68720	720	68	Santa Helena Del Opn-SANTANDER 	Santa Helena del Opn 	Santander 
52320	320	52	Guaitarilla-NARIO 	Guaitarilla 	Nario 
25151	151	25	Cqueza-CUNDINAMARCA 	Cqueza 	Cundinamarca 
08573	573	08	Puerto Colombia-ATLNTICO 	Puerto Colombia 	Atlntico 
15276	276	15	Floresta-BOYAC 	Floresta 	Boyac 
94663	663	94	Mapiripana-GUAINA 	Mapiripana 	Guaina 
15248	248	15	El Espino-BOYAC 	El Espino 	Boyac 
63130	130	63	Calarc-QUINDIO 	Calarc 	Quindio 
15204	204	15	Cmbita-BOYAC 	Cmbita 	Boyac 
08558	558	08	Polonuevo-ATLNTICO 	Polonuevo 	Atlntico 
47058	058	47	Ariguan-MAGDALENA 	Ariguan 	Magdalena 
68264	264	68	Encino-SANTANDER 	Encino 	Santander 
68266	266	68	Enciso-SANTANDER 	Enciso 	Santander 
05266	266	05	Envigado-ANTIOQUIA 	Envigado 	Antioquia 
73268	268	73	Espinal-TOLIMA 	Espinal 	Tolima 
73270	270	73	Falan-TOLIMA 	Falan 	Tolima 
17272	272	17	Filadelfia-CALDAS 	Filadelfia 	Caldas 
63272	272	63	Filandia-QUINDIO 	Filandia 	Quindio 
73275	275	73	Flandes-TOLIMA 	Flandes 	Tolima 
19290	290	19	Florencia-CAUCA 	Florencia 	Cauca 
76275	275	76	Florida-VALLE DEL CAUCA 	Florida 	Valle del Cauca 
68276	276	68	Floridablanca-SANTANDER 	Floridablanca 	Santander 
44279	279	44	Fonseca-LA GUAJIRA 	Fonseca 	La Guajira 
81300	300	81	Fortul-ARAUCA 	Fortul 	Arauca 
25281	281	25	Fosca-CUNDINAMARCA 	Fosca 	Cundinamarca 
15212	212	15	Coper-BOYAC 	Coper 	Boyac 
05282	282	05	Fredonia-ANTIOQUIA 	Fredonia 	Antioquia 
73283	283	73	Fresno-TOLIMA 	Fresno 	Tolima 
05284	284	05	Frontino-ANTIOQUIA 	Frontino 	Antioquia 
27025	025	27	Alto Baud-CHOC 	Alto Baud 	Choc 
25286	286	25	Funza-CUNDINAMARCA 	Funza 	Cundinamarca 
70235	235	70	Galeras-SUCRE 	Galeras 	Sucre 
25299	299	25	Gama-CUNDINAMARCA 	Gama 	Cundinamarca 
20295	295	20	Gamarra-CESAR 	Gamarra 	Cesar 
41306	306	41	Gigante-HUILA 	Gigante 	Huila 
76306	306	76	Ginebra-VALLE DEL CAUCA 	Ginebra 	Valle del Cauca 
05306	306	05	Giraldo-ANTIOQUIA 	Giraldo 	Antioquia 
25307	307	25	Girardot-CUNDINAMARCA 	Girardot 	Cundinamarca 
05308	308	05	Girardota-ANTIOQUIA 	Girardota 	Antioquia 
15317	317	15	Guacamayas-BOYAC 	Guacamayas 	Boyac 
54313	313	54	Gramalote-NORTE DE SANTANDER 	Gramalote 	Norte de Santander 
05313	313	05	Granada-ANTIOQUIA 	Granada 	Antioquia 
25312	312	25	Granada-CUNDINAMARCA 	Granada 	Cundinamarca 
50313	313	50	Granada-META 	Granada 	Meta 
68318	318	68	Guaca-SANTANDER 	Guaca 	Santander 
08560	560	08	Ponedera-ATLNTICO 	Ponedera 	Atlntico 
05315	315	05	Guadalupe-ANTIOQUIA 	Guadalupe 	Antioquia 
41319	319	41	Guadalupe-HUILA 	Guadalupe 	Huila 
68320	320	68	Guadalupe-SANTANDER 	Guadalupe 	Santander 
25320	320	25	Guaduas-CUNDINAMARCA 	Guaduas 	Cundinamarca 
47318	318	47	Guamal-MAGDALENA 	Guamal 	Magdalena 
50318	318	50	Guamal-META 	Guamal 	Meta 
73319	319	73	Guamo-TOLIMA 	Guamo 	Tolima 
52565	565	52	Providencia-NARIO 	Providencia 	Nario 
70265	265	70	Guaranda-SUCRE 	Guaranda 	Sucre 
05318	318	05	Guarne-ANTIOQUIA 	Guarne 	Antioquia 
25322	322	25	Guasca-CUNDINAMARCA 	Guasca 	Cundinamarca 
25326	326	25	Guatavita-CUNDINAMARCA 	Guatavita 	Cundinamarca 
27135	135	27	El Cantn San Pablo-CHOC 	El Cantn San Pablo 	Choc 
25335	335	25	Guayabetal-CUNDINAMARCA 	Guayabetal 	Cundinamarca 
15092	092	15	Betitiva-BOYAC 	Betitiva 	Boyac 
68344	344	68	Hato-SANTANDER 	Hato 	Santander 
76364	364	76	Jamund-VALLE DEL CAUCA 	Jamund 	Valle del Cauca 
44378	378	44	Hatonuevo-LA GUAJIRA 	Hatonuevo 	La Guajira 
05347	347	05	Heliconia-ANTIOQUIA 	Heliconia 	Antioquia 
73347	347	73	Herveo-TOLIMA 	Herveo 	Tolima 
05353	353	05	Hispania-ANTIOQUIA 	Hispania 	Antioquia 
41349	349	41	Hobo-HUILA 	Hobo 	Huila 
73349	349	73	Honda-TOLIMA 	Honda 	Tolima 
73352	352	73	Icononzo-TOLIMA 	Icononzo 	Tolima 
41359	359	41	Isnos-HUILA 	Isnos 	Huila 
05361	361	05	Ituango-ANTIOQUIA 	Ituango 	Antioquia 
27006	006	27	Acand-CHOC 	Acand 	Choc 
19693	693	19	San Sebastin-CAUCA 	San Sebastin 	Cauca 
15368	368	15	Jeric-BOYAC 	Jeric 	Boyac 
97511	511	97	Pacoa-VAUPS 	Pacoa 	Vaups 
15226	226	15	Cutiva-BOYAC 	Cutiva 	Boyac 
94887	887	94	Pana Pana-GUAINA 	Pana Pana 	Guaina 
05044	044	05	Anz-ANTIOQUIA 	Anz 	Antioquia 
97889	889	97	Yavarat-VAUPS 	Yavarat 	Vaups 
52473	473	52	Mosquera-NARIO 	Mosquera 	Nario 
27075	075	27	Baha Solano-CHOC 	Baha Solano 	Choc 
15820	820	15	Tpaga-BOYAC 	Tpaga 	Boyac 
52418	418	52	Los Andes-NARIO 	Los Andes 	Nario 
73408	408	73	Lrida-TOLIMA 	Lrida 	Tolima 
15377	377	15	Labranzagrande-BOYAC 	Labranzagrande 	Boyac 
23466	466	23	Montelbano-CRDOBA 	Montelbano 	Crdoba 
68298	298	68	Gmbita-SANTANDER 	Gmbita 	Santander 
25580	580	25	Pul-CUNDINAMARCA 	Pul 	Cundinamarca 
23580	580	23	Puerto Libertador-CRDOBA 	Puerto Libertador 	Crdoba 
05237	237	05	Donmatas-ANTIOQUIA 	Donmatas 	Antioquia 
05756	756	05	Sonsn-ANTIOQUIA 	Sonsn 	Antioquia 
97161	161	97	Carur-VAUPS 	Carur 	Vaups 
15664	664	15	San Jos De Pare-BOYAC 	San Jos de Pare 	Boyac 
23670	670	23	San Andrs De Sotavento-CRDOBA 	San Andrs de Sotavento 	Crdoba 
23001	001	23	Montera-CRDOBA 	Montera 	Crdoba 
27099	099	27	Bojay-CHOC 	Bojay 	Choc 
52323	323	52	Gualmatn-NARIO 	Gualmatn 	Nario 
05040	040	05	Anor-ANTIOQUIA 	Anor 	Antioquia 
52411	411	52	Linares-NARIO 	Linares 	Nario 
88001	001	88	San Andrs-ARCHIPILAGO DE SAN ANDRS PROVIDENCIA Y SANTA CATALINA 	San Andrs 	Archipilago de San Andrs Providencia y Santa Catalina 
25258	258	25	El Pen-CUNDINAMARCA 	El Pen 	Cundinamarca 
27495	495	27	Nuqu-CHOC 	Nuqu 	Choc 
52520	520	52	Francisco Pizarro-NARIO 	Francisco Pizarro 	Nario 
99001	001	99	Puerto Carreo-VICHADA 	Puerto Carreo 	Vichada 
08137	137	08	Campo De La Cruz-ATLNTICO 	Campo de la Cruz 	Atlntico 
23807	807	23	Tierralta-CRDOBA 	Tierralta 	Crdoba 
52079	079	52	Barbacoas-NARIO 	Barbacoas 	Nario 
08421	421	08	Luruaco-ATLNTICO 	Luruaco 	Atlntico 
52385	385	52	La Llanada-NARIO 	La Llanada 	Nario 
15238	238	15	Duitama-BOYAC 	Duitama 	Boyac 
13490	490	13	Noros-BOLVAR 	Noros 	Bolvar 
25181	181	25	Choach-CUNDINAMARCA 	Choach 	Cundinamarca 
18094	094	18	Beln De Los Andaques-CAQUET 	Beln de los Andaques 	Caquet 
23068	068	23	Ayapel-CRDOBA 	Ayapel 	Crdoba 
13650	650	13	San Fernando-BOLVAR 	San Fernando 	Bolvar 
15183	183	15	Chita-BOYAC 	Chita 	Boyac 
05142	142	05	Caracol-ANTIOQUIA 	Caracol 	Antioquia 
94888	888	94	Morichal-GUAINA 	Morichal 	Guaina 
18205	205	18	Curillo-CAQUET 	Curillo 	Caquet 
20228	228	20	Curuman-CESAR 	Curuman 	Cesar 
54377	377	54	Labateca-NORTE DE SANTANDER 	Labateca 	Norte de Santander 
68406	406	68	Lebrija-SANTANDER 	Lebrija 	Santander 
25407	407	25	Lenguazaque-CUNDINAMARCA 	Lenguazaque 	Cundinamarca 
91001	001	91	Leticia-AMAZONAS 	Leticia 	Amazonas 
05411	411	05	Liborina-ANTIOQUIA 	Liborina 	Antioquia 
52110	110	52	Buesaco-NARIO 	Buesaco 	Nario 
15511	511	15	Pachavita-BOYAC 	Pachavita 	Boyac 
68669	669	68	San Andrs-SANTANDER 	San Andrs 	Santander 
52207	207	52	Consac-NARIO 	Consac 	Nario 
20310	310	20	Gonzlez-CESAR 	Gonzlez 	Cesar 
15469	469	15	Moniquir-BOYAC 	Moniquir 	Boyac 
54418	418	54	Lourdes-NORTE DE SANTANDER 	Lourdes 	Norte de Santander 
68425	425	68	Macaravita-SANTANDER 	Macaravita 	Santander 
05425	425	05	Maceo-ANTIOQUIA 	Maceo 	Antioquia 
25430	430	25	Madrid-CUNDINAMARCA 	Madrid 	Cundinamarca 
44430	430	44	Maicao-LA GUAJIRA 	Maicao 	La Guajira 
70429	429	70	Majagual-SUCRE 	Majagual 	Sucre 
44560	560	44	Manaure-LA GUAJIRA 	Manaure 	La Guajira 
23162	162	23	Ceret-CRDOBA 	Ceret 	Crdoba 
17001	001	17	Manizales-CALDAS 	Manizales 	Caldas 
25436	436	25	Manta-CUNDINAMARCA 	Manta 	Cundinamarca 
17433	433	17	Manzanares-CALDAS 	Manzanares 	Caldas 
19809	809	19	Timbiqu-CAUCA 	Timbiqu 	Cauca 
05440	440	05	Marinilla-ANTIOQUIA 	Marinilla 	Antioquia 
17442	442	17	Marmato-CALDAS 	Marmato 	Caldas 
17444	444	17	Marquetalia-CALDAS 	Marquetalia 	Caldas 
66440	440	66	Marsella-RISARALDA 	Marsella 	Risaralda 
17446	446	17	Marulanda-CALDAS 	Marulanda 	Caldas 
68444	444	68	Matanza-SANTANDER 	Matanza 	Santander 
25438	438	25	Medina-CUNDINAMARCA 	Medina 	Cundinamarca 
18785	785	18	Solita-CAQUET 	Solita 	Caquet 
95001	001	95	San Jos Del Guaviare-GUAVIARE 	San Jos del Guaviare 	Guaviare 
25740	740	25	Sibat-CUNDINAMARCA 	Sibat 	Cundinamarca 
73449	449	73	Melgar-TOLIMA 	Melgar 	Tolima 
19450	450	19	Mercaderes-CAUCA 	Mercaderes 	Cauca 
50330	330	50	Mesetas-META 	Mesetas 	Meta 
95200	200	95	Miraflores-GUAVIARE 	Miraflores 	Guaviare 
19455	455	19	Miranda-CAUCA 	Miranda 	Cauca 
05042	042	05	Santa F De Antioquia-ANTIOQUIA 	Santa F de Antioquia 	Antioquia 
86001	001	86	Mocoa-PUTUMAYO 	Mocoa 	Putumayo 
68464	464	68	Mogotes-SANTANDER 	Mogotes 	Santander 
68468	468	68	Molagavita-SANTANDER 	Molagavita 	Santander 
05467	467	05	Montebello-ANTIOQUIA 	Montebello 	Antioquia 
63470	470	63	Montenegro-QUINDIO 	Montenegro 	Quindio 
85162	162	85	Monterrey-CASANARE 	Monterrey 	Casanare 
19473	473	19	Morales-CAUCA 	Morales 	Cauca 
70473	473	70	Morroa-SUCRE 	Morroa 	Sucre 
25473	473	25	Mosquera-CUNDINAMARCA 	Mosquera 	Cundinamarca 
73461	461	73	Murillo-TOLIMA 	Murillo 	Tolima 
54480	480	54	Mutiscua-NORTE DE SANTANDER 	Mutiscua 	Norte de Santander 
73483	483	73	Natagaima-TOLIMA 	Natagaima 	Tolima 
17486	486	17	Neira-CALDAS 	Neira 	Caldas 
41001	001	41	Neiva-HUILA 	Neiva 	Huila 
25488	488	25	Nilo-CUNDINAMARCA 	Nilo 	Cundinamarca 
25489	489	25	Nimaima-CUNDINAMARCA 	Nimaima 	Cundinamarca 
25491	491	25	Nocaima-CUNDINAMARCA 	Nocaima 	Cundinamarca 
17495	495	17	Norcasia-CALDAS 	Norcasia 	Caldas 
25851	851	25	tica-CUNDINAMARCA 	tica 	Cundinamarca 
13836	836	13	Turbaco-BOLVAR 	Turbaco 	Bolvar 
76497	497	76	Obando-VALLE DEL CAUCA 	Obando 	Valle del Cauca 
68498	498	68	Ocamonte-SANTANDER 	Ocamonte 	Santander 
68500	500	68	Oiba-SANTANDER 	Oiba 	Santander 
05501	501	05	Olaya-ANTIOQUIA 	Olaya 	Antioquia 
13052	052	13	Arjona-BOLVAR 	Arjona 	Bolvar 
68502	502	68	Onzaga-SANTANDER 	Onzaga 	Santander 
41503	503	41	Oporapa-HUILA 	Oporapa 	Huila 
86320	320	86	Orito-PUTUMAYO 	Orito 	Putumayo 
73504	504	73	Ortega-TOLIMA 	Ortega 	Tolima 
70508	508	70	Ovejas-SUCRE 	Ovejas 	Sucre 
25513	513	25	Pacho-CUNDINAMARCA 	Pacho 	Cundinamarca 
19513	513	19	Padilla-CAUCA 	Padilla 	Cauca 
41518	518	41	Paicol-HUILA 	Paicol 	Huila 
20517	517	20	Pailitas-CESAR 	Pailitas 	Cesar 
25518	518	25	Paime-CUNDINAMARCA 	Paime 	Cundinamarca 
41524	524	41	Palermo-HUILA 	Palermo 	Huila 
17524	524	17	Palestina-CALDAS 	Palestina 	Caldas 
41530	530	41	Palestina-HUILA 	Palestina 	Huila 
18247	247	18	El Doncello-CAQUET 	El Doncello 	Caquet 
15516	516	15	Paipa-BOYAC 	Paipa 	Boyac 
13140	140	13	Calamar-BOLVAR 	Calamar 	Bolvar 
15533	533	15	Paya-BOYAC 	Paya 	Boyac 
19001	001	19	Popayn-CAUCA 	Popayn 	Cauca 
76036	036	76	Andaluca-VALLE DEL CAUCA 	Andaluca 	Valle del Cauca 
85400	400	85	Tmara-CASANARE 	Tmara 	Casanare 
15774	774	15	Susacn-BOYAC 	Susacn 	Boyac 
23574	574	23	Puerto Escondido-CRDOBA 	Puerto Escondido 	Crdoba 
19824	824	19	Totor-CAUCA 	Totor 	Cauca 
54172	172	54	Chincota-NORTE DE SANTANDER 	Chincota 	Norte de Santander 
18460	460	18	Miln-CAQUET 	Miln 	Caquet 
19585	585	19	Purac-CAUCA 	Purac 	Cauca 
52203	203	52	Coln-NARIO 	Coln 	Nario 
05790	790	05	Taraz-ANTIOQUIA 	Taraz 	Antioquia 
15646	646	15	Samac-BOYAC 	Samac 	Boyac 
19300	300	19	Guachen-CAUCA 	Guachen 	Cauca 
13810	810	13	Tiquisio-BOLVAR 	Tiquisio 	Bolvar 
41357	357	41	quira-HUILA 	quira 	Huila 
25293	293	25	Gachal-CUNDINAMARCA 	Gachal 	Cundinamarca 
73043	043	73	Anzotegui-TOLIMA 	Anzotegui 	Tolima 
91540	540	91	Puerto Nario-AMAZONAS 	Puerto Nario 	Amazonas 
52621	621	52	Roberto Payn-NARIO 	Roberto Payn 	Nario 
68861	861	68	Vlez-SANTANDER 	Vlez 	Santander 
15507	507	15	Otanche-BOYAC 	Otanche 	Boyac 
08296	296	08	Galapa-ATLNTICO 	Galapa 	Atlntico 
13894	894	13	Zambrano-BOLVAR 	Zambrano 	Bolvar 
05045	045	05	Apartad-ANTIOQUIA 	Apartad 	Antioquia 
76020	020	76	Alcal-VALLE DEL CAUCA 	Alcal 	Valle del Cauca 
27001	001	27	Quibd-CHOC 	Quibd 	Choc 
52405	405	52	Leiva-NARIO 	Leiva 	Nario 
68432	432	68	Mlaga-SANTANDER 	Mlaga 	Santander 
15403	403	15	La Uvita-BOYAC 	La Uvita 	Boyac 
68370	370	68	Jordn-SANTANDER 	Jordn 	Santander 
13074	074	13	Barranco De Loba-BOLVAR 	Barranco de Loba 	Bolvar 
15480	480	15	Muzo-BOYAC 	Muzo 	Boyac 
25823	823	25	Topaip-CUNDINAMARCA 	Topaip 	Cundinamarca 
54344	344	54	Hacar-NORTE DE SANTANDER 	Hacar 	Norte de Santander 
86571	571	86	Puerto Guzmn-PUTUMAYO 	Puerto Guzmn 	Putumayo 
15599	599	15	Ramiriqu-BOYAC 	Ramiriqu 	Boyac 
15757	757	15	Socha-BOYAC 	Socha 	Boyac 
68522	522	68	Palmar-SANTANDER 	Palmar 	Santander 
27250	250	27	El Litoral San Juan-CHOC 	El Litoral San Juan 	Choc 
25839	839	25	Ubal-CUNDINAMARCA 	Ubal 	Cundinamarca 
76520	520	76	Palmira-VALLE DEL CAUCA 	Palmira 	Valle del Cauca 
70523	523	70	Palmito-SUCRE 	Palmito 	Sucre 
73520	520	73	Palocabildo-TOLIMA 	Palocabildo 	Tolima 
54518	518	54	Pamplona-NORTE DE SANTANDER 	Pamplona 	Norte de Santander 
54520	520	54	Pamplonita-NORTE DE SANTANDER 	Pamplonita 	Norte de Santander 
76834	834	76	Tulu-VALLE DEL CAUCA 	Tulu 	Valle del Cauca 
25524	524	25	Pandi-CUNDINAMARCA 	Pandi 	Cundinamarca 
25530	530	25	Paratebueno-CUNDINAMARCA 	Paratebueno 	Cundinamarca 
25535	535	25	Pasca-CUNDINAMARCA 	Pasca 	Cundinamarca 
11001	001	11	Bogot D.c.-BOGOT D C. 	Bogot D.C. 	Bogot d C. 
68780	780	68	Surat-SANTANDER 	Surat 	Santander 
47541	541	47	Pedraza-MAGDALENA 	Pedraza 	Magdalena 
20550	550	20	Pelaya-CESAR 	Pelaya 	Cesar 
17541	541	17	Pensilvania-CALDAS 	Pensilvania 	Caldas 
05543	543	05	Peque-ANTIOQUIA 	Peque 	Antioquia 
66001	001	66	Pereira-RISARALDA 	Pereira 	Risaralda 
19533	533	19	Piamonte-CAUCA 	Piamonte 	Cauca 
68547	547	68	Piedecuesta-SANTANDER 	Piedecuesta 	Santander 
73547	547	73	Piedras-TOLIMA 	Piedras 	Tolima 
63548	548	63	Pijao-QUINDIO 	Pijao 	Quindio 
05541	541	05	Peol-ANTIOQUIA 	Peol 	Antioquia 
68549	549	68	Pinchote-SANTANDER 	Pinchote 	Santander 
41548	548	41	Pital-HUILA 	Pital 	Huila 
41551	551	41	Pitalito-HUILA 	Pitalito 	Huila 
47551	551	47	Pivijay-MAGDALENA 	Pivijay 	Magdalena 
73555	555	73	Planadas-TOLIMA 	Planadas 	Tolima 
73585	585	73	Purificacin-TOLIMA 	Purificacin 	Tolima 
47555	555	47	Plato-MAGDALENA 	Plato 	Magdalena 
85263	263	85	Pore-CASANARE 	Pore 	Casanare 
76563	563	76	Pradera-VALLE DEL CAUCA 	Pradera 	Valle del Cauca 
73563	563	73	Prado-TOLIMA 	Prado 	Tolima 
68211	211	68	Contratacin-SANTANDER 	Contratacin 	Santander 
27600	600	27	Ro Quito-CHOC 	Ro Quito 	Choc 
08549	549	08	Pioj-ATLNTICO 	Pioj 	Atlntico 
05576	576	05	Pueblorrico-ANTIOQUIA 	Pueblorrico 	Antioquia 
47570	570	47	Puebloviejo-MAGDALENA 	Puebloviejo 	Magdalena 
15001	001	15	Tunja-BOYAC 	Tunja 	Boyac 
05873	873	05	Viga Del Fuerte-ANTIOQUIA 	Viga del Fuerte 	Antioquia 
25317	317	25	Guachet-CUNDINAMARCA 	Guachet 	Cundinamarca 
68689	689	68	San Vicente De Chucur-SANTANDER 	San Vicente de Chucur 	Santander 
25899	899	25	Zipaquir-CUNDINAMARCA 	Zipaquir 	Cundinamarca 
15816	816	15	Tog-BOYAC 	Tog 	Boyac 
52696	696	52	Santa Brbara-NARIO 	Santa Brbara 	Nario 
52356	356	52	Ipiales-NARIO 	Ipiales 	Nario 
52227	227	52	Cumbal-NARIO 	Cumbal 	Nario 
13433	433	13	Mahates-BOLVAR 	Mahates 	Bolvar 
47545	545	47	Pijio Del Carmen-MAGDALENA 	Pijio del Carmen 	Magdalena 
15806	806	15	Tibasosa-BOYAC 	Tibasosa 	Boyac 
25324	324	25	Guataqu-CUNDINAMARCA 	Guataqu 	Cundinamarca 
08606	606	08	Repeln-ATLNTICO 	Repeln 	Atlntico 
15131	131	15	Caldas-BOYAC 	Caldas 	Boyac 
13600	600	13	Ro Viejo-BOLVAR 	Ro Viejo 	Bolvar 
20178	178	20	Chiriguan-CESAR 	Chiriguan 	Cesar 
52001	001	52	Pasto-NARIO 	Pasto 	Nario 
15332	332	15	Gicn-BOYAC 	Gicn 	Boyac 
13744	744	13	Simit-BOLVAR 	Simit 	Bolvar 
15839	839	15	Tutaz-BOYAC 	Tutaz 	Boyac 
05004	004	05	Abriaqu-ANTIOQUIA 	Abriaqu 	Antioquia 
52885	885	52	Yacuanquer-NARIO 	Yacuanquer 	Nario 
70742	742	70	San Luis De Sinc-SUCRE 	San Luis de Sinc 	Sucre 
15673	673	15	San Mateo-BOYAC 	San Mateo 	Boyac 
05475	475	05	Murind-ANTIOQUIA 	Murind 	Antioquia 
47960	960	47	Zapayn-MAGDALENA 	Zapayn 	Magdalena 
15476	476	15	Motavita-BOYAC 	Motavita 	Boyac 
15810	810	15	Tipacoque-BOYAC 	Tipacoque 	Boyac 
88564	564	88	Providencia-ARCHIPILAGO DE SAN ANDRS PROVIDENCIA Y SANTA CATALINA 	Providencia 	Archipilago de San Andrs Providencia y Santa Catalina 
52381	381	52	La Florida-NARIO 	La Florida 	Nario 
13222	222	13	Clemencia-BOLVAR 	Clemencia 	Bolvar 
25592	592	25	Quebradanegra-CUNDINAMARCA 	Quebradanegra 	Cundinamarca 
25594	594	25	Quetame-CUNDINAMARCA 	Quetame 	Cundinamarca 
63594	594	63	Quimbaya-QUINDIO 	Quimbaya 	Quindio 
25596	596	25	Quipile-CUNDINAMARCA 	Quipile 	Cundinamarca 
54599	599	54	Ragonvalia-NORTE DE SANTANDER 	Ragonvalia 	Norte de Santander 
85279	279	85	Recetor-CASANARE 	Recetor 	Casanare 
05604	604	05	Remedios-ANTIOQUIA 	Remedios 	Antioquia 
47605	605	47	Remolino-MAGDALENA 	Remolino 	Magdalena 
50606	606	50	Restrepo-META 	Restrepo 	Meta 
76606	606	76	Restrepo-VALLE DEL CAUCA 	Restrepo 	Valle del Cauca 
05607	607	05	Retiro-ANTIOQUIA 	Retiro 	Antioquia 
25612	612	25	Ricaurte-CUNDINAMARCA 	Ricaurte 	Cundinamarca 
91460	460	91	Mirit Paran-AMAZONAS 	Mirit Paran 	Amazonas 
27810	810	27	Unin Panamericana-CHOC 	Unin Panamericana 	Choc 
15660	660	15	San Eduardo-BOYAC 	San Eduardo 	Boyac 
52260	260	52	El Tambo-NARIO 	El Tambo 	Nario 
73616	616	73	Rioblanco-TOLIMA 	Rioblanco 	Tolima 
44001	001	44	Riohacha-LA GUAJIRA 	Riohacha 	La Guajira 
05615	615	05	Rionegro-ANTIOQUIA 	Rionegro 	Antioquia 
68615	615	68	Rionegro-SANTANDER 	Rionegro 	Santander 
17614	614	17	Riosucio-CALDAS 	Riosucio 	Caldas 
17616	616	17	Risaralda-CALDAS 	Risaralda 	Caldas 
41615	615	41	Rivera-HUILA 	Rivera 	Huila 
70221	221	70	Coveas-SUCRE 	Coveas 	Sucre 
76622	622	76	Roldanillo-VALLE DEL CAUCA 	Roldanillo 	Valle del Cauca 
73622	622	73	Roncesvalles-TOLIMA 	Roncesvalles 	Tolima 
19622	622	19	Rosas-CAUCA 	Rosas 	Cauca 
73624	624	73	Rovira-TOLIMA 	Rovira 	Tolima 
05030	030	05	Amag-ANTIOQUIA 	Amag 	Antioquia 
05628	628	05	Sabanalarga-ANTIOQUIA 	Sabanalarga 	Antioquia 
85300	300	85	Sabanalarga-CASANARE 	Sabanalarga 	Casanare 
41298	298	41	Garzn-HUILA 	Garzn 	Huila 
05631	631	05	Sabaneta-ANTIOQUIA 	Sabaneta 	Antioquia 
41660	660	41	Saladoblanco-HUILA 	Saladoblanco 	Huila 
17653	653	17	Salamina-CALDAS 	Salamina 	Caldas 
47675	675	47	Salamina-MAGDALENA 	Salamina 	Magdalena 
54660	660	54	Salazar-NORTE DE SANTANDER 	Salazar 	Norte de Santander 
63690	690	63	Salento-QUINDIO 	Salento 	Quindio 
05642	642	05	Salgar-ANTIOQUIA 	Salgar 	Antioquia 
23672	672	23	San Antero-CRDOBA 	San Antero 	Crdoba 
27425	425	27	Medio Atrato-CHOC 	Medio Atrato 	Choc 
44098	098	44	Distraccin-LA GUAJIRA 	Distraccin 	La Guajira 
13647	647	13	San Estanislao-BOLVAR 	San Estanislao 	Bolvar 
25148	148	25	Caparrap-CUNDINAMARCA 	Caparrap 	Cundinamarca 
23586	586	23	Pursima De La Concepcin-CRDOBA 	Pursima de la Concepcin 	Crdoba 
27361	361	27	Istmina-CHOC 	Istmina 	Choc 
52210	210	52	Contadero-NARIO 	Contadero 	Nario 
15425	425	15	Macanal-BOYAC 	Macanal 	Boyac 
25368	368	25	Jerusaln-CUNDINAMARCA 	Jerusaln 	Cundinamarca 
66594	594	66	Quincha-RISARALDA 	Quincha 	Risaralda 
25224	224	25	Cucunub-CUNDINAMARCA 	Cucunub 	Cundinamarca 
25288	288	25	Fquene-CUNDINAMARCA 	Fquene 	Cundinamarca 
15723	723	15	Sativasur-BOYAC 	Sativasur 	Boyac 
25279	279	25	Fmeque-CUNDINAMARCA 	Fmeque 	Cundinamarca 
52354	354	52	Imus-NARIO 	Imus 	Nario 
68682	682	68	San Joaqun-SANTANDER 	San Joaqun 	Santander 
54498	498	54	Ocaa-NORTE DE SANTANDER 	Ocaa 	Norte de Santander 
86568	568	86	Puerto Ass-PUTUMAYO 	Puerto Ass 	Putumayo 
76318	318	76	Guacar-VALLE DEL CAUCA 	Guacar 	Valle del Cauca 
15676	676	15	San Miguel De Sema-BOYAC 	San Miguel de Sema 	Boyac 
70820	820	70	Santiago De Tol-SUCRE 	Santiago de Tol 	Sucre 
68368	368	68	Jess Mara-SANTANDER 	Jess Mara 	Santander 
70400	400	70	La Unin-SUCRE 	La Unin 	Sucre 
68160	160	68	Cepit-SANTANDER 	Cepit 	Santander 
15832	832	15	Tunungu-BOYAC 	Tunungu 	Boyac 
05656	656	05	San Jernimo-ANTIOQUIA 	San Jernimo 	Antioquia 
13670	670	13	San Pablo-BOLVAR 	San Pablo 	Bolvar 
25426	426	25	Machet-CUNDINAMARCA 	Machet 	Cundinamarca 
23168	168	23	Chim-CRDOBA 	Chim 	Crdoba 
19355	355	19	Inz-CAUCA 	Inz 	Cauca 
52378	378	52	La Cruz-NARIO 	La Cruz 	Nario 
15753	753	15	Soat-BOYAC 	Soat 	Boyac 
05368	368	05	Jeric-ANTIOQUIA 	Jeric 	Antioquia 
19130	130	19	Cajibo-CAUCA 	Cajibo 	Cauca 
15494	494	15	Nuevo Coln-BOYAC 	Nuevo Coln 	Boyac 
54125	125	54	Ccota-NORTE DE SANTANDER 	Ccota 	Norte de Santander 
15187	187	15	Chivat-BOYAC 	Chivat 	Boyac 
91530	530	91	Puerto Alegra-AMAZONAS 	Puerto Alegra 	Amazonas 
05206	206	05	Concepcin-ANTIOQUIA 	Concepcin 	Antioquia 
94884	884	94	Puerto Colombia-GUAINA 	Puerto Colombia 	Guaina 
13188	188	13	Cicuco-BOLVAR 	Cicuco 	Bolvar 
25168	168	25	Chaguan-CUNDINAMARCA 	Chaguan 	Cundinamarca 
68207	207	68	Concepcin-SANTANDER 	Concepcin 	Santander 
86885	885	86	Villagarzn-PUTUMAYO 	Villagarzn 	Putumayo 
13838	838	13	Turban-BOLVAR 	Turban 	Bolvar 
15162	162	15	Cerinza-BOYAC 	Cerinza 	Boyac 
41885	885	41	Yaguar-HUILA 	Yaguar 	Huila 
13549	549	13	Pinillos-BOLVAR 	Pinillos 	Bolvar 
23419	419	23	Los Crdobas-CRDOBA 	Los Crdobas 	Crdoba 
68322	322	68	Guapot-SANTANDER 	Guapot 	Santander 
19517	517	19	Pez-CAUCA 	Pez 	Cauca 
15879	879	15	Viracach-BOYAC 	Viracach 	Boyac 
15835	835	15	Turmequ-BOYAC 	Turmequ 	Boyac 
05120	120	05	Cceres-ANTIOQUIA 	Cceres 	Antioquia 
52254	254	52	El Peol-NARIO 	El Peol 	Nario 
23090	090	23	Canalete-CRDOBA 	Canalete 	Crdoba 
05400	400	05	La Unin-ANTIOQUIA 	La Unin 	Antioquia 
68271	271	68	Florin-SANTANDER 	Florin 	Santander 
05659	659	05	San Juan De Urab-ANTIOQUIA 	San Juan de Urab 	Antioquia 
23660	660	23	Sahagn-CRDOBA 	Sahagn 	Crdoba 
08141	141	08	Candelaria-ATLNTICO 	Candelaria 	Atlntico 
15632	632	15	Saboy-BOYAC 	Saboy 	Boyac 
52022	022	52	Aldana-NARIO 	Aldana 	Nario 
25295	295	25	Gachancip-CUNDINAMARCA 	Gachancip 	Cundinamarca 
05101	101	05	Ciudad Bolvar-ANTIOQUIA 	Ciudad Bolvar 	Antioquia 
17665	665	17	San Jos-CALDAS 	San Jos 	Caldas 
52720	720	52	Sapuyes-NARIO 	Sapuyes 	Nario 
15897	897	15	Zetaquira-BOYAC 	Zetaquira 	Boyac 
15696	696	15	Santa Sofa-BOYAC 	Santa Sofa 	Boyac 
70230	230	70	Chaln-SUCRE 	Chaln 	Sucre 
41668	668	41	San Agustn-HUILA 	San Agustn 	Huila 
52490	490	52	Olaya Herrera-NARIO 	Olaya Herrera 	Nario 
05360	360	05	Itag-ANTIOQUIA 	Itag 	Antioquia 
15537	537	15	Paz De Ro-BOYAC 	Paz de Ro 	Boyac 
15407	407	15	Villa De Leyva-BOYAC 	Villa de Leyva 	Boyac 
50568	568	50	Puerto Gaitn-META 	Puerto Gaitn 	Meta 
15531	531	15	Pauna-BOYAC 	Pauna 	Boyac 
52694	694	52	San Pedro De Cartago-NARIO 	San Pedro de Cartago 	Nario 
68307	307	68	Girn-SANTANDER 	Girn 	Santander 
47258	258	47	El Pin-MAGDALENA 	El Pin 	Magdalena 
15500	500	15	Oicat-BOYAC 	Oicat 	Boyac 
08078	078	08	Baranoa-ATLNTICO 	Baranoa 	Atlntico 
27372	372	27	Jurad-CHOC 	Jurad 	Choc 
41483	483	41	Ntaga-HUILA 	Ntaga 	Huila 
15232	232	15	Chquiza-BOYAC 	Chquiza 	Boyac 
08832	832	08	Tubar-ATLNTICO 	Tubar 	Atlntico 
25183	183	25	Chocont-CUNDINAMARCA 	Chocont 	Cundinamarca 
54347	347	54	Herrn-NORTE DE SANTANDER 	Herrn 	Norte de Santander 
94001	001	94	Inrida-GUAINA 	Inrida 	Guaina 
15798	798	15	Tenza-BOYAC 	Tenza 	Boyac 
23855	855	23	Valencia-CRDOBA 	Valencia 	Crdoba 
13062	062	13	Arroyohondo-BOLVAR 	Arroyohondo 	Bolvar 
27050	050	27	Atrato-CHOC 	Atrato 	Choc 
27160	160	27	Crtegui-CHOC 	Crtegui 	Choc 
15804	804	15	Tiban-BOYAC 	Tiban 	Boyac 
27430	430	27	Medio Baud-CHOC 	Medio Baud 	Choc 
50110	110	50	Barranca De Upa-META 	Barranca de Upa 	Meta 
25817	817	25	Tocancip-CUNDINAMARCA 	Tocancip 	Cundinamarca 
13760	760	13	Soplaviento-BOLVAR 	Soplaviento 	Bolvar 
52683	683	52	Sandon-NARIO 	Sandon 	Nario 
15172	172	15	Chinavita-BOYAC 	Chinavita 	Boyac 
52036	036	52	Ancuy-NARIO 	Ancuy 	Nario 
52573	573	52	Puerres-NARIO 	Puerres 	Nario 
15681	681	15	San Pablo De Borbur-BOYAC 	San Pablo de Borbur 	Boyac 
15491	491	15	Nobsa-BOYAC 	Nobsa 	Boyac 
54001	001	54	Ccuta-NORTE DE SANTANDER 	Ccuta 	Norte de Santander 
97777	777	97	Papunaua-VAUPS 	Papunaua 	Vaups 
15621	621	15	Rondn-BOYAC 	Rondn 	Boyac 
13442	442	13	Mara La Baja-BOLVAR 	Mara la Baja 	Bolvar 
54680	680	54	Santiago-NORTE DE SANTANDER 	Santiago 	Norte de Santander 
86760	760	86	Santiago-PUTUMAYO 	Santiago 	Putumayo 
52390	390	52	La Tola-NARIO 	La Tola 	Nario 
15518	518	15	Pajarito-BOYAC 	Pajarito 	Boyac 
66456	456	66	Mistrat-RISARALDA 	Mistrat 	Risaralda 
66687	687	66	Santuario-RISARALDA 	Santuario 	Risaralda 
81736	736	81	Saravena-ARAUCA 	Saravena 	Arauca 
54720	720	54	Sardinata-NORTE DE SANTANDER 	Sardinata 	Norte de Santander 
25718	718	25	Sasaima-CUNDINAMARCA 	Sasaima 	Cundinamarca 
05736	736	05	Segovia-ANTIOQUIA 	Segovia 	Antioquia 
76736	736	76	Sevilla-VALLE DEL CAUCA 	Sevilla 	Valle del Cauca 
86749	749	86	Sibundoy-PUTUMAYO 	Sibundoy 	Putumayo 
54743	743	54	Silos-NORTE DE SANTANDER 	Silos 	Norte de Santander 
25743	743	25	Silvania-CUNDINAMARCA 	Silvania 	Cundinamarca 
19743	743	19	Silvia-CAUCA 	Silvia 	Cauca 
68745	745	68	Simacota-SANTANDER 	Simacota 	Santander 
25745	745	25	Simijaca-CUNDINAMARCA 	Simijaca 	Cundinamarca 
70001	001	70	Sincelejo-SUCRE 	Sincelejo 	Sucre 
47745	745	47	Sitionuevo-MAGDALENA 	Sitionuevo 	Magdalena 
25754	754	25	Soacha-CUNDINAMARCA 	Soacha 	Cundinamarca 
68755	755	68	Socorro-SANTANDER 	Socorro 	Santander 
19760	760	19	Sotara-CAUCA 	Sotara 	Cauca 
68770	770	68	Suaita-SANTANDER 	Suaita 	Santander 
41770	770	41	Suaza-HUILA 	Suaza 	Huila 
25769	769	25	Subachoque-CUNDINAMARCA 	Subachoque 	Cundinamarca 
19785	785	19	Sucre-CAUCA 	Sucre 	Cauca 
68152	152	68	Carcas-SANTANDER 	Carcas 	Santander 
68773	773	68	Sucre-SANTANDER 	Sucre 	Santander 
70771	771	70	Sucre-SUCRE 	Sucre 	Sucre 
25772	772	25	Suesca-CUNDINAMARCA 	Suesca 	Cundinamarca 
25779	779	25	Susa-CUNDINAMARCA 	Susa 	Cundinamarca 
25781	781	25	Sutatausa-CUNDINAMARCA 	Sutatausa 	Cundinamarca 
25785	785	25	Tabio-CUNDINAMARCA 	Tabio 	Cundinamarca 
08685	685	08	Santo Toms-ATLNTICO 	Santo Toms 	Atlntico 
20787	787	20	Tamalameque-CESAR 	Tamalameque 	Cesar 
81794	794	81	Tame-ARAUCA 	Tame 	Arauca 
41791	791	41	Tarqui-HUILA 	Tarqui 	Huila 
05792	792	05	Tarso-ANTIOQUIA 	Tarso 	Antioquia 
85410	410	85	Tauramena-CASANARE 	Tauramena 	Casanare 
25793	793	25	Tausa-CUNDINAMARCA 	Tausa 	Cundinamarca 
41799	799	41	Tello-HUILA 	Tello 	Huila 
25797	797	25	Tena-CUNDINAMARCA 	Tena 	Cundinamarca 
47798	798	47	Tenerife-MAGDALENA 	Tenerife 	Magdalena 
25799	799	25	Tenjo-CUNDINAMARCA 	Tenjo 	Cundinamarca 
54800	800	54	Teorama-NORTE DE SANTANDER 	Teorama 	Norte de Santander 
41801	801	41	Teruel-HUILA 	Teruel 	Huila 
41797	797	41	Tesalia-HUILA 	Tesalia 	Huila 
25805	805	25	Tibacuy-CUNDINAMARCA 	Tibacuy 	Cundinamarca 
25807	807	25	Tibirita-CUNDINAMARCA 	Tibirita 	Cundinamarca 
25815	815	25	Tocaima-CUNDINAMARCA 	Tocaima 	Cundinamarca 
05819	819	05	Toledo-ANTIOQUIA 	Toledo 	Antioquia 
54820	820	54	Toledo-NORTE DE SANTANDER 	Toledo 	Norte de Santander 
15466	466	15	Mongu-BOYAC 	Mongu 	Boyac 
68820	820	68	Tona-SANTANDER 	Tona 	Santander 
76823	823	76	Toro-VALLE DEL CAUCA 	Toro 	Valle del Cauca 
85430	430	85	Trinidad-CASANARE 	Trinidad 	Casanare 
76828	828	76	Trujillo-VALLE DEL CAUCA 	Trujillo 	Valle del Cauca 
05837	837	05	Turbo-ANTIOQUIA 	Turbo 	Antioquia 
25841	841	25	Ubaque-CUNDINAMARCA 	Ubaque 	Cundinamarca 
76845	845	76	Ulloa-VALLE DEL CAUCA 	Ulloa 	Valle del Cauca 
25845	845	25	Une-CUNDINAMARCA 	Une 	Cundinamarca 
05036	036	05	Angelpolis-ANTIOQUIA 	Angelpolis 	Antioquia 
52699	699	52	Santacruz-NARIO 	Santacruz 	Nario 
52083	083	52	Beln-NARIO 	Beln 	Nario 
63302	302	63	Gnova-QUINDIO 	Gnova 	Quindio 
05483	483	05	Nario-ANTIOQUIA 	Nario 	Antioquia 
08372	372	08	Juan De Acosta-ATLNTICO 	Juan de Acosta 	Atlntico 
23686	686	23	San Pelayo-CRDOBA 	San Pelayo 	Crdoba 
18860	860	18	Valparaso-CAQUET 	Valparaso 	Caquet 
50400	400	50	Lejanas-META 	Lejanas 	Meta 
81591	591	81	Puerto Rondn-ARAUCA 	Puerto Rondn 	Arauca 
05001	001	05	Medelln-ANTIOQUIA 	Medelln 	Antioquia 
25878	878	25	Viot-CUNDINAMARCA 	Viot 	Cundinamarca 
76400	400	76	La Unin-VALLE DEL CAUCA 	La Unin 	Valle del Cauca 
15763	763	15	Sotaquir-BOYAC 	Sotaquir 	Boyac 
15299	299	15	Garagoa-BOYAC 	Garagoa 	Boyac 
13001	001	13	Cartagena De Indias-BOLVAR 	Cartagena de Indias 	Bolvar 
85015	015	85	Chmeza-CASANARE 	Chmeza 	Casanare 
73148	148	73	Carmen De Apical-TOLIMA 	Carmen de Apical 	Tolima 
50689	689	50	San Martn-META 	San Martn 	Meta 
25898	898	25	Zipacn-CUNDINAMARCA 	Zipacn 	Cundinamarca 
13580	580	13	Regidor-BOLVAR 	Regidor 	Bolvar 
68250	250	68	El Pen-SANTANDER 	El Pen 	Santander 
15215	215	15	Corrales-BOYAC 	Corrales 	Boyac 
25398	398	25	La Pea-CUNDINAMARCA 	La Pea 	Cundinamarca 
25086	086	25	Beltrn-CUNDINAMARCA 	Beltrn 	Cundinamarca 
05113	113	05	Buritic-ANTIOQUIA 	Buritic 	Antioquia 
23815	815	23	Tuchn-CRDOBA 	Tuchn 	Crdoba 
15367	367	15	Jenesano-BOYAC 	Jenesano 	Boyac 
15325	325	15	Guayat-BOYAC 	Guayat 	Boyac 
08520	520	08	Palmar De Varela-ATLNTICO 	Palmar de Varela 	Atlntico 
15244	244	15	El Cocuy-BOYAC 	El Cocuy 	Boyac 
13440	440	13	Margarita-BOLVAR 	Margarita 	Bolvar 
25736	736	25	Sesquil-CUNDINAMARCA 	Sesquil 	Cundinamarca 
05761	761	05	Sopetrn-ANTIOQUIA 	Sopetrn 	Antioquia 
15401	401	15	La Victoria-BOYAC 	La Victoria 	Boyac 
20013	013	20	Agustn Codazzi-CESAR 	Agustn Codazzi 	Cesar 
15572	572	15	Puerto Boyac-BOYAC 	Puerto Boyac 	Boyac 
25297	297	25	Gachet-CUNDINAMARCA 	Gachet 	Cundinamarca 
13212	212	13	Crdoba-BOLVAR 	Crdoba 	Bolvar 
47692	692	47	San Sebastin De Buenavista-MAGDALENA 	San Sebastin de Buenavista 	Magdalena 
66088	088	66	Beln De Umbra-RISARALDA 	Beln de Umbra 	Risaralda 
68855	855	68	Valle De San Jos-SANTANDER 	Valle de San Jos 	Santander 
18150	150	18	Cartagena Del Chair-CAQUET 	Cartagena del Chair 	Caquet 
52693	693	52	San Pablo-NARIO 	San Pablo 	Nario 
15114	114	15	Busbanz-BOYAC 	Busbanz 	Boyac 
52224	224	52	Cuaspd-NARIO 	Cuaspd 	Nario 
05842	842	05	Uramita-ANTIOQUIA 	Uramita 	Antioquia 
50370	370	50	Uribe-META 	Uribe 	Meta 
44847	847	44	Uribia-LA GUAJIRA 	Uribia 	La Guajira 
05847	847	05	Urrao-ANTIOQUIA 	Urrao 	Antioquia 
44855	855	44	Urumita-LA GUAJIRA 	Urumita 	La Guajira 
05854	854	05	Valdivia-ANTIOQUIA 	Valdivia 	Antioquia 
15176	176	15	Chiquinquir-BOYAC 	Chiquinquir 	Boyac 
25328	328	25	Guayabal De Squima-CUNDINAMARCA 	Guayabal de Squima 	Cundinamarca 
13657	657	13	San Juan Nepomuceno-BOLVAR 	San Juan Nepomuceno 	Bolvar 
20001	001	20	Valledupar-CESAR 	Valledupar 	Cesar 
73861	861	73	Venadillo-TOLIMA 	Venadillo 	Tolima 
05861	861	05	Venecia-ANTIOQUIA 	Venecia 	Antioquia 
25506	506	25	Venecia-CUNDINAMARCA 	Venecia 	Cundinamarca 
25862	862	25	Vergara-CUNDINAMARCA 	Vergara 	Cundinamarca 
76863	863	76	Versalles-VALLE DEL CAUCA 	Versalles 	Valle del Cauca 
68867	867	68	Vetas-SANTANDER 	Vetas 	Santander 
17867	867	17	Victoria-CALDAS 	Victoria 	Caldas 
15442	442	15	Marip-BOYAC 	Marip 	Boyac 
76869	869	76	Vijes-VALLE DEL CAUCA 	Vijes 	Valle del Cauca 
05495	495	05	Nech-ANTIOQUIA 	Nech 	Antioquia 
13473	473	13	Morales-BOLVAR 	Morales 	Bolvar 
05893	893	05	Yond-ANTIOQUIA 	Yond 	Antioquia 
52585	585	52	Pupiales-NARIO 	Pupiales 	Nario 
19845	845	19	Villa Rica-CAUCA 	Villa rica 	Cauca 
73870	870	73	Villahermosa-TOLIMA 	Villahermosa 	Tolima 
85440	440	85	Villanueva-CASANARE 	Villanueva 	Casanare 
44874	874	44	Villanueva-LA GUAJIRA 	Villanueva 	La Guajira 
68872	872	68	Villanueva-SANTANDER 	Villanueva 	Santander 
73873	873	73	Villarrica-TOLIMA 	Villarrica 	Tolima 
50001	001	50	Villavicencio-META 	Villavicencio 	Meta 
41872	872	41	Villavieja-HUILA 	Villavieja 	Huila 
25875	875	25	Villeta-CUNDINAMARCA 	Villeta 	Cundinamarca 
50711	711	50	Vistahermosa-META 	Vistahermosa 	Meta 
17877	877	17	Viterbo-CALDAS 	Viterbo 	Caldas 
05887	887	05	Yarumal-ANTIOQUIA 	Yarumal 	Antioquia 
85001	001	85	Yopal-CASANARE 	Yopal 	Casanare 
76890	890	76	Yotoco-VALLE DEL CAUCA 	Yotoco 	Valle del Cauca 
76892	892	76	Yumbo-VALLE DEL CAUCA 	Yumbo 	Valle del Cauca 
68895	895	68	Zapatoca-SANTANDER 	Zapatoca 	Santander 
05895	895	05	Zaragoza-ANTIOQUIA 	Zaragoza 	Antioquia 
76895	895	76	Zarzal-VALLE DEL CAUCA 	Zarzal 	Valle del Cauca 
73671	671	73	Saldaa-TOLIMA 	Saldaa 	Tolima 
25658	658	25	San Francisco-CUNDINAMARCA 	San Francisco 	Cundinamarca 
50450	450	50	Puerto Concordia-META 	Puerto Concordia 	Meta 
70678	678	70	San Benito Abad-SUCRE 	San Benito abad 	Sucre 
19807	807	19	Timbo-CAUCA 	Timbo 	Cauca 
66682	682	66	Santa Rosa De Cabal-RISARALDA 	Santa Rosa de Cabal 	Risaralda 
15778	778	15	Sutatenza-BOYAC 	Sutatenza 	Boyac 
73854	854	73	Valle De San Juan-TOLIMA 	Valle de San Juan 	Tolima 
25386	386	25	La Mesa-CUNDINAMARCA 	La Mesa 	Cundinamarca 
20570	570	20	Pueblo Bello-CESAR 	Pueblo Bello 	Cesar 
05649	649	05	San Carlos-ANTIOQUIA 	San Carlos 	Antioquia 
25572	572	25	Puerto Salgar-CUNDINAMARCA 	Puerto Salgar 	Cundinamarca 
76403	403	76	La Victoria-VALLE DEL CAUCA 	La Victoria 	Valle del Cauca 
47707	707	47	Santa Ana-MAGDALENA 	Santa Ana 	Magdalena 
63401	401	63	La Tebaida-QUINDIO 	La Tebaida 	Quindio 
25645	645	25	San Antonio Del Tequendama-CUNDINAMARCA 	San Antonio del Tequendama 	Cundinamarca 
41396	396	41	La Plata-HUILA 	La Plata 	Huila 
19397	397	19	La Vega-CAUCA 	La Vega 	Cauca 
85136	136	85	La Salina-CASANARE 	La Salina 	Casanare 
19573	573	19	Puerto Tejada-CAUCA 	Puerto Tejada 	Cauca 
68575	575	68	Puerto Wilches-SANTANDER 	Puerto Wilches 	Santander 
25649	649	25	San Bernardo-CUNDINAMARCA 	San Bernardo 	Cundinamarca 
68572	572	68	Puente Nacional-SANTANDER 	Puente Nacional 	Santander 
25394	394	25	La Palma-CUNDINAMARCA 	La Palma 	Cundinamarca 
85125	125	85	Hato Corozal-CASANARE 	Hato Corozal 	Casanare 
68418	418	68	Los Santos-SANTANDER 	Los Santos 	Santander 
54553	553	54	Puerto Santander-NORTE DE SANTANDER 	Puerto Santander 	Norte de Santander 
05690	690	05	Santo Domingo-ANTIOQUIA 	Santo Domingo 	Antioquia 
54670	670	54	San Calixto-NORTE DE SANTANDER 	San Calixto 	Norte de Santander 
68377	377	68	La Belleza-SANTANDER 	La Belleza 	Santander 
20710	710	20	San Alberto-CESAR 	San Alberto 	Cesar 
68573	573	68	Puerto Parra-SANTANDER 	Puerto Parra 	Santander 
25653	653	25	San Cayetano-CUNDINAMARCA 	San Cayetano 	Cundinamarca 
47001	001	47	Santa Marta-MAGDALENA 	Santa Marta 	Magdalena 
99524	524	99	La Primavera-VICHADA 	La Primavera 	Vichada 
73686	686	73	Santa Isabel-TOLIMA 	Santa Isabel 	Tolima 
76670	670	76	San Pedro-VALLE DEL CAUCA 	San Pedro 	Valle del Cauca 
05591	591	05	Puerto Triunfo-ANTIOQUIA 	Puerto Triunfo 	Antioquia 
68679	679	68	San Gil-SANTANDER 	San Gil 	Santander 
86569	569	86	Puerto Caicedo-PUTUMAYO 	Puerto Caicedo 	Putumayo 
05670	670	05	San Roque-ANTIOQUIA 	San Roque 	Antioquia 
05789	789	05	Tmesis-ANTIOQUIA 	Tmesis 	Antioquia 
23555	555	23	Planeta Rica-CRDOBA 	Planeta Rica 	Crdoba 
15090	090	15	Berbeo-BOYAC 	Berbeo 	Boyac 
08849	849	08	Usiacur-ATLNTICO 	Usiacur 	Atlntico 
27413	413	27	Llor-CHOC 	Llor 	Choc 
08638	638	08	Sabanalarga-ATLNTICO 	Sabanalarga 	Atlntico 
05321	321	05	Guatap-ANTIOQUIA 	Guatap 	Antioquia 
70823	823	70	Tol Viejo-SUCRE 	Tol Viejo 	Sucre 
25843	843	25	Villa De De Ubat-CUNDINAMARCA 	Villa de de Ubat 	Cundinamarca 
52399	399	52	La Unin-NARIO 	La Unin 	Nario 
18753	753	18	San Vicente Del Cagun-CAQUET 	San Vicente del Cagun 	Caquet 
08770	770	08	Suan-ATLNTICO 	Suan 	Atlntico 
13780	780	13	Talaigua Nuevo-BOLVAR 	Talaigua Nuevo 	Bolvar 
13300	300	13	Hatillo De Loba-BOLVAR 	Hatillo de Loba 	Bolvar 
52678	678	52	Samaniego-NARIO 	Samaniego 	Nario 
41676	676	41	Santa Mara-HUILA 	Santa Mara 	Huila 
54003	003	54	brego-NORTE DE SANTANDER 	brego 	Norte de Santander 
17777	777	17	Supa-CALDAS 	Supa 	Caldas 
25372	372	25	Junn-CUNDINAMARCA 	Junn 	Cundinamarca 
68167	167	68	Charal-SANTANDER 	Charal 	Santander 
13244	244	13	El Carmen De Bolvar-BOLVAR 	El Carmen de Bolvar 	Bolvar 
18410	410	18	La Montaita-CAQUET 	La Montaita 	Caquet 
25873	873	25	Villapinzn-CUNDINAMARCA 	Villapinzn 	Cundinamarca 
27150	150	27	Carmen Del Darin-CHOC 	Carmen del Darin 	Choc 
08001	001	08	Barranquilla-ATLNTICO 	Barranquilla 	Atlntico 
52838	838	52	Tquerres-NARIO 	Tquerres 	Nario 
15808	808	15	Tinjac-BOYAC 	Tinjac 	Boyac 
15380	380	15	La Capilla-BOYAC 	La Capilla 	Boyac 
27450	450	27	Medio San Juan-CHOC 	Medio San Juan 	Choc 
18001	001	18	Florencia-CAQUET 	Florencia 	Caquet 
15180	180	15	Chiscas-BOYAC 	Chiscas 	Boyac 
68255	255	68	El Playn-SANTANDER 	El Playn 	Santander 
23675	675	23	San Bernardo Del Viento-CRDOBA 	San Bernardo del Viento 	Crdoba 
15667	667	15	San Luis De Gaceno-BOYAC 	San Luis de Gaceno 	Boyac 
25758	758	25	Sop-CUNDINAMARCA 	Sop 	Cundinamarca 
05138	138	05	Caasgordas-ANTIOQUIA 	Caasgordas 	Antioquia 
25885	885	25	Yacop-CUNDINAMARCA 	Yacop 	Cundinamarca 
73770	770	73	Surez-TOLIMA 	Surez 	Tolima 
05579	579	05	Puerto Berro-ANTIOQUIA 	Puerto Berro 	Antioquia 
19364	364	19	Jambal-CAUCA 	Jambal 	Cauca 
05652	652	05	San Francisco-ANTIOQUIA 	San Francisco 	Antioquia 
05660	660	05	San Luis-ANTIOQUIA 	San Luis 	Antioquia 
70717	717	70	San Pedro-SUCRE 	San Pedro 	Sucre 
73675	675	73	San Antonio-TOLIMA 	San Antonio 	Tolima 
54385	385	54	La Esperanza-NORTE DE SANTANDER 	La Esperanza 	Norte de Santander 
91536	536	91	Puerto Arica-AMAZONAS 	Puerto Arica 	Amazonas 
50150	150	50	Castilla La Nueva-META 	Castilla la Nueva 	Meta 
19698	698	19	Santander De Quilichao-CAUCA 	Santander de Quilichao 	Cauca 
05390	390	05	La Pintada-ANTIOQUIA 	La Pintada 	Antioquia 
25154	154	25	Carmen De Carupa-CUNDINAMARCA 	Carmen de Carupa 	Cundinamarca 
66400	400	66	La Virginia-RISARALDA 	La Virginia 	Risaralda 
68673	673	68	San Benito-SANTANDER 	San Benito 	Santander 
05585	585	05	Puerto Nare-ANTIOQUIA 	Puerto Nare 	Antioquia 
70708	708	70	San Marcos-SUCRE 	San Marcos 	Sucre 
54398	398	54	La Playa-NORTE DE SANTANDER 	La Playa 	Norte de Santander 
91669	669	91	Puerto Santander-AMAZONAS 	Puerto Santander 	Amazonas 
15189	189	15	Cinega-BOYAC 	Cinega 	Boyac 
44420	420	44	La Jagua Del Pilar-LA GUAJIRA 	La Jagua del Pilar 	La Guajira 
20383	383	20	La Gloria-CESAR 	La Gloria 	Cesar 
73678	678	73	San Luis-TOLIMA 	San Luis 	Tolima 
68179	179	68	Chipat-SANTANDER 	Chipat 	Santander 
91407	407	91	La Pedrera-AMAZONAS 	La Pedrera 	Amazonas 
05667	667	05	San Rafael-ANTIOQUIA 	San Rafael 	Antioquia 
91405	405	91	La Chorrera-AMAZONAS 	La Chorrera 	Amazonas 
19701	701	19	Santa Rosa-CAUCA 	Santa Rosa 	Cauca 
25662	662	25	San Juan De Rioseco-CUNDINAMARCA 	San Juan de Rioseco 	Cundinamarca 
47980	980	47	Zona Bananera-MAGDALENA 	Zona Bananera 	Magdalena 
76377	377	76	La Cumbre-VALLE DEL CAUCA 	La Cumbre 	Valle del Cauca 
68397	397	68	La Paz-SANTANDER 	La Paz 	Santander 
17380	380	17	La Dorada-CALDAS 	La Dorada 	Caldas 
20400	400	20	La Jagua De Ibirico-CESAR 	La Jagua de Ibirico 	Cesar 
66572	572	66	Pueblo Rico-RISARALDA 	Pueblo Rico 	Risaralda 
70418	418	70	Los Palmitos-SUCRE 	Los Palmitos 	Sucre 
66383	383	66	La Celia-RISARALDA 	La Celia 	Risaralda 
50350	350	50	La Macarena-META 	La Macarena 	Meta 
47161	161	47	Cerro De San Antonio-MAGDALENA 	Cerro de San Antonio 	Magdalena 
17662	662	17	Saman-CALDAS 	Saman 	Caldas 
86755	755	86	San Francisco-PUTUMAYO 	San Francisco 	Putumayo 
15842	842	15	mbita-BOYAC 	mbita 	Boyac 
13620	620	13	San Cristbal-BOLVAR 	San Cristbal 	Bolvar 
27580	580	27	Ro Ir-CHOC 	Ro Ir 	Choc 
08433	433	08	Malambo-ATLNTICO 	Malambo 	Atlntico 
13042	042	13	Arenal-BOLVAR 	Arenal 	Bolvar 
54206	206	54	Convencin-NORTE DE SANTANDER 	Convencin 	Norte de Santander 
15580	580	15	Qupama-BOYAC 	Qupama 	Boyac 
25099	099	25	Bojac-CUNDINAMARCA 	Bojac 	Cundinamarca 
15236	236	15	Chivor-BOYAC 	Chivor 	Boyac 
23464	464	23	Momil-CRDOBA 	Momil 	Crdoba 
50006	006	50	Acacas-META 	Acacas 	Meta 
05490	490	05	Necocl-ANTIOQUIA 	Necocl 	Antioquia 
23500	500	23	Moitos-CRDOBA 	Moitos 	Crdoba 
52258	258	52	El Tabln De Gmez-NARIO 	El Tabln de Gmez 	Nario 
23189	189	23	Cinaga De Oro-CRDOBA 	Cinaga de Oro 	Crdoba 
50325	325	50	Mapiripn-META 	Mapiripn 	Meta 
13468	468	13	Momps-BOLVAR 	Momps 	Bolvar 
15224	224	15	Cucaita-BOYAC 	Cucaita 	Boyac 
23417	417	23	Lorica-CRDOBA 	Lorica 	Crdoba 
68684	684	68	San Jos De Miranda-SANTANDER 	San Jos de Miranda 	Santander 
15542	542	15	Pesca-BOYAC 	Pesca 	Boyac 
52240	240	52	Chachag-NARIO 	Chachag 	Nario 
08675	675	08	Santa Luca-ATLNTICO 	Santa Luca 	Atlntico 
73411	411	73	Lbano-TOLIMA 	Lbano 	Tolima 
85225	225	85	Nuncha-CASANARE 	Nuncha 	Casanare 
13030	030	13	Altos Del Rosario-BOLVAR 	Altos del Rosario 	Bolvar 
68705	705	68	Santa Brbara-SANTANDER 	Santa Brbara 	Santander 
23079	079	23	Buenavista-CRDOBA 	Buenavista 	Crdoba 
52612	612	52	Ricaurte-NARIO 	Ricaurte 	Nario 
94885	885	94	La Guadalupe-GUAINA 	La Guadalupe 	Guaina 
41244	244	41	Elas-HUILA 	Elas 	Huila 
52540	540	52	Policarpa-NARIO 	Policarpa 	Nario 
25339	339	25	Gutirrez-CUNDINAMARCA 	Gutirrez 	Cundinamarca 
47703	703	47	San Zenn-MAGDALENA 	San Zenn 	Magdalena 
52687	687	52	San Lorenzo-NARIO 	San Lorenzo 	Nario 
15087	087	15	Beln-BOYAC 	Beln 	Boyac 
19548	548	19	Piendam-CAUCA 	Piendam 	Cauca 
15272	272	15	Firavitoba-BOYAC 	Firavitoba 	Boyac 
27800	800	27	Ungua-CHOC 	Ungua 	Choc 
15550	550	15	Pisba-BOYAC 	Pisba 	Boyac 
85325	325	85	San Luis De Palenque-CASANARE 	San Luis de Palenque 	Casanare 
18610	610	18	San Jos Del Fragua-CAQUET 	San Jos del Fragua 	Caquet 
70713	713	70	San Onofre-SUCRE 	San Onofre 	Sucre 
25402	402	25	La Vega-CUNDINAMARCA 	La Vega 	Cundinamarca 
86757	757	86	San Miguel-PUTUMAYO 	San Miguel 	Putumayo 
50686	686	50	San Juanito-META 	San Juanito 	Meta 
47460	460	47	Nueva Granada-MAGDALENA 	Nueva Granada 	Magdalena 
05686	686	05	Santa Rosa De Osos-ANTIOQUIA 	Santa Rosa de Osos 	Antioquia 
05664	664	05	San Pedro Los Milagros-ANTIOQUIA 	San Pedro los Milagros 	Antioquia 
05674	674	05	San Vicente Ferrer-ANTIOQUIA 	San Vicente Ferrer 	Antioquia 
81220	220	81	Cravo Norte-ARAUCA 	Cravo Norte 	Arauca 
19392	392	19	La Sierra-CAUCA 	La Sierra 	Cauca 
54673	673	54	San Cayetano-NORTE DE SANTANDER 	San Cayetano 	Norte de Santander 
05376	376	05	La Ceja-ANTIOQUIA 	La Ceja 	Antioquia 
17388	388	17	La Merced-CALDAS 	La Merced 	Caldas 
23350	350	23	La Apartada-CRDOBA 	La Apartada 	Crdoba 
54871	871	54	Villa Caro-NORTE DE SANTANDER 	Villa Caro 	Norte de Santander 
05380	380	05	La Estrella-ANTIOQUIA 	La Estrella 	Antioquia 
44650	650	44	San Juan Del Cesar-LA GUAJIRA 	San Juan del Cesar 	La Guajira 
68655	655	68	Sabana De Torres-SANTANDER 	Sabana de Torres 	Santander 
41378	378	41	La Argentina-HUILA 	La Argentina 	Huila 
91430	430	91	La Victoria-AMAZONAS 	La Victoria 	Amazonas 
70702	702	70	San Juan De Betulia-SUCRE 	San Juan de Betulia 	Sucre 
19110	110	19	Buenos Aires-CAUCA 	Buenos Aires 	Cauca 
50590	590	50	Puerto Rico-META 	Puerto Rico 	Meta 
47660	660	47	Sabanas De San ngel-MAGDALENA 	Sabanas de San ngel 	Magdalena 
15109	109	15	Buenavista-BOYAC 	Buenavista 	Boyac 
66318	318	66	Gutica-RISARALDA 	Gutica 	Risaralda 
68533	533	68	Pramo-SANTANDER 	Pramo 	Santander 
15764	764	15	Sorac-BOYAC 	Sorac 	Boyac 
15218	218	15	Covaracha-BOYAC 	Covaracha 	Boyac 
23182	182	23	Chin-CRDOBA 	Chin 	Crdoba 
15837	837	15	Tuta-BOYAC 	Tuta 	Boyac 
19532	532	19	Pata-CAUCA 	Pata 	Cauca 
91798	798	91	Tarapac-AMAZONAS 	Tarapac 	Amazonas 
15455	455	15	Miraflores-BOYAC 	Miraflores 	Boyac 
15051	051	15	Arcabuco-BOYAC 	Arcabuco 	Boyac 
97001	001	97	Mit-VAUPS 	Mit 	Vaups 
52685	685	52	San Bernardo-NARIO 	San Bernardo 	Nario 
17174	174	17	Chinchin-CALDAS 	Chinchin 	Caldas 
15861	861	15	Ventaquemada-BOYAC 	Ventaquemada 	Boyac 
23678	678	23	San Carlos-CRDOBA 	San Carlos 	Crdoba 
15106	106	15	Briceo-BOYAC 	Briceo 	Boyac 
08634	634	08	Sabanagrande-ATLNTICO 	Sabanagrande 	Atlntico 
52019	019	52	Albn-NARIO 	Albn 	Nario 
86573	573	86	Puerto Leguzamo-PUTUMAYO 	Puerto Leguzamo 	Putumayo 
52233	233	52	Cumbitara-NARIO 	Cumbitara 	Nario 
25175	175	25	Cha-CUNDINAMARCA 	Cha 	Cundinamarca 
13654	654	13	San Jacinto-BOLVAR 	San Jacinto 	Bolvar 
54128	128	54	Cchira-NORTE DE SANTANDER 	Cchira 	Norte de Santander 
25290	290	25	Fusagasug-CUNDINAMARCA 	Fusagasug 	Cundinamarca 
05240	240	05	Ebjico-ANTIOQUIA 	Ebjico 	Antioquia 
25019	019	25	Albn-CUNDINAMARCA 	Albn 	Cundinamarca 
17513	513	17	Pcora-CALDAS 	Pcora 	Caldas 
68327	327	68	Gepsa-SANTANDER 	Gepsa 	Santander 
13688	688	13	Santa Rosa Del Sur-BOLVAR 	Santa Rosa del Sur 	Bolvar 
05890	890	05	Yolomb-ANTIOQUIA 	Yolomb 	Antioquia 
15822	822	15	Tota-BOYAC 	Tota 	Boyac 
73443	443	73	San Sebastin De Mariquita-TOLIMA 	San Sebastin de Mariquita 	Tolima 
20614	614	20	Ro De Oro-CESAR 	Ro de Oro 	Cesar 
15362	362	15	Iza-BOYAC 	Iza 	Boyac 
15223	223	15	Cubar-BOYAC 	Cubar 	Boyac 
19821	821	19	Toribo-CAUCA 	Toribo 	Cauca 
13873	873	13	Villanueva-BOLVAR 	Villanueva 	Bolvar 
52287	287	52	Funes-NARIO 	Funes 	Nario 
15293	293	15	Gachantiv-BOYAC 	Gachantiv 	Boyac 
15522	522	15	Panqueba-BOYAC 	Panqueba 	Boyac 
63212	212	63	Crdoba-QUINDIO 	Crdoba 	Quindio 
94883	883	94	San Felipe-GUAINA 	San Felipe 	Guaina 
25483	483	25	Nario-CUNDINAMARCA 	Nario 	Cundinamarca 
05021	021	05	Alejandra-ANTIOQUIA 	Alejandra 	Antioquia 
25126	126	25	Cajic-CUNDINAMARCA 	Cajic 	Cundinamarca 
52250	250	52	El Charco-NARIO 	El Charco 	Nario 
47189	189	47	Cinaga-MAGDALENA 	Cinaga 	Magdalena 
68385	385	68	Landzuri-SANTANDER 	Landzuri 	Santander 
85230	230	85	Orocu-CASANARE 	Orocu 	Casanare 
15022	022	15	Almeida-BOYAC 	Almeida 	Boyac 
86219	219	86	Coln-PUTUMAYO 	Coln 	Putumayo 
25377	377	25	La Calera-CUNDINAMARCA 	La Calera 	Cundinamarca 
76111	111	76	Guadalajara De Buga-VALLE DEL CAUCA 	Guadalajara de Buga 	Valle del Cauca 
20621	621	20	La Paz-CESAR 	La Paz 	Cesar 
50223	223	50	San Luis De Cubarral-META 	San Luis de Cubarral 	Meta 
50577	577	50	Puerto Lleras-META 	Puerto Lleras 	Meta 
86865	865	86	Valle Del Guamuez-PUTUMAYO 	Valle del Guamuez 	Putumayo 
50287	287	50	Fuente De Oro-META 	Fuente de Oro 	Meta 
68524	524	68	Palmas Del Socorro-SANTANDER 	Palmas del Socorro 	Santander 
50683	683	50	San Juan De Arama-META 	San Juan de Arama 	Meta 
20750	750	20	San Diego-CESAR 	San Diego 	Cesar 
54405	405	54	Los Patios-NORTE DE SANTANDER 	Los Patios 	Norte de Santander 
68686	686	68	San Miguel-SANTANDER 	San Miguel 	Santander 
50680	680	50	San Carlos De Guaroa-META 	San Carlos de Guaroa 	Meta 
54874	874	54	Villa Del Rosario-NORTE DE SANTANDER 	Villa del Rosario 	Norte de Santander 
85250	250	85	Paz De Ariporo-CASANARE 	Paz de Ariporo 	Casanare 
50270	270	50	El Dorado-META 	El Dorado 	Meta 
47245	245	47	El Banco-MAGDALENA 	El Banco 	Magdalena 
54245	245	54	El Carmen-NORTE DE SANTANDER 	El Carmen 	Norte de Santander 
19256	256	19	El Tambo-CAUCA 	El Tambo 	Cauca 
70233	233	70	El Roble-SUCRE 	El Roble 	Sucre 
54250	250	54	El Tarra-NORTE DE SANTANDER 	El Tarra 	Norte de Santander 
05148	148	05	El Carmen De Viboral-ANTIOQUIA 	El Carmen de Viboral 	Antioquia 
68245	245	68	El Guacamayo-SANTANDER 	El Guacamayo 	Santander 
76246	246	76	El Cairo-VALLE DEL CAUCA 	El Cairo 	Valle del Cauca 
95025	025	95	El Retorno-GUAVIARE 	El Retorno 	Guaviare 
44110	110	44	El Molino-LA GUAJIRA 	El Molino 	La Guajira 
54261	261	54	El Zulia-NORTE DE SANTANDER 	El Zulia 	Norte de Santander 
05250	250	05	El Bagre-ANTIOQUIA 	El Bagre 	Antioquia 
05697	697	05	El Santuario-ANTIOQUIA 	El Santuario 	Antioquia 
50245	245	50	El Calvario-META 	El Calvario 	Meta 
91263	263	91	El Encanto-AMAZONAS 	El Encanto 	Amazonas 
25245	245	25	El Colegio-CUNDINAMARCA 	El Colegio 	Cundinamarca 
20238	238	20	El Copey-CESAR 	El Copey 	Cesar 
50251	251	50	El Castillo-META 	El Castillo 	Meta 
25260	260	25	El Rosal-CUNDINAMARCA 	El Rosal 	Cundinamarca 
25001	001	25	Agua De Dios-CUNDINAMARCA 	Agua de Dios 	Cundinamarca 
76250	250	76	El Dovio-VALLE DEL CAUCA 	El Dovio 	Valle del Cauca 
76248	248	76	El Cerrito-VALLE DEL CAUCA 	El Cerrito 	Valle del Cauca 
20250	250	20	El Paso-CESAR 	El Paso 	Cesar 
15322	322	15	Guateque-BOYAC 	Guateque 	Boyac 
05107	107	05	Briceo-ANTIOQUIA 	Briceo 	Antioquia 
52427	427	52	Mag-NARIO 	Mag 	Nario 
27660	660	27	San Jos Del Palmar-CHOC 	San Jos del Palmar 	Choc 
52506	506	52	Ospina-NARIO 	Ospina 	Nario 
25867	867	25	Vian-CUNDINAMARCA 	Vian 	Cundinamarca 
20770	770	20	San Martn-CESAR 	San Martn 	Cesar 
13248	248	13	El Guamo-BOLVAR 	El Guamo 	Bolvar 
05310	310	05	Gmez Plata-ANTIOQUIA 	Gmez Plata 	Antioquia 
94343	343	94	Barranco Minas-GUAINA 	Barranco Minas 	Guaina 
50573	573	50	Puerto Lpez-META 	Puerto Lpez 	Meta 
15600	600	15	Rquira-BOYAC 	Rquira 	Boyac 
13667	667	13	San Martn De Loba-BOLVAR 	San Martn de Loba 	Bolvar 
94886	886	94	Cacahual-GUAINA 	Cacahual 	Guaina 
52317	317	52	Guachucal-NARIO 	Guachucal 	Nario 
68296	296	68	Galn-SANTANDER 	Galn 	Santander 
19100	100	19	Bolvar-CAUCA 	Bolvar 	Cauca 
15135	135	15	Campohermoso-BOYAC 	Campohermoso 	Boyac 
13268	268	13	El Pen-BOLVAR 	El Pen 	Bolvar 
15761	761	15	Somondoco-BOYAC 	Somondoco 	Boyac 
13683	683	13	Santa Rosa-BOLVAR 	Santa Rosa 	Bolvar 
19318	318	19	Guap-CAUCA 	Guap 	Cauca 
25486	486	25	Nemocn-CUNDINAMARCA 	Nemocn 	Cundinamarca 
05856	856	05	Valparaso-ANTIOQUIA 	Valparaso 	Antioquia 
27205	205	27	Condoto-CHOC 	Condoto 	Choc 
15047	047	15	Aquitania-BOYAC 	Aquitania 	Boyac 
73055	055	73	Armero-TOLIMA 	Armero 	Tolima 
\.


--
-- Data for Name: compra; Type: TABLE DATA; Schema: public; Owner: postgres
--

COPY public.compra (codigo, fecha, vence, hora, subtotal19, subtotal5, subtotal0, subtotal, subtotaliva19, subtotaliva5, subtotaliva0, subtotalbase19, subtotalbase5, subtotalbase0, totaliva, total, porcentajeretencionfuente, totalretencionfuente, porcentajeretencionica, totalretencionica, neto, items, formadepago, mediodepago, tercero, almacenista, descuento, subtotaldescuento19, subtotaldescuento5, subtotaldescuento0, pedido, tipo, centro) FROM stdin;
\.


--
-- Data for Name: compradetalle; Type: TABLE DATA; Schema: public; Owner: postgres
--

COPY public.compradetalle (codigo, fila, cantidad, precio, subtotal, pagina, bodega, producto, descuento, montodescuento, sigratis, subtotaldescuento, tipo, fecha, id) FROM stdin;
\.


--
-- Data for Name: comprobante; Type: TABLE DATA; Schema: public; Owner: postgres
--

COPY public.comprobante (documento, numero, fecha, fechaconsignacion, periodo, licencia, usuario, estado, debito, credito) FROM stdin;
1	1	2018-01-01	2018-07-03	2021	0150	1	revisado	1000000.00	1000000.00
1	2	2018-01-10	2018-07-03	2021	0150	1	revisado	800000.00	800000.00
1	3	2018-01-15	2018-07-03	2021	0150	1	revisado	1080000.00	1080000.00
30	1	2018-01-01	2018-01-01	2018				400000.00	400000.00
30	2	2018-01-01	2018-01-01	2018				200000.00	200000.00
30	3	2018-01-01	2018-01-01	2018				200000.00	200000.00
30	4	2018-01-01	2018-01-01	2018				250000.00	250000.00
30	5	2018-01-01	2018-01-01	2018				200000.00	200000.00
30	6	2018-01-01	2018-01-01	2018				400000.00	400000.00
30	7	2018-01-01	2018-01-01	2018				200000.00	200000.00
30	8	2018-01-01	2018-01-01	2018				250000.00	250000.00
30	9	2018-01-01	2018-01-01	2018				200000.00	200000.00
30	10	2018-01-01	2018-01-01	2018				400000.00	400000.00
30	11	2018-02-01	2018-02-01	2018				407735.00	407735.00
30	12	2018-02-01	2018-02-01	2018				204420.00	204420.00
30	13	2018-02-01	2018-02-01	2018				204420.00	204420.00
30	14	2018-02-01	2018-02-01	2018				255525.00	255525.00
30	15	2018-02-01	2018-02-01	2018				204420.00	204420.00
30	16	2018-02-01	2018-02-01	2018				407735.00	407735.00
30	17	2018-02-01	2018-02-01	2018				204420.00	204420.00
30	18	2018-02-01	2018-02-01	2018				255525.00	255525.00
30	19	2018-02-01	2018-02-01	2018				204420.00	204420.00
30	20	2018-02-01	2018-02-01	2018				407735.00	407735.00
30	21	2018-03-01	2018-03-01	2018				415470.00	415470.00
30	22	2018-03-01	2018-03-01	2018				208840.00	208840.00
30	23	2018-03-01	2018-03-01	2018				208840.00	208840.00
30	24	2018-03-01	2018-03-01	2018				261050.00	261050.00
30	25	2018-03-01	2018-03-01	2018				208840.00	208840.00
30	26	2018-03-01	2018-03-01	2018				415470.00	415470.00
30	27	2018-03-01	2018-03-01	2018				208840.00	208840.00
30	28	2018-03-01	2018-03-01	2018				261050.00	261050.00
30	29	2018-03-01	2018-03-01	2018				208840.00	208840.00
30	30	2018-03-01	2018-03-01	2018				415470.00	415470.00
0	0	2017-12-31	2017-07-02	2021	0150	1	revisado	5000000.00	5000000.00
\.


--
-- Data for Name: comprobantedetalle; Type: TABLE DATA; Schema: public; Owner: postgres
--

COPY public.comprobantedetalle (fila, cuenta, tercero, centro, factura, concepto, debito, credito, documento, numero, fecha, fechaconsignacion, mesconciliacion, banco) FROM stdin;
1 	11100501	12962479	1		Segundo Eduardo Ojeda Enriquez	1000000.00	0.00	1	1	2018-01-01	2018-07-03		0.00
2 	29050501	12962479	1		Segundo Eduardo Ojeda Enriquez	0.00	1000000.00	1	1	2018-01-01	2018-07-03		0.00
1 	11100501	80853536	1		Andres Eduardo Ojeda Medina	800000.00	0.00	1	2	2018-01-10	2018-07-03		0.00
2 	29050501	80853536	1		Andres Eduardo Ojeda Medina	0.00	800000.00	1	2	2018-01-10	2018-07-03		0.00
1 	11100501	51591555	1		Irma Janeth Garnica Herrera	1080000.00	0.00	1	3	2018-01-15	2018-07-03		0.00
2 	29050501	51591555	1		Irma Janeth Garnica Herrera	0.00	1080000.00	1	3	2018-01-15	2018-07-03		0.00
1	13080601	12962479	1		Cuotas De Administracion Enero	250000.00	0.00	30	1	2018-01-01	2018-01-01		0.00
2	13080602	12962479	1		Cuotas Extraordinarias Enero	100000.00	0.00	30	1	2018-01-01	2018-01-01		0.00
3	13080604	12962479	1		Parqueadero Enero	50000.00	0.00	30	1	2018-01-01	2018-01-01		0.00
4	42150501	12962479	1		Cuotas De Administracion Enero	0.00	250000.00	30	1	2018-01-01	2018-01-01		0.00
5	42150502	12962479	1		Cuotas Extraordinarias Enero	0.00	100000.00	30	1	2018-01-01	2018-01-01		0.00
6	42150504	12962479	1		Parqueadero Enero	0.00	50000.00	30	1	2018-01-01	2018-01-01		0.00
1	13080601	86044920	1		Cuotas De Administracion Enero	200000.00	0.00	30	2	2018-01-01	2018-01-01		0.00
2	42150501	86044920	1		Cuotas De Administracion Enero	0.00	200000.00	30	2	2018-01-01	2018-01-01		0.00
1	13080601	80853536	1		Cuotas De Administracion Enero	200000.00	0.00	30	3	2018-01-01	2018-01-01		0.00
2	42150501	80853536	1		Cuotas De Administracion Enero	0.00	200000.00	30	3	2018-01-01	2018-01-01		0.00
1	13080601	93372178	1		Cuotas De Administracion Enero	250000.00	0.00	30	4	2018-01-01	2018-01-01		0.00
2	42150501	93372178	1		Cuotas De Administracion Enero	0.00	250000.00	30	4	2018-01-01	2018-01-01		0.00
1	13080601	17341377	1		Cuotas De Administracion Enero	200000.00	0.00	30	5	2018-01-01	2018-01-01		0.00
2	42150501	17341377	1		Cuotas De Administracion Enero	0.00	200000.00	30	5	2018-01-01	2018-01-01		0.00
1	13080601	1121819917	1		Cuotas De Administracion Enero	250000.00	0.00	30	6	2018-01-01	2018-01-01		0.00
2	13080602	1121819917	1		Cuotas Extraordinarias Enero	100000.00	0.00	30	6	2018-01-01	2018-01-01		0.00
3	13080604	1121819917	1		Parqueadero Enero	50000.00	0.00	30	6	2018-01-01	2018-01-01		0.00
4	42150501	1121819917	1		Cuotas De Administracion Enero	0.00	250000.00	30	6	2018-01-01	2018-01-01		0.00
5	42150502	1121819917	1		Cuotas Extraordinarias Enero	0.00	100000.00	30	6	2018-01-01	2018-01-01		0.00
6	42150504	1121819917	1		Parqueadero Enero	0.00	50000.00	30	6	2018-01-01	2018-01-01		0.00
1	13080601	51591555	1		Cuotas De Administracion Enero	200000.00	0.00	30	7	2018-01-01	2018-01-01		0.00
2	42150501	51591555	1		Cuotas De Administracion Enero	0.00	200000.00	30	7	2018-01-01	2018-01-01		0.00
1	13080601	2853308	1		Cuotas De Administracion Enero	250000.00	0.00	30	8	2018-01-01	2018-01-01		0.00
2	42150501	2853308	1		Cuotas De Administracion Enero	0.00	250000.00	30	8	2018-01-01	2018-01-01		0.00
1	13080601	19337558	1		Cuotas De Administracion Enero	200000.00	0.00	30	9	2018-01-01	2018-01-01		0.00
2	42150501	19337558	1		Cuotas De Administracion Enero	0.00	200000.00	30	9	2018-01-01	2018-01-01		0.00
1	13080601	40447046	1		Cuotas De Administracion Enero	250000.00	0.00	30	10	2018-01-01	2018-01-01		0.00
2	13080602	40447046	1		Cuotas Extraordinarias Enero	100000.00	0.00	30	10	2018-01-01	2018-01-01		0.00
3	13080604	40447046	1		Parqueadero Enero	50000.00	0.00	30	10	2018-01-01	2018-01-01		0.00
4	42150501	40447046	1		Cuotas De Administracion Enero	0.00	250000.00	30	10	2018-01-01	2018-01-01		0.00
5	42150502	40447046	1		Cuotas Extraordinarias Enero	0.00	100000.00	30	10	2018-01-01	2018-01-01		0.00
6	42150504	40447046	1		Parqueadero Enero	0.00	50000.00	30	10	2018-01-01	2018-01-01		0.00
1	13080601	12962479	1		Cuotas De Administracion Febrero	250000.00	0.00	30	11	2018-02-01	2018-02-01		0.00
2	13080602	12962479	1		Cuotas Extraordinarias Febrero	100000.00	0.00	30	11	2018-02-01	2018-02-01		0.00
3	13080604	12962479	1		Parqueadero Febrero	50000.00	0.00	30	11	2018-02-01	2018-02-01		0.00
4	13080603	12962479	1		Intereses De Mora Febrero	7735.00	0.00	30	11	2018-02-01	2018-02-01		0.00
5	42150501	12962479	1		Cuotas De Administracion Febrero	0.00	250000.00	30	11	2018-02-01	2018-02-01		0.00
6	42150502	12962479	1		Cuotas Extraordinarias Febrero	0.00	100000.00	30	11	2018-02-01	2018-02-01		0.00
7	42150504	12962479	1		Parqueadero Febrero	0.00	50000.00	30	11	2018-02-01	2018-02-01		0.00
8	42751001	12962479	1		Intereses De Mora Febrero	0.00	7735.00	30	11	2018-02-01	2018-02-01		0.00
1	13080601	86044920	1		Cuotas De Administracion Febrero	200000.00	0.00	30	12	2018-02-01	2018-02-01		0.00
2	13080603	86044920	1		Intereses De Mora Febrero	4420.00	0.00	30	12	2018-02-01	2018-02-01		0.00
3	42150501	86044920	1		Cuotas De Administracion Febrero	0.00	200000.00	30	12	2018-02-01	2018-02-01		0.00
4	42751001	86044920	1		Intereses De Mora Febrero	0.00	4420.00	30	12	2018-02-01	2018-02-01		0.00
1	13080601	80853536	1		Cuotas De Administracion Febrero	200000.00	0.00	30	13	2018-02-01	2018-02-01		0.00
2	13080603	80853536	1		Intereses De Mora Febrero	4420.00	0.00	30	13	2018-02-01	2018-02-01		0.00
3	42150501	80853536	1		Cuotas De Administracion Febrero	0.00	200000.00	30	13	2018-02-01	2018-02-01		0.00
4	42751001	80853536	1		Intereses De Mora Febrero	0.00	4420.00	30	13	2018-02-01	2018-02-01		0.00
1	13080601	93372178	1		Cuotas De Administracion Febrero	250000.00	0.00	30	14	2018-02-01	2018-02-01		0.00
2	13080603	93372178	1		Intereses De Mora Febrero	5525.00	0.00	30	14	2018-02-01	2018-02-01		0.00
3	42150501	93372178	1		Cuotas De Administracion Febrero	0.00	250000.00	30	14	2018-02-01	2018-02-01		0.00
4	42751001	93372178	1		Intereses De Mora Febrero	0.00	5525.00	30	14	2018-02-01	2018-02-01		0.00
1	13080601	17341377	1		Cuotas De Administracion Febrero	200000.00	0.00	30	15	2018-02-01	2018-02-01		0.00
2	13080603	17341377	1		Intereses De Mora Febrero	4420.00	0.00	30	15	2018-02-01	2018-02-01		0.00
3	42150501	17341377	1		Cuotas De Administracion Febrero	0.00	200000.00	30	15	2018-02-01	2018-02-01		0.00
4	42751001	17341377	1		Intereses De Mora Febrero	0.00	4420.00	30	15	2018-02-01	2018-02-01		0.00
1	13080601	1121819917	1		Cuotas De Administracion Febrero	250000.00	0.00	30	16	2018-02-01	2018-02-01		0.00
2	13080602	1121819917	1		Cuotas Extraordinarias Febrero	100000.00	0.00	30	16	2018-02-01	2018-02-01		0.00
3	13080604	1121819917	1		Parqueadero Febrero	50000.00	0.00	30	16	2018-02-01	2018-02-01		0.00
4	13080603	1121819917	1		Intereses De Mora Febrero	7735.00	0.00	30	16	2018-02-01	2018-02-01		0.00
5	42150501	1121819917	1		Cuotas De Administracion Febrero	0.00	250000.00	30	16	2018-02-01	2018-02-01		0.00
6	42150502	1121819917	1		Cuotas Extraordinarias Febrero	0.00	100000.00	30	16	2018-02-01	2018-02-01		0.00
7	42150504	1121819917	1		Parqueadero Febrero	0.00	50000.00	30	16	2018-02-01	2018-02-01		0.00
8	42751001	1121819917	1		Intereses De Mora Febrero	0.00	7735.00	30	16	2018-02-01	2018-02-01		0.00
1	13080601	51591555	1		Cuotas De Administracion Febrero	200000.00	0.00	30	17	2018-02-01	2018-02-01		0.00
2	13080603	51591555	1		Intereses De Mora Febrero	4420.00	0.00	30	17	2018-02-01	2018-02-01		0.00
3	42150501	51591555	1		Cuotas De Administracion Febrero	0.00	200000.00	30	17	2018-02-01	2018-02-01		0.00
4	42751001	51591555	1		Intereses De Mora Febrero	0.00	4420.00	30	17	2018-02-01	2018-02-01		0.00
1	13080601	2853308	1		Cuotas De Administracion Febrero	250000.00	0.00	30	18	2018-02-01	2018-02-01		0.00
2	13080603	2853308	1		Intereses De Mora Febrero	5525.00	0.00	30	18	2018-02-01	2018-02-01		0.00
3	42150501	2853308	1		Cuotas De Administracion Febrero	0.00	250000.00	30	18	2018-02-01	2018-02-01		0.00
4	42751001	2853308	1		Intereses De Mora Febrero	0.00	5525.00	30	18	2018-02-01	2018-02-01		0.00
1	13080601	19337558	1		Cuotas De Administracion Febrero	200000.00	0.00	30	19	2018-02-01	2018-02-01		0.00
2	13080603	19337558	1		Intereses De Mora Febrero	4420.00	0.00	30	19	2018-02-01	2018-02-01		0.00
3	42150501	19337558	1		Cuotas De Administracion Febrero	0.00	200000.00	30	19	2018-02-01	2018-02-01		0.00
4	42751001	19337558	1		Intereses De Mora Febrero	0.00	4420.00	30	19	2018-02-01	2018-02-01		0.00
1	13080601	40447046	1		Cuotas De Administracion Febrero	250000.00	0.00	30	20	2018-02-01	2018-02-01		0.00
2	13080602	40447046	1		Cuotas Extraordinarias Febrero	100000.00	0.00	30	20	2018-02-01	2018-02-01		0.00
3	13080604	40447046	1		Parqueadero Febrero	50000.00	0.00	30	20	2018-02-01	2018-02-01		0.00
4	13080603	40447046	1		Intereses De Mora Febrero	7735.00	0.00	30	20	2018-02-01	2018-02-01		0.00
5	42150501	40447046	1		Cuotas De Administracion Febrero	0.00	250000.00	30	20	2018-02-01	2018-02-01		0.00
6	42150502	40447046	1		Cuotas Extraordinarias Febrero	0.00	100000.00	30	20	2018-02-01	2018-02-01		0.00
7	42150504	40447046	1		Parqueadero Febrero	0.00	50000.00	30	20	2018-02-01	2018-02-01		0.00
8	42751001	40447046	1		Intereses De Mora Febrero	0.00	7735.00	30	20	2018-02-01	2018-02-01		0.00
1	13080601	12962479	1		Cuotas De Administracion Marzo	250000.00	0.00	30	21	2018-03-01	2018-03-01		0.00
2	13080602	12962479	1		Cuotas Extraordinarias Marzo	100000.00	0.00	30	21	2018-03-01	2018-03-01		0.00
3	13080604	12962479	1		Parqueadero Marzo	50000.00	0.00	30	21	2018-03-01	2018-03-01		0.00
4	13080603	12962479	1		Intereses De Mora Marzo	15470.00	0.00	30	21	2018-03-01	2018-03-01		0.00
5	42150501	12962479	1		Cuotas De Administracion Marzo	0.00	250000.00	30	21	2018-03-01	2018-03-01		0.00
6	42150502	12962479	1		Cuotas Extraordinarias Marzo	0.00	100000.00	30	21	2018-03-01	2018-03-01		0.00
7	42150504	12962479	1		Parqueadero Marzo	0.00	50000.00	30	21	2018-03-01	2018-03-01		0.00
8	42751001	12962479	1		Intereses De Mora Marzo	0.00	15470.00	30	21	2018-03-01	2018-03-01		0.00
1	13080601	86044920	1		Cuotas De Administracion Marzo	200000.00	0.00	30	22	2018-03-01	2018-03-01		0.00
2	13080603	86044920	1		Intereses De Mora Marzo	8840.00	0.00	30	22	2018-03-01	2018-03-01		0.00
3	42150501	86044920	1		Cuotas De Administracion Marzo	0.00	200000.00	30	22	2018-03-01	2018-03-01		0.00
4	42751001	86044920	1		Intereses De Mora Marzo	0.00	8840.00	30	22	2018-03-01	2018-03-01		0.00
1	13080601	80853536	1		Cuotas De Administracion Marzo	200000.00	0.00	30	23	2018-03-01	2018-03-01		0.00
2	13080603	80853536	1		Intereses De Mora Marzo	8840.00	0.00	30	23	2018-03-01	2018-03-01		0.00
3	42150501	80853536	1		Cuotas De Administracion Marzo	0.00	200000.00	30	23	2018-03-01	2018-03-01		0.00
4	42751001	80853536	1		Intereses De Mora Marzo	0.00	8840.00	30	23	2018-03-01	2018-03-01		0.00
1	13080601	93372178	1		Cuotas De Administracion Marzo	250000.00	0.00	30	24	2018-03-01	2018-03-01		0.00
2	13080603	93372178	1		Intereses De Mora Marzo	11050.00	0.00	30	24	2018-03-01	2018-03-01		0.00
3	42150501	93372178	1		Cuotas De Administracion Marzo	0.00	250000.00	30	24	2018-03-01	2018-03-01		0.00
4	42751001	93372178	1		Intereses De Mora Marzo	0.00	11050.00	30	24	2018-03-01	2018-03-01		0.00
1	13080601	17341377	1		Cuotas De Administracion Marzo	200000.00	0.00	30	25	2018-03-01	2018-03-01		0.00
2	13080603	17341377	1		Intereses De Mora Marzo	8840.00	0.00	30	25	2018-03-01	2018-03-01		0.00
3	42150501	17341377	1		Cuotas De Administracion Marzo	0.00	200000.00	30	25	2018-03-01	2018-03-01		0.00
4	42751001	17341377	1		Intereses De Mora Marzo	0.00	8840.00	30	25	2018-03-01	2018-03-01		0.00
1	13080601	1121819917	1		Cuotas De Administracion Marzo	250000.00	0.00	30	26	2018-03-01	2018-03-01		0.00
2	13080602	1121819917	1		Cuotas Extraordinarias Marzo	100000.00	0.00	30	26	2018-03-01	2018-03-01		0.00
3	13080604	1121819917	1		Parqueadero Marzo	50000.00	0.00	30	26	2018-03-01	2018-03-01		0.00
4	13080603	1121819917	1		Intereses De Mora Marzo	15470.00	0.00	30	26	2018-03-01	2018-03-01		0.00
5	42150501	1121819917	1		Cuotas De Administracion Marzo	0.00	250000.00	30	26	2018-03-01	2018-03-01		0.00
6	42150502	1121819917	1		Cuotas Extraordinarias Marzo	0.00	100000.00	30	26	2018-03-01	2018-03-01		0.00
7	42150504	1121819917	1		Parqueadero Marzo	0.00	50000.00	30	26	2018-03-01	2018-03-01		0.00
8	42751001	1121819917	1		Intereses De Mora Marzo	0.00	15470.00	30	26	2018-03-01	2018-03-01		0.00
1	13080601	51591555	1		Cuotas De Administracion Marzo	200000.00	0.00	30	27	2018-03-01	2018-03-01		0.00
2	13080603	51591555	1		Intereses De Mora Marzo	8840.00	0.00	30	27	2018-03-01	2018-03-01		0.00
3	42150501	51591555	1		Cuotas De Administracion Marzo	0.00	200000.00	30	27	2018-03-01	2018-03-01		0.00
4	42751001	51591555	1		Intereses De Mora Marzo	0.00	8840.00	30	27	2018-03-01	2018-03-01		0.00
1	13080601	2853308	1		Cuotas De Administracion Marzo	250000.00	0.00	30	28	2018-03-01	2018-03-01		0.00
2	13080603	2853308	1		Intereses De Mora Marzo	11050.00	0.00	30	28	2018-03-01	2018-03-01		0.00
3	42150501	2853308	1		Cuotas De Administracion Marzo	0.00	250000.00	30	28	2018-03-01	2018-03-01		0.00
4	42751001	2853308	1		Intereses De Mora Marzo	0.00	11050.00	30	28	2018-03-01	2018-03-01		0.00
1	13080601	19337558	1		Cuotas De Administracion Marzo	200000.00	0.00	30	29	2018-03-01	2018-03-01		0.00
2	13080603	19337558	1		Intereses De Mora Marzo	8840.00	0.00	30	29	2018-03-01	2018-03-01		0.00
3	42150501	19337558	1		Cuotas De Administracion Marzo	0.00	200000.00	30	29	2018-03-01	2018-03-01		0.00
4	42751001	19337558	1		Intereses De Mora Marzo	0.00	8840.00	30	29	2018-03-01	2018-03-01		0.00
1	13080601	40447046	1		Cuotas De Administracion Marzo	250000.00	0.00	30	30	2018-03-01	2018-03-01		0.00
2	13080602	40447046	1		Cuotas Extraordinarias Marzo	100000.00	0.00	30	30	2018-03-01	2018-03-01		0.00
3	13080604	40447046	1		Parqueadero Marzo	50000.00	0.00	30	30	2018-03-01	2018-03-01		0.00
4	13080603	40447046	1		Intereses De Mora Marzo	15470.00	0.00	30	30	2018-03-01	2018-03-01		0.00
5	42150501	40447046	1		Cuotas De Administracion Marzo	0.00	250000.00	30	30	2018-03-01	2018-03-01		0.00
6	42150502	40447046	1		Cuotas Extraordinarias Marzo	0.00	100000.00	30	30	2018-03-01	2018-03-01		0.00
7	42150504	40447046	1		Parqueadero Marzo	0.00	50000.00	30	30	2018-03-01	2018-03-01		0.00
8	42751001	40447046	1		Intereses De Mora Marzo	0.00	15470.00	30	30	2018-03-01	2018-03-01		0.00
1 	11100501	800073038	1		Saldo Inicial	5000000.00	0.00	0	0	2017-12-31	2017-07-02		0.00
2 	36050101	51591555	1		Saldo Inicial	0.00	5000000.00	0	0	2017-12-31	2017-07-02		0.00
\.


--
-- Data for Name: concepto; Type: TABLE DATA; Schema: public; Owner: postgres
--

COPY public.concepto (codigo, nombre) FROM stdin;
\.


--
-- Data for Name: configuracioncontabilidad; Type: TABLE DATA; Schema: public; Owner: postgres
--

COPY public.configuracioncontabilidad (cuentaefectivo, cuentanombreefectivo, cuentacliente, cuentanombrecliente, cuentatarjetadebito, cuentanombretarjetadebito, cuentatarjetacredito, cuentanombretarjetacredito, cuentatransferencia, cuentanombretransferencia, cuentaproveedor, cuentanombreproveedor, cuentaajuste, cuentanombreajuste, phinicial, textodescuento1, textodescuento2, textodescuento3, textoaviso1, textoaviso2, textoaviso3, textoaviso4, cuentautilidad, cuentautilidadnombre, trabajado, trabajadonombre, transporte, transportenombre, cesantias, cesantiasnombre, intereses, interesesnombre, prima, primanombre, viaticos, viaticosnombre, horasextras, horasextrasnombre, incapacidades, incapacidadesnombre, licencias, licenciasnombre, bonificaciones, bonificacionesnombre, auxilios, auxiliosnombre, huelgas, huelgasnombre, conceptos, conceptosnombre, compensaciones, compensacionesnombre, bonos, bonosnombre, comisiones, comisionesnombre, dotaciones, dotacionesnombre, sostenimiento, sostenimientonombre, teletrabajo, teletrabajonombre, indemnizaciones, indemnizacionesnombre, salud, saludnombre, pension, pensionnombre, solidaridad, solidaridadnombre, subsistencia, subsistencianombre, sindicatos, sindicatosnombre, sanciones, sancionesnombre, libranzas, libranzasnombre, terceros, tercerosnombre, anticipos, anticiposnombre, otras, otrasnombre, retencion, retencionnombre, afc, afcnombre, embargos, embargosnombre, educacion, educacionnombre, deuda, deudanombre, vacaciones, vacacionesnombre, neto, netonombre, cesantiascxp, cesantiascxpnombre, interesescxp, interesescxpnombre, primacxp, primacxpnombre, vacacionescxp, vacacionescxpnombre, dotacionescxp, dotacionescxpnombre, riesgoscxp, riesgoscxpnombre, icbfcxp, icbfcxpnombre, senacxp, senacxpnombre, cajacxp, cajacxpnombre, riesgos, riesgosnombre, caja, cajanombre, icbf, icbfnombre, sena, senanombre, saludgasto, saludgastonombre, pensiongasto, pensiongastonombre, honorariogasto, honorariogastonombre, serviciogasto, serviciogastonombre, honorariocxpgasto, honorariocxpgastonombre, serviciocxpgasto, serviciocxpgastonombre, rethonorario, rethonorarionombre, retservicio, retservicionombre, pensionrais, pensionraisnombre, pensionvoluntaria, pensionvoluntarianombre, descuento1diainicial, descuento1diafinal, descuento2diainicial, descuento2diafinal, descuento3diainicial, descuento3diafinal) FROM stdin;
														1	10% Del	5% Del	0% Del 																																																																																																																															1	5	6	10	11	30
\.


--
-- Data for Name: configuracioninventario; Type: TABLE DATA; Schema: public; Owner: postgres
--

COPY public.configuracioninventario (compracuenta19, compranombre19, compracuenta5, compranombre5, compracuenta0, compranombre0, compraiva19, compranombreiva19, compraiva5, compranombreiva5, compracuentaretfte, compranombreretfte, compracuentaretica, compranombreretica, compracuentaretotra, compranombreretotra, compracuentadescuento, compranombredescuento, compradevolucioncuenta19, compradevolucionnombre19, compradevolucioncuenta5, compradevolucionnombre5, compradevolucioncuenta0, compradevolucionnombre0, compradevolucioniva19, compradevolucionnombreiva19, compradevolucioniva5, compradevolucionnombreiva5, compradevolucioncuentaretfte, compradevolucionnombreretfte, compradevolucioncuentaretica, compradevolucionnombreretica, compradevolucioncuentaretotra, compradevolucionnombreretotra, compradevolucioncuentadescuento, compradevolucionnombredescuento, compracuentaproveedor, compranombreproveedor, compracuentabase, compracuentaporcentajeretfte, compracuentaporcentajeretotra, ventacuenta19, ventanombre19, ventacuenta5, ventanombre5, ventacuenta0, ventanombre0, ventaiva19, ventanombreiva19, ventaiva5, ventanombreiva5, ventacuentaret2201, ventanombreret2201, ventacuentadescuento, ventanombredescuento, ventadevolucioncuenta19, ventadevolucionnombre19, ventadevolucioncuenta5, ventadevolucionnombre5, ventadevolucioncuenta0, ventadevolucionnombre0, ventadevolucioniva19, ventadevolucionnombreiva19, ventadevolucioniva5, ventadevolucionnombreiva5, ventadevolucioncuentaret2201, ventadevolucionnombreret2201, ventadevolucioncuentadescuento, ventadevolucionnombredescuento, ventacuentacliente, ventanombrecliente, ventacontracuentaret2201, ventacontranombreret2201, ventadevolucioncontracuentaret2201, ventadevolucioncontranombreret2201, ventacuentaporcentajeret2201, ventatipoiva, ventaserviciocuenta19, ventaservicionombre19, ventaserviciocuenta5, ventaservicionombre5, ventaserviciocuenta0, ventaservicionombre0, ventaservicioiva19, ventaservicionombreiva19, ventaservicioiva5, ventaservicionombreiva5, ventaserviciocuentaret2201, ventaservicionombreret2201, ventaserviciocuentadescuento, ventaservicionombredescuento, ventaserviciodevolucioncuenta19, ventaserviciodevolucionnombre19, ventaserviciodevolucioncuenta5, ventaserviciodevolucionnombre5, ventaserviciodevolucioncuenta0, ventaserviciodevolucionnombre0, ventaserviciodevolucioniva19, ventaserviciodevolucionnombreiva19, ventaserviciodevolucioniva5, ventaserviciodevolucionnombreiva5, ventaserviciodevolucioncuentaret2201, ventaserviciodevolucionnombreret2201, ventaserviciodevolucioncuentadescuento, ventaserviciodevolucionnombredescuento, ventaserviciocuentacliente, ventaservicionombrecliente, ventaserviciocontracuentaret2201, ventaserviciocontranombreret2201, ventaserviciodevolucioncontracuentaret2201, ventaserviciodevolucioncontranombreret2201, ventaserviciocuentaporcentajeret2201, ventaserviciotipoiva, soportecuenta19, soportenombre19, soportecuenta5, soportenombre5, soportecuenta0, soportenombre0, soportecuentaretfte, soportenombreretfte, soportecuentaretica, soportenombreretica, soportecuentaretotra, soportenombreretotra, soportecuentadescuento, soportenombredescuento, soportedevolucioncuenta19, soportedevolucionnombre19, soportedevolucioncuenta5, soportedevolucionnombre5, soportedevolucioncuenta0, soportedevolucionnombre0, soportedevolucioncuentaretfte, soportedevolucionnombreretfte, soportedevolucioncuentaretica, soportedevolucionnombreretica, soportedevolucioncuentaretotra, soportedevolucionnombreretotra, soportedevolucioncuentadescuento, soportedevolucionnombredescuento, soportecuentaproveedor, soportenombreproveedor, soportecuentabase, soportecuentaporcentajeretfte, soportecuentaporcentajeretotra, soporteserviciocuenta19, soporteservicionombre19, soporteserviciocuenta5, soporteservicionombre5, soporteserviciocuenta0, soporteservicionombre0, soporteserviciocuentaretfte, soporteservicionombreretfte, soporteserviciocuentaretica, soporteservicionombreretica, soporteserviciocuentaretotra, soporteservicionombreretotra, soporteserviciocuentadescuento, soporteservicionombredescuento, soporteserviciodevolucioncuenta, soporteserviciodevolucionnombre, soporteserviciodevolucioncuentaretfte, soporteserviciodevolucionnombreretfte, soporteserviciodevolucioncuentaretica, soporteserviciodevolucionnombreretica, soporteserviciodevolucioncuentaretotra, soporteserviciodevolucionnombreretotra, soporteserviciodevolucioncuentadescuento, soporteserviciodevolucionnombredescuento, soporteserviciocuentaproveedor, soporteservicionombreproveedor, soporteserviciocuentabase, soporteserviciocuentaporcentajeretfte, soporteserviciocuentaporcentajeretotra, facturagastocuenta19, facturagastonombre19, facturagastocuenta5, facturagastonombre5, facturagastocuenta0, facturagastonombre0, facturagastocuentaretfte, facturagastonombreretfte, facturagastocuentaretica, facturagastonombreretica, facturagastocuentaretotra, facturagastonombreretotra, facturagastocuentadescuento, facturagastonombredescuento, facturagastodevolucioncuenta, facturagastodevolucionnombre, facturagastodevolucioncuentaretfte, facturagastodevolucionnombreretfte, facturagastodevolucioncuentaretica, facturagastodevolucionnombreretica, facturagastodevolucioncuentaretotra, facturagastodevolucionnombreretotra, facturagastodevolucioncuentadescuento, facturagastodevolucionnombredescuento, facturagastocuentaproveedor, facturagastonombreproveedor, facturagastocuentabase, facturagastocuentaporcentajeretfte, facturagastocuentaporcentajeretotra, facturagastocuentaiva, facturagastonombreiva, facturagastoporcentajeiva, cuentacosto, cuentacostonombre, cuentacostocontra, cuentacostocontranombre, decimales) FROM stdin;
14350501	Compras Iva 19%	14350502	Compras 19%	14350503	Compras Iva 0%	24030501	Iva 19% Compras	24030302	Iva 5% Devolucion Compras	24020701	Ret. Fte. Compras 2.5%	24040201	Ica Retenido	24051201	Otras Retenciones	53053001	Descuentos Pronto Pago	14350511	Devolucion Compras 19%	14350512	Devolucion Compras 5%	14350513	Devolucion Compras 0%	24030301	Iva 19% Devolucion Compras	24030302	Iva 5% Devolucion Compras	24020701	Ret. Fte. Compras 2.5%	24040201	Ica Retenido	24051201	Otras Retenciones	53053001	Descuentos Pronto Pago	23051001	Proveedores Nacionales	1000000	2.50	0	41350501	Ventas Iva 19%	41350502	Ventas Iva 5%	41350503	Ventas Iva 0%	24030101	Iva 19% Ventas	24030102	Iva 5% Ventas	17050102	Autorretencion 0.80% 2201 (Db)	41751001	Descuento En Ventas 19%	41750501	Devolucion En Ventas 19%	41750502	Devolucion En Ventas 5%	41750503	Devolucion En Ventas 0%	24030701	Iva 19% Devoluciones Ventas	24030702	Iva 5% Devoluciones Ventas	17050102	Autorretencion 0.80% 2201 (Db)	41751001	Descuento En Ventas 19%	13060601	Clientes Nacionales	24021001	Autorretencion 0.80% 2201	24021001	Autorretencion 0.80% 2201	0.80		42150501	Venta De Servicios 19%	42150502	Venta De Servicios 5%	42150503	Venta De Servicios 0%	24030201	Iva 19% Venta Servicios	24030202	Iva 5% Venta Servicios	17050102	Autorretencion 0.80% 2201 (Db)	42751001	Descuento En Venta De Servicios 19%	42750501	Devolucion En Venta De Servicios 19%	42750502	Devolucion En Venta De Servicios 5%	42750503	Devolucion En Venta De Servicio 0%	24030801	Iva 19% Devolucion Venta Servicios	24030802	Iva 5% Devoluciones Venta Servicios	17050102	Autorretencion 0.80% 2201 (Db)	42751001	Descuento En Venta De Servicios 19%	13060601	Clientes Nacionales	24021001	Autorretencion 0.80% 2201	24021001	Autorretencion 0.80% 2201	0.80		14350501	Compras Iva 19%	14350502	Compras Iva 5%	14350503	Compras Iva 0%	24020701	Ret. Fte. Compras 2.5%	24040201	I. C. A. Retenido	24051201	Otras Retenciones	53053001	Descuentos Concedidos Por Pronto Pago	14350511	Devolucion Compra 19%	14350512	Devolucion Compra 5%	14350513	Devolucion Compra 0%	24020701	Ret. Fte. Compras 2.5%	24040201	I. C. A. Retenido	24051201	Otras Retenciones	53053001	Descuentos Concedidos Por Pronto Pago	23051001	Proveedores Nacionales	1000000	2.50	0									24040201	I. C. A. Retenido	24051201	Otras Retenciones	53053001	Descuentos Concedidos Por Pronto Pago					24040201	I. C. A. Retenido	24051201	Otras Retenciones	53053001	Descuentos Concedidos Por Pronto Pago	23051001	Proveedores Nacionales	1000000		0									24040201	Ica Retenido	24051201	Otras Retenciones	53053001	Descuentos Pronto Pago					24040201	Ica Retenido	24051201	Otras Retenciones	53053001	Descuentos Pronto Pago	23051001	Proveedores Nacionales	1000000		0				61350501	Costo De Ventas	14350591	Costo De Ventas	3
\.


--
-- Data for Name: configuracionnomina; Type: TABLE DATA; Schema: public; Owner: postgres
--

COPY public.configuracionnomina (compracuenta19, compranombre19, compracuenta5, compranombre5, compracuenta0, compranombre0, compraiva19, compranombreiva19, compraiva5, compranombreiva5, compracuentaretfte, compranombreretfte, compracuentaretica, compranombreretica, compracuentaretotra, compranombreretotra, compracuentadescuento, compranombredescuento, compradevolucioncuenta19, compradevolucionnombre19, compradevolucioncuenta5, compradevolucionnombre5, compradevolucioncuenta0, compradevolucionnombre0, compradevolucioniva19, compradevolucionnombreiva19, compradevolucioniva5, compradevolucionnombreiva5, compradevolucioncuentaretfte, compradevolucionnombreretfte, compradevolucioncuentaretica, compradevolucionnombreretica, compradevolucioncuentaretotra, compradevolucionnombreretotra, compradevolucioncuentadescuento, compradevolucionnombredescuento, compracuentaproveedor, compranombreproveedor, compracuentabase, compracuentaporcentajeretfte, compracuentaporcentajeretotra, ventacuenta19, ventanombre19, ventacuenta5, ventanombre5, ventacuenta0, ventanombre0, ventaiva19, ventanombreiva19, ventaiva5, ventanombreiva5, ventacuentaret2201, ventanombreret2201, ventacuentadescuento, ventanombredescuento, ventadevolucioncuenta19, ventadevolucionnombre19, ventadevolucioncuenta5, ventadevolucionnombre5, ventadevolucioncuenta0, ventadevolucionnombre0, ventadevolucioniva19, ventadevolucionnombreiva19, ventadevolucioniva5, ventadevolucionnombreiva5, ventadevolucioncuentaret2201, ventadevolucionnombreret2201, ventadevolucioncuentadescuento, ventadevolucionnombredescuento, ventacuentacliente, ventanombrecliente, ventacontracuentaret2201, ventacontranombreret2201, ventadevolucioncontracuentaret2201, ventadevolucioncontranombreret2201, ventacuentaporcentajeret2201, ventatipoiva, ventaserviciocuenta19, ventaservicionombre19, ventaserviciocuenta5, ventaservicionombre5, ventaserviciocuenta0, ventaservicionombre0, ventaservicioiva19, ventaservicionombreiva19, ventaservicioiva5, ventaservicionombreiva5, ventaserviciocuentaret2201, ventaservicionombreret2201, ventaserviciocuentadescuento, ventaservicionombredescuento, ventaserviciodevolucioncuenta19, ventaserviciodevolucionnombre19, ventaserviciodevolucioncuenta5, ventaserviciodevolucionnombre5, ventaserviciodevolucioncuenta0, ventaserviciodevolucionnombre0, ventaserviciodevolucioniva19, ventaserviciodevolucionnombreiva19, ventaserviciodevolucioniva5, ventaserviciodevolucionnombreiva5, ventaserviciodevolucioncuentaret2201, ventaserviciodevolucionnombreret2201, ventaserviciodevolucioncuentadescuento, ventaserviciodevolucionnombredescuento, ventaserviciocuentacliente, ventaservicionombrecliente, ventaserviciocontracuentaret2201, ventaserviciocontranombreret2201, ventaserviciodevolucioncontracuentaret2201, ventaserviciodevolucioncontranombreret2201, ventaserviciocuentaporcentajeret2201, ventaserviciotipoiva, soportecuenta19, soportenombre19, soportecuenta5, soportenombre5, soportecuenta0, soportenombre0, soportecuentaretfte, soportenombreretfte, soportecuentaretica, soportenombreretica, soportecuentaretotra, soportenombreretotra, soportecuentadescuento, soportenombredescuento, soportedevolucioncuenta19, soportedevolucionnombre19, soportedevolucioncuenta5, soportedevolucionnombre5, soportedevolucioncuenta0, soportedevolucionnombre0, soportedevolucioncuentaretfte, soportedevolucionnombreretfte, soportedevolucioncuentaretica, soportedevolucionnombreretica, soportedevolucioncuentaretotra, soportedevolucionnombreretotra, soportedevolucioncuentadescuento, soportedevolucionnombredescuento, soportecuentaproveedor, soportenombreproveedor, soportecuentabase, soportecuentaporcentajeretfte, soportecuentaporcentajeretotra, soporteserviciocuenta19, soporteservicionombre19, soporteserviciocuenta5, soporteservicionombre5, soporteserviciocuenta0, soporteservicionombre0, soporteserviciocuentaretfte, soporteservicionombreretfte, soporteserviciocuentaretica, soporteservicionombreretica, soporteserviciocuentaretotra, soporteservicionombreretotra, soporteserviciocuentadescuento, soporteservicionombredescuento, soporteserviciodevolucioncuenta, soporteserviciodevolucionnombre, soporteserviciodevolucioncuentaretfte, soporteserviciodevolucionnombreretfte, soporteserviciodevolucioncuentaretica, soporteserviciodevolucionnombreretica, soporteserviciodevolucioncuentaretotra, soporteserviciodevolucionnombreretotra, soporteserviciodevolucioncuentadescuento, soporteserviciodevolucionnombredescuento, soporteserviciocuentaproveedor, soporteservicionombreproveedor, soporteserviciocuentabase, soporteserviciocuentaporcentajeretfte, soporteserviciocuentaporcentajeretotra, facturagastocuenta19, facturagastonombre19, facturagastocuenta5, facturagastonombre5, facturagastocuenta0, facturagastonombre0, facturagastocuentaretfte, facturagastonombreretfte, facturagastocuentaretica, facturagastonombreretica, facturagastocuentaretotra, facturagastonombreretotra, facturagastocuentadescuento, facturagastonombredescuento, facturagastodevolucioncuenta, facturagastodevolucionnombre, facturagastodevolucioncuentaretfte, facturagastodevolucionnombreretfte, facturagastodevolucioncuentaretica, facturagastodevolucionnombreretica, facturagastodevolucioncuentaretotra, facturagastodevolucionnombreretotra, facturagastodevolucioncuentadescuento, facturagastodevolucionnombredescuento, facturagastocuentaproveedor, facturagastonombreproveedor, facturagastocuentabase, facturagastocuentaporcentajeretfte, facturagastocuentaporcentajeretotra, facturagastocuentaiva, facturagastonombreiva, facturagastoporcentajeiva, cuentacosto, cuentacostonombre, cuentacostocontra, cuentacostocontranombre, decimales) FROM stdin;
\.


--
-- Data for Name: copia; Type: TABLE DATA; Schema: public; Owner: postgres
--

COPY public.copia (id, fecha, archivo) FROM stdin;
\.


--
-- Data for Name: cotizacion; Type: TABLE DATA; Schema: public; Owner: postgres
--

COPY public.cotizacion (codigo, fecha, vence, hora, subtotal19, subtotal5, subtotal0, subtotal, subtotaliva19, subtotaliva5, subtotaliva0, subtotalbase19, subtotalbase5, subtotalbase0, totaliva, ret2201, total, neto, items, formadepago, mediodepago, tercero, vendedor, descuento, subtotaldescuento19, subtotaldescuento5, subtotaldescuento0, tipo, centro) FROM stdin;
\.


--
-- Data for Name: cotizaciondetalle; Type: TABLE DATA; Schema: public; Owner: postgres
--

COPY public.cotizaciondetalle (id, codigo, fila, cantidad, precio, subtotal, pagina, bodega, producto, descuento, montodescuento, sigratis, subtotaldescuento, tipo, fecha) FROM stdin;
\.


--
-- Data for Name: cotizacionservicio; Type: TABLE DATA; Schema: public; Owner: postgres
--

COPY public.cotizacionservicio (codigo, fecha, vence, hora, subtotal19, subtotal5, subtotal0, subtotal, subtotaliva19, subtotaliva5, subtotaliva0, subtotalbase19, subtotalbase5, subtotalbase0, totaliva, ret2201, total, neto, items, formadepago, mediodepago, tercero, vendedor, descuento, subtotaldescuento19, subtotaldescuento5, subtotaldescuento0, tipo, centro) FROM stdin;
\.


--
-- Data for Name: cotizacionserviciodetalle; Type: TABLE DATA; Schema: public; Owner: postgres
--

COPY public.cotizacionserviciodetalle (id, codigo, fila, cantidad, precio, subtotal, pagina, nombreservicio, unidadservicio, codigoservicio, ivaservicio, descuento, montodescuento, sigratis, subtotaldescuento, tipo, fecha) FROM stdin;
\.


--
-- Data for Name: cuentadecobro; Type: TABLE DATA; Schema: public; Owner: postgres
--

COPY public.cuentadecobro (numero, fecha, residente, total, centro, totalanterior, totalactual) FROM stdin;
1	2018-01-01	1	400000	1	0	400000
2	2018-01-01	10	200000	1	0	200000
3	2018-01-01	2	200000	1	0	200000
4	2018-01-01	3	250000	1	0	250000
5	2018-01-01	4	200000	1	0	200000
6	2018-01-01	5	400000	1	0	400000
7	2018-01-01	6	200000	1	0	200000
8	2018-01-01	7	250000	1	0	250000
9	2018-01-01	8	200000	1	0	200000
10	2018-01-01	9	400000	1	0	400000
11	2018-02-01	1	807735	1	400000	407735
12	2018-02-01	10	404420	1	200000	204420
13	2018-02-01	2	404420	1	200000	204420
14	2018-02-01	3	505525	1	250000	255525
15	2018-02-01	4	404420	1	200000	204420
16	2018-02-01	5	807735	1	400000	407735
17	2018-02-01	6	404420	1	200000	204420
18	2018-02-01	7	505525	1	250000	255525
19	2018-02-01	8	404420	1	200000	204420
20	2018-02-01	9	807735	1	400000	407735
21	2018-03-01	1	1223205	1	807735	415470
22	2018-03-01	10	613260	1	404420	208840
23	2018-03-01	2	613260	1	404420	208840
24	2018-03-01	3	766575	1	505525	261050
25	2018-03-01	4	613260	1	404420	208840
26	2018-03-01	5	1223205	1	807735	415470
27	2018-03-01	6	613260	1	404420	208840
28	2018-03-01	7	766575	1	505525	261050
29	2018-03-01	8	613260	1	404420	208840
30	2018-03-01	9	1223205	1	807735	415470
\.


--
-- Data for Name: cuentadecobrodetalle; Type: TABLE DATA; Schema: public; Owner: postgres
--

COPY public.cuentadecobrodetalle (fila, numero, cuenta, anterior, actual, total) FROM stdin;
1	1	13080601	0	250000	250000
2	1	13080602	0	100000	100000
3	1	13080604	0	50000	50000
1	2	13080601	0	200000	200000
1	3	13080601	0	200000	200000
1	4	13080601	0	250000	250000
1	5	13080601	0	200000	200000
1	6	13080601	0	250000	250000
2	6	13080602	0	100000	100000
3	6	13080604	0	50000	50000
1	7	13080601	0	200000	200000
1	8	13080601	0	250000	250000
1	9	13080601	0	200000	200000
1	10	13080601	0	250000	250000
2	10	13080602	0	100000	100000
3	10	13080604	0	50000	50000
1	11	13080601	250000	250000	500000
2	11	13080602	100000	100000	200000
3	11	13080604	50000	50000	100000
4	11	13080603	0	7735	7735
1	12	13080601	200000	200000	400000
2	12	13080603	0	4420	4420
1	13	13080601	200000	200000	400000
2	13	13080603	0	4420	4420
1	14	13080601	250000	250000	500000
2	14	13080603	0	5525	5525
1	15	13080601	200000	200000	400000
2	15	13080603	0	4420	4420
1	16	13080601	250000	250000	500000
2	16	13080602	100000	100000	200000
3	16	13080604	50000	50000	100000
4	16	13080603	0	7735	7735
1	17	13080601	200000	200000	400000
2	17	13080603	0	4420	4420
1	18	13080601	250000	250000	500000
2	18	13080603	0	5525	5525
1	19	13080601	200000	200000	400000
2	19	13080603	0	4420	4420
1	20	13080601	250000	250000	500000
2	20	13080602	100000	100000	200000
3	20	13080604	50000	50000	100000
4	20	13080603	0	7735	7735
1	21	13080601	500000	250000	750000
2	21	13080602	200000	100000	300000
3	21	13080604	100000	50000	150000
4	21	13080603	7735	15470	23205
1	22	13080601	400000	200000	600000
2	22	13080603	4420	8840	13260
1	23	13080601	400000	200000	600000
2	23	13080603	4420	8840	13260
1	24	13080601	500000	250000	750000
2	24	13080603	5525	11050	16575
1	25	13080601	400000	200000	600000
2	25	13080603	4420	8840	13260
1	26	13080601	500000	250000	750000
2	26	13080602	200000	100000	300000
3	26	13080604	100000	50000	150000
4	26	13080603	7735	15470	23205
1	27	13080601	400000	200000	600000
2	27	13080603	4420	8840	13260
1	28	13080601	500000	250000	750000
2	28	13080603	5525	11050	16575
1	29	13080601	400000	200000	600000
2	29	13080603	4420	8840	13260
1	30	13080601	500000	250000	750000
2	30	13080602	200000	100000	300000
3	30	13080604	100000	50000	150000
4	30	13080603	7735	15470	23205
\.


--
-- Data for Name: cuota; Type: TABLE DATA; Schema: public; Owner: postgres
--

COPY public.cuota (monto, plazo, interes, fecha) FROM stdin;
150,000,000	60	0.89	2022-01-01
\.


--
-- Data for Name: depreciacion; Type: TABLE DATA; Schema: public; Owner: postgres
--

COPY public.depreciacion (codigo, nombre, porcentaje, meses) FROM stdin;
1	Contrucciones Y Edificaciones	2,22% - 45	540
2	Acueducto, Planta Y Redes	2,50% - 40	480
3	Vias De Comunicacin	2,50% - 40	480
4	Flota Y Equipo Aereo	3,33% - 30	360
5	Flota Y Equipo Ferreo	5,00% - 20	240
6	Flota Y Equipo Fluvial	6,67% - 15	180
7	Armamento Y Equipo De Vigilancia	10,00% -10	120
8	Equipo Electronico	10,00% -10	120
9	Flota Y Equipo De Transporte Terrestre	10,00% -10	120
10	Maquinaria Y Equipo	10,00% -10	120
11	Muebles Y Enseres	10,00% -10	120
12	Equipo Medico Cientifico	12,50% - 8	96
13	Envases, Empaquetas Y Herramientas	20,00% - 5	60
14	Equipo De Computacion	20,00% - 5	60
15	Redes De Procesamiento De Datos	20,00% - 5	60
16	Equipo De Comunicacin	20,00% - 5	60
\.


--
-- Data for Name: devolucioncompra; Type: TABLE DATA; Schema: public; Owner: postgres
--

COPY public.devolucioncompra (codigo, fecha, vence, hora, subtotal19, subtotal5, subtotal0, subtotal, subtotaliva19, subtotaliva5, subtotaliva0, subtotalbase19, subtotalbase5, subtotalbase0, totaliva, total, porcentajeretencionfuente, totalretencionfuente, porcentajeretencionica, totalretencionica, neto, items, formadepago, mediodepago, tercero, almacenista, descuento, subtotaldescuento19, subtotaldescuento5, subtotaldescuento0, compra, tipo, centro) FROM stdin;
\.


--
-- Data for Name: devolucioncompradetalle; Type: TABLE DATA; Schema: public; Owner: postgres
--

COPY public.devolucioncompradetalle (id, codigo, fila, cantidad, precio, subtotal, pagina, bodega, producto, descuento, montodescuento, sigratis, subtotaldescuento, tipo, fecha) FROM stdin;
\.


--
-- Data for Name: devolucionfacturagasto; Type: TABLE DATA; Schema: public; Owner: postgres
--

COPY public.devolucionfacturagasto (codigo, fecha, vence, hora, subtotal19, subtotal5, subtotal0, subtotal, subtotaliva19, subtotaliva5, subtotaliva0, subtotalbase19, subtotalbase5, subtotalbase0, totaliva, total, porcentajeretencionfuente, totalretencionfuente, porcentajeretencionica, totalretencionica, neto, items, formadepago, mediodepago, tercero, almacenista, descuento, subtotaldescuento19, subtotaldescuento5, subtotaldescuento0, facturagasto, tipo, centro, facturagastocuenta0, facturagastonombre0, facturagastocuentaretfte, facturagastonombreretfte, facturagastocuentaiva, facturagastonombreiva, facturagastoporcentajeiva) FROM stdin;
\.


--
-- Data for Name: devolucionfacturagastodetalle; Type: TABLE DATA; Schema: public; Owner: postgres
--

COPY public.devolucionfacturagastodetalle (id, codigo, fila, cantidad, precio, subtotal, pagina, bodega, nombreservicio, unidadservicio, codigoservicio, descuento, montodescuento, sigratis, subtotaldescuento, tipo, fecha) FROM stdin;
\.


--
-- Data for Name: devolucionsoporte; Type: TABLE DATA; Schema: public; Owner: postgres
--

COPY public.devolucionsoporte (resolucionsoporte, codigo, fecha, vence, hora, subtotal19, subtotal5, subtotal0, subtotal, subtotaliva19, subtotaliva5, subtotaliva0, subtotalbase19, subtotalbase5, subtotalbase0, totaliva, total, porcentajeretencionfuente, totalretencionfuente, porcentajeretencionica, totalretencionica, neto, items, formadepago, mediodepago, tercero, almacenista, descuento, subtotaldescuento19, subtotaldescuento5, subtotaldescuento0, soporte, tipo, centro) FROM stdin;
\.


--
-- Data for Name: devolucionsoportedetalle; Type: TABLE DATA; Schema: public; Owner: postgres
--

COPY public.devolucionsoportedetalle (id, codigo, fila, cantidad, precio, subtotal, pagina, bodega, producto, descuento, montodescuento, sigratis, subtotaldescuento, tipo, fecha) FROM stdin;
\.


--
-- Data for Name: devolucionsoporteservicio; Type: TABLE DATA; Schema: public; Owner: postgres
--

COPY public.devolucionsoporteservicio (resolucionsoporte, codigo, fecha, vence, hora, subtotal19, subtotal5, subtotal0, subtotal, subtotaliva19, subtotaliva5, subtotaliva0, subtotalbase19, subtotalbase5, subtotalbase0, totaliva, total, porcentajeretencionfuente, totalretencionfuente, porcentajeretencionica, totalretencionica, neto, items, formadepago, mediodepago, tercero, almacenista, descuento, subtotaldescuento19, subtotaldescuento5, subtotaldescuento0, soporteservicio, tipo, centro, soporteserviciocuenta0, soporteservicionombre0, soporteserviciocuentaretfte, soporteservicionombreretfte) FROM stdin;
\.


--
-- Data for Name: devolucionsoporteserviciodetalle; Type: TABLE DATA; Schema: public; Owner: postgres
--

COPY public.devolucionsoporteserviciodetalle (id, codigo, fila, cantidad, precio, subtotal, pagina, bodega, nombreservicio, unidadservicio, codigoservicio, descuento, montodescuento, sigratis, subtotaldescuento, tipo, fecha) FROM stdin;
\.


--
-- Data for Name: devolucionventa; Type: TABLE DATA; Schema: public; Owner: postgres
--

COPY public.devolucionventa (codigo, fecha, vence, hora, subtotal19, subtotal5, subtotal0, subtotal, subtotaliva19, subtotaliva5, subtotaliva0, subtotalbase19, subtotalbase5, subtotalbase0, totaliva, ret2201, total, neto, items, formadepago, mediodepago, tercero, vendedor, descuento, subtotaldescuento19, subtotaldescuento5, subtotaldescuento0, resolucion, venta, tipo, centro) FROM stdin;
\.


--
-- Data for Name: devolucionventadetalle; Type: TABLE DATA; Schema: public; Owner: postgres
--

COPY public.devolucionventadetalle (id, codigo, fila, cantidad, precio, subtotal, pagina, bodega, producto, descuento, montodescuento, sigratis, subtotaldescuento, tipo, fecha) FROM stdin;
\.


--
-- Data for Name: devolucionventaservicio; Type: TABLE DATA; Schema: public; Owner: postgres
--

COPY public.devolucionventaservicio (codigo, fecha, vence, hora, subtotal19, subtotal5, subtotal0, subtotal, subtotaliva19, subtotaliva5, subtotaliva0, subtotalbase19, subtotalbase5, subtotalbase0, totaliva, ret2201, total, neto, items, formadepago, mediodepago, tercero, vendedor, descuento, subtotaldescuento19, subtotaldescuento5, subtotaldescuento0, resolucion, ventaservicio, tipo, centro) FROM stdin;
\.


--
-- Data for Name: devolucionventaserviciodetalle; Type: TABLE DATA; Schema: public; Owner: postgres
--

COPY public.devolucionventaserviciodetalle (id, codigo, fila, cantidad, precio, subtotal, pagina, nombreservicio, unidadservicio, codigoservicio, ivaservicio, descuento, montodescuento, sigratis, subtotaldescuento, tipo, fecha) FROM stdin;
\.


--
-- Data for Name: diferido; Type: TABLE DATA; Schema: public; Owner: postgres
--

COPY public.diferido (codigo, nombre, cuenta, ubicacion, fecha, valor, vresidual, vidautil, totalmes, acumulado, saldo, cuentagasto, cuentacontra, centro, inicia, tercero, terceronombre, libros) FROM stdin;
\.


--
-- Data for Name: documento; Type: TABLE DATA; Schema: public; Owner: postgres
--

COPY public.documento (codigo, nombre, consecutivo, inicial) FROM stdin;
2	COMPROBANTE DE EGRESO	SI	1
8	COMPRAS	NO	
0	INICIAL	NO	
7	VENTA	SI	
3	CONSIGNACION	SI	1
4	NOTA DEBITO BANCARIA	SI	1
5	NOTA CREDITO BANCARIA	SI	1
6	NOMINA EMPLEADOS	SI	1
9	FACTURA DE GASTO	NO	
10	DOCUMENTO SOPORTE	SI	
11	AJUSTE VENTA	SI	
12	AJUSTE COMPRA	SI	
13	NOTA DEBITO COMERCIAL	SI	1
14	NOTA CREDITO COMERCIAL	SI	1
15	NOTA DE CONTABILIDAD	SI	1
16	GASTOS CAJA MENOR	SI	1
20	COSTO DE VENTAS	SI	1
22	DEPRECIACIONES	SI	1
23	AMORTIZACIONES	SI	1
24	AJUSTE DOCUMENTO SOPORTE	SI	1
25	AJUSTE FACTURA GASTO	SI	1
26	FACTURA PROPIEDAD Y EQUIPO	SI	
27	AJUSTE FACTURA PROPIEDAD Y EQUIPO	SI	
28	FACTURA PAGOS POR ANTICIPADO	SI	
29	AJUSTE PAGO POR ANTICIPADO	SI	
17	AJUSTES NOMINA	SI	1
18	PRESTACIONES SOCIALES	SI	1
19	APORTES NOMINA	SI	1
99	CIERRE DE OPERACIONES	NO	
30	CUENTA COBRO 	SI	
1	COMPROBANTE DE INGRESO 	SI	
\.


--
-- Data for Name: documentoidentificacion; Type: TABLE DATA; Schema: public; Owner: postgres
--

COPY public.documentoidentificacion (codigo, nombre) FROM stdin;
13	Cdula de ciudadana
41	Pasaporte
21	Tarjeta de extranjera
11	Registro Civil
77	Cdula Extranjera
22	Cdula Extranjera
31	NIT
42	Documento de identificacin 
\.


--
-- Data for Name: empleado; Type: TABLE DATA; Schema: public; Owner: postgres
--

COPY public.empleado (codigo, tipodocumento, primernombre, segundonombre, primerapellido, segundoapellido, direccion, barrio, telefono1, email1, contacto, tipotrabajador, sueldo, subtipotrabajador, fechaingreso, fecharetiro, tiempolaborado, salariointegral, altoriesgopension, tipocontrato, formadepago, metododepago, banco, tipocuenta, fechaliquidacioninicio, fechaliquidacionfinal, ciudad, ciudadexpedicion, fechanacimiento, ciudadnacimiento, fechaexpedicion, nombre, transporte, numerocuenta, cargo, tipopago, dotacion, salud, saludnombre, pension, pensionnombre, riesgos, riesgosnombre, icbf, icbfnombre, sena, senanombre, caja, cajanombre, telefonocontacto, direccionlaboral, ciudadlaboral, pensionvoluntaria, pensionvoluntarianombre) FROM stdin;
\.


--
-- Data for Name: empresa; Type: TABLE DATA; Schema: public; Owner: postgres
--

COPY public.empresa (codigo, dv, nombre, iva, reteiva, direccion, actividadica, telefono1, telefono2, email1, email2, activa, licencia, representantedv, representantenombre, contadordv, contadornombre, revisordv, revisornombre, ciudad, contadornit, documento, fiscal, regimen, representantenit, revisornit, tipo, modulo, primernombre, segundonombre, primerapellido, segundoapellido, juridica, periodo) FROM stdin;
800073038	4	PROPIEDAD HORIZONTAL 	NO Resposable de IVA	NO Retenedor IVA	Carrera 39 No. 26 B 11	306 - 406810 6 X 1.000	(310) 299-0591	312) 555-8518(	viventas1936@gmail.com	pegarnica@gmail.com	SI	VIVC0286	0	Victor  Manuel Garnica Benavides	5	Segundo Eduardo Ojeda Enriquez			50001	12962479	31	R-99-PN	48	2853308	0	1	1308					PROPIEDAD HORIZONTAL 	2017
\.


--
-- Data for Name: exogena; Type: TABLE DATA; Schema: public; Owner: postgres
--

COPY public.exogena (cuenta, formato, concepto, valor, columna) FROM stdin;
\.


--
-- Data for Name: exogenacolumna; Type: TABLE DATA; Schema: public; Owner: postgres
--

COPY public.exogenacolumna (columna, formato, nombre) FROM stdin;
1	1001	Pago o abono en cuenta deducible
2	1001	Pago o abono en cuenta NO deducible
3	1001	IVA mayor valor del costo o gasto, deducible
4	1001	IVA mayor valor del costo o gasto no deducible
5	1001	Retencin en la fuente practicada Renta
6	1001	Retencin en la fuente asumida Renta
7	1001	Retencin en la fuente practicada IVA Rgimen comn
8	1001	Retencin en la fuente practicada IVA no domiciliados
1	1003	Valor acumulado del pago o abono sujeto a Retencin en la fuente
2	1003	Retencin que le practicaron
1	1004	Valor del descuento tributario total del ao
2	1004	Valor del descuento tributario efectivamente solicitado en el ao gravable
1	1005	Impuesto descontable
2	1005	IVA resultante por devoluciones en ventas anuladas, rescindidas o resueltas
1	1006	Impuesto generado
2	1006	IVA recuperado en devoluciones en compras anuladas. rescindidas o resueltas
3	1006	Impuesto nacional al consumo
1	1007	Ingresos brutos recibidos 
2	1007	Devoluciones, rebajas y descuentos
1	1008	Saldo cuentas por cobrar al 31-12
1	1009	Saldo cuentas por pagar al 31-12
1	1010	Valor patrimonial acciones o aportes al 31-12
2	1010	Porcentaje de participacin
3	1010	Porcentaje de participacin (posicin decimal)
1	1011	Saldos al 31-12
1	1012	Saldos al 31-12
1	1647	Valor total de la operacin
2	1647	Valor ingreso reintegrado transferido distribuido al tercero
3	1647	Valor retencin reintegrada transferida  distribuida al tercero
1	2275	Valor del ingreso no constitutivo de renta ni ganancia ocasional solicitado
1	2276	Pagos por Salarios
2	2276	Pagos por emolumentos eclesisticos
3	2276	Pagos por honorarios
4	2276	Pagos por servicios
5	2276	Pagos por comisiones
6	2276	Pagos por prestaciones sociales
7	2276	Pagos por viticos
8	2276	Pagos por gastos de representacin
9	2276	Pagos por compensaciones trabajo asociado cooperativo
10	2276	Otros pagos
11	2276	Cesantas e intereses de cesantas efectivamente pagadas, consignadas o reconocidas en el periodo
12	2276	Pensiones de Jubilacin, vejez o invalidez
13	2276	Total Ingresos brutos de rentas de trabajo y pensin
14	2276	Aportes Obligatorios por Salud
15	2276	Aportes obligatorios a fondos de pensiones y solidaridad pensional y Aportes voluntarios al - RAIS
16	2276	Aportes voluntarios a fondos de pensiones voluntarias
17	2276	Aportes a cuentas AFC
18	2276	Aportes a cuentas AVC
19	2276	Valor de las retenciones en la fuente por pagos de rentas de trabajo o pensiones
20	2276	Pagos realizados con bonos electrnicos o de papel de servicio, cheques, tarjetas, vales, etc.
21	2276	Apoyos econmicos no reembolsables o condonados, entregados por el Estado o financiados con recurso
22	2276	Pagos por alimentacin mayores a 41 UVT
23	2276	Pagos por alimentacin hasta a 41 UVT
24	2276	Identificacin del fideicomiso o contrato
25	2276	Tipo documento participante en contrato de colaboracin
26	2276	Identificacin participante en contrato colaboracin
\.


--
-- Data for Name: exogenaconcepto; Type: TABLE DATA; Schema: public; Owner: postgres
--

COPY public.exogenaconcepto (concepto, formato, nombre) FROM stdin;
5002	1001	Honorarios, El valor acumulado pagado o abonado en cuenta. No debe incluir valores de rentas de trab
5003	1001	Comisiones, El valor acumulado pagado o abonado en cuenta. No debe incluir valores de rentas de trab
5004	1001	Servicios, El valor acumulado pagado o abonado en cuenta. No debe incluir valores de rentas de traba
5005	1001	Arrendamientos
5006	1001	Intereses y rendimientos financieros causados: El valor acumulado abonado en cuenta.
5007	1001	Compra de activos movibles (E.T.Art 60)
5008	1001	Compra de Activos Fijos (E.T. Art 60)
5010	1001	Pagos o Abonos en cuenta por concepto de aportes parafiscales al SENA, a las Cajas de Compensacin F
5011	1001	Pagos o abonos en cuenta efectuado a las empresas promotoras de salud EPS y los aportes al Sistema d
5012	1001	Pagos  o abonos  en  cuenta  por concepto de aportes obligatorios para pensiones efectuados a los Fo
5013	1001	Donaciones en dinero efectuadas a las entidades sealadas en los artculos 125, 125-4,126-2 y 158-1 
5014	1001	Donaciones en activos diferentes a dinero efectuadas a las entidades sealadas en los artculos 125,
5015	1001	Impuestos solicitados como deduccin
5016	1001	Demas Costos y Deducciones
5018	1001	Importe de las primas de reaseguros pagados o abonados en cuenta
5019	1001	Amortizaciones realizadas 
5020	1001	Compra de activos fijos reales productivos sobre los cuales solicit deduccin, art. 158-3 E.T. El v
5023	1001	Valor  acumulado  de  los  pagos  o  abonos  en  cuenta  al  exterior  por  asistencia  tcnica
5024	1001	Valor acumulado de los pagos o abonos en cuenta al exterior por marcas
5025	1001	Valor acumulado de los pagos o abonos en cuenta al exterior por patentes
5026	1001	valor acumulado de los pagos o abonos en cuenta al exterior por regalas
5027	1001	Valor acumulado de los pagos o abonos en cuenta al exterior por servicios tcnicos
5028	1001	Devolucin de pagos o abonos en cuenta y retenciones correspondientes a operaciones de aos anterior
5029	1001	Gastos pagados por anticipado por Compras
5030	1001	Gastos pagados por anticipado por Honorarios 
5031	1001	Gastos pagados por anticipado por Comisiones
5032	1001	Gastos pagados por anticipado por Servicios
5033	1001	Gastos pagados por anticipado por Arrendamientos
5034	1001	Gastos pagados por anticipado por intereses y rendimientos financieros
5035	1001	Gastos pagados por anticipado por otros conceptos
5044	1001	El pago por loteras, rifas, apuestas y similares
5045	1001	Retencin sobre ingresos de tarjetas dbito y crdito
5046	1001	Enajenacin de activos fijos de personas naturales ante oficinas de trnsito y otras entidades autor
5047	1001	Importe de los siniestros por lucro cesante pagados o abonados en cuenta
5048	1001	Importe de los siniestros por dao emergente pagados o abonados en cuenta
5053	1001	Retenciones practicas a titulo de timbre
5054	1001	La devolucin de retenciones a ttulo de impuesto de timbre, correspondientes a operaciones de aos 
5055	1001	Viaticos
5056	1001	Gastos de representacion
5058	1001	Valor de los Aportes, Tasas y Contribuciones solicitado como deduccin
5059	1001	El  pago  o  abono  en cuenta  realizado  a  cada  uno  de  los  cooperados,  del  valor  del  Fondo
5060	1001	Redencin de inversiones en lo que corresponde al reembolso del capital por titulos de capitalizacio
5061	1001	Utilidades Pagadas o abonadas en cuenta, cuando el beneficiario es diferente al fideicomitente
5063	1001	Intereses y rendimientos financieros efectivamente pagados: El valor pagado.
5064	1001	Devoluciones de saldos de aportes pensionales pagados
5065	1001	Excedences pensionales de libre disponibilidad componente de capital pagados
5066	1001	El valor del impuesto Nacional al consumo solicitado como deduccin
5067	1001	El valor acumulado de los pagos o abonos en cuenta al exterior por consultora
5068	1001	Participaciones o dividendos pagados o abonados en cuenta en calidad de exigibles correspondientes a
5069	1001	Participaciones o dividendos pagados o abonados en cuenta en calidad de exigibles correspondientes a
5070	1001	Participaciones o dividendos pagados o abonados en cuenta en calidad de exigibles correspondientes a
5071	1001	Participaciones o dividendos pagados o abonados en cuenta en calidad de exigibles correspondientes a
5072	1001	El importe de los siniestros por seguros de vida pagados o abonados en cuenta
5073	1001	Desembolsos por depsitos judiciales
5074	1001	Desembolsos por reintegros de depsitos judiciales
5075	1001	Regalas y explotacin de la propiedad intelectual
5076	1001	Valor de utilidades distribuidas provenientes de diferimiento de ingresos
5078	1001	Retenciones contribucin laudos arbitrales
5079	1001	Intereses por deuda a vinculados en subcapitalizacin art.118-1 E.T. El valor abonado en cuenta. Est
5080	1001	El valor acumulado de los pagos o abonos efectuados a proveedores del exterior por servicios audiovi
5081	1001	El valor acumulado de los pagos o abonos efectuados a proveedores del exterior por servicios prestad
5082	1001	El valor acumulado de los pagos o abonos efectuados a proveedores del exterior por suministro de ser
5083	1001	El valor acumulado de los pagos o abonos efectuados a proveedores del exterior por suministro de ens
5084	1001	El valor acumulado de los pagos o abonos efectuados a proveedores del exterior por suministro de der
5085	1001	El valor acumulado de los pagos o abonos efectuados a proveedores del exterior por Otros servicios e
1301	1003	Retenciones por salarios, prestaciones y dems pagos laborales
1302	1003	Retenciones por ventas
1303	1003	Retenciones por Servicios
1304	1003	Retenciones por Honorarios
1305	1003	Retenciones por Comisiones
1306	1003	Retenciones por Intereses y Rendimientos Financieros
1307	1003	Retenciones por Arrendamientos
1308	1003	Retencion por Otros conceptos
1309	1003	Retencin en la fuente en el  Impuesto a las ventas.
1310	1003	Retencin por dividendos y participaciones, sin incluir el valor reportado en el concepto 1320
1311	1003	Retencin por enajenacin de activos fijos de personas naturales ante oficinas de trnsito y otras e
1312	1003	Retencin por ingresos de tarjetas dbito y crdito
1313	1003	Retencin por loteras, rifas, apuestas y similares
1314	1003	Retencin por Impuesto de Timbre
1320	1003	Retencin por dividendos y participaciones recibidas por sociedades nacionales art. 242-1 del E.T.
8303	1004	Descuento tributario por impuestos pagados en el exterior solicitado como descuento por los contribu
8305	1004	Descuento tributario empresas de servicios pblicos domiciliarios que presten servicios de acueducto
8316	1004	Descuento tributario por donaciones dirigida a programas de becas o crditos condonables. Art. 256, 
8317	1004	Descuento tributario por inversiones en investigacin, desarrollo tecnolgico e innovacin. E.T., ar
8318	1004	Descuento por donaciones efectuadas a entidades sin nimo de lucro pertenecientes al rgimen tributa
8319	1004	Descuento tributario por donaciones efectuadas a entidades sin nimo de lucro no contribuyentes de q
8320	1004	Descuento tributario para inversiones realizadas en control, conservacin y mejoramiento del medio a
8321	1004	Descuento tributario por donaciones en la red nacional de bibliotecas pblicas y biblioteca nacional
8322	1004	Descuento tributario por donaciones a favor del fondo para reparacin de vctimas. Art 177, ley 1448
8323	1004	Descuento tributario por impuestos pagados en el exterior por la Entidad controlada del Exterior (EC
8324	1004	Descuento tributario por donacin a la Corporacin General Gustavo Matamoros D Costa y dems fundac
8325	1004	Descuento tributario por donacin a organismos de deporte aficionado. E.T., art. 126- 2, inciso. 2.
8326	1004	Descuento tributario por donacin a organismos deportivos y recreativos o culturales personas jurdi
8327	1004	Descuento tributario por donaciones efectuadas para el apadrinamiento de parques naturales y conserv
8328	1004	Descuento tributario por aportes al sistema general de pensiones a cargo del empleador que sea contr
8329	1004	Descuento tributario por ventas de bienes o servicios realizados a travs de los sistemas de tarjeta
8330	1004	Descuento tributario por impuesto de industria, comercio, avisos y tableros. E.T., art. 115 del E.T.
8331	1004	Descuento tributario por impuesto sobre las ventas en la importacin, formacin, construccin, o adq
4001	1007	Ingresos Brutos de Actividades Ordinarias
4002	1007	Otros Ingresos Brutos
4003	1007	Ingresos por intereses y rendimientos financieros
4004	1007	Ingresos por intereses Correspondientes a Creditos Hipotecarios
4005	1007	Ingresos a traves de Consorcios o Uniones Temporales
4006	1007	Ingresos a traves de Mandato o Administracion Delegada
4007	1007	Ingresos a traves de Exploracion y Explotacion de Hidrocarburos, Gases y Minerales
4008	1007	Ingresos a traves de Fiducia
4009	1007	Ingresos a traves de Terceros (Beneficiario)
4011	1007	Ingresos a traves de joint venture
4012	1007	Ingresos a traves de Cuentas en Participacion
4013	1007	Ingresos a traves de Convenios de Cooperacion con Entidades Publicas
4014	1007	Ingresos por ventas con puntos premio redimidos en el perodo, procedentes de programas de fidelizac
4015	1007	Ingresos por puntos premio vencidos y no reclamados en el periodo, procedentes de programas de fidel
4016	1007	Ingresos por ventas con puntos premio redimidos en el perodo, incluidos en el concepto 4015 que cor
4017	1007	Ingresos por recuperaciones de costos y deducciones que constituyen renta lquida. Arts.195 a 198 E.
1315	1008	Cuentas por Cobrar-Clientes
1316	1008	Cuentas por Cobrar  Compaas accionistas, socios y compaas vinculadas
1317	1008	Otras Cuentas por Cobrar
1318	1008	Saldo fiscal deterioro de cartera, indentificando el NIT del deudor
2201	1009	Saldo de los pasivos con proveedores
2202	1009	Saldo de los pasivos con compaas vinculadas accionistas y socios
2203	1009	Saldo de las obligaciones financieras
2204	1009	Saldo de los pasivos por impuestos, gravmenes y tasas
2205	1009	Saldo de los pasivos laborales,
2206	1009	Saldo de los dems pasivos
2207	1009	Saldo del Pasivo determinado por el clculo Actuarial, con el NIT del informante
2208	1009	Pasivos respaldados en documento de fecha cierta
2209	1009	Pasivos exclusivos de las compaas de seguros
2211	1009	Valor de los pasivos por depsitos judiciales
2212	1009	valor del pasivo por ingresos diferidos por puntos premio otorgados en programas de fidelizacin
2213	1009	valor del pasivo por ingresos diferidos contemplados en el art. 23-1 del E.T.,
1601	1011	Inversiones Zomac realizadas en el ao representadas en inventarios, propiedad planta y equipo
1602	1011	Inversiones en Megainversiones en el ao representadas en propiedad, planta y equipo
1603	1011	Inversiones realizadas por empresas de economa naranja de que trata el numeral 1 del artculo 235-2
1604	1011	Inversiones realizadas por empresas dedicas al desarrollo del campo colombiano de que trata el numer
8104	1011	Renta exenta por venta energa elctrica generada con base en energa elica, biomasa o residuos agr
8106	1011	Renta exenta por aprovechamiento de nuevas plantaciones forestales incluida la guadua el caucho y el
8109	1011	Renta exenta por prestacin de servicio de transporte fluvial con embarcaciones y planchones de bajo
8111	1011	Rentas exentas por la utilidad en la enajenacin de predios destinados a fines de utilidad pblica. 
8120	1011	Rentas exentas por aplicacin de algn convenio para evitar la doble tributacin. 
8121	1011	Renta exenta por creaciones literarias dela economa naranja contenidas en el artculo 28 de la Ley 
8125	1011	Rentas exentas por Intereses, comisiones y pagos por deuda pblica externa. art. 218 E.T.  
8127	1011	Rentas exentas por inversin en nuevos aserros, plantas de procesamiento y plantaciones de rboles 
8133	1011	Rentas exentas por servicios prestados en hoteles nuevos. E.T., Art. 207-2, Num 3 Sentencia C 235 de
8134	1011	Rentas exentas por servicios prestados en hoteles remodelado y/o ampliados. E.T., Art. 207-2 E.T, Nu
8140	1011	Rentas exentas por aportes voluntarios a los fondos de pensiones. E.T. art. 126-1, inc. 2
8141	1011	Rentas exentas por los ahorros a largo plazo para el fomento de la construccin. E.T., art. 126-4.
8142	1011	Rentas exentas del beneficio neto o excedente para las entidades sin nimo de lucro. E.T., art 358 E
8145	1011	Rentas exentas de fondos provenientes de auxilios o donaciones de entidades o gobiernos extranjeros.
8156	1011	Rentas exentas prestaciones provenientes de un fondo de pensiones. E.T. art. 207.
8159	1011	Renta exenta pago principal y dems rendimientos generados en actividades financieras por parte de e
8160	1011	Rentas exentas de los industriales de la cinematografa, personas naturales. L. 397/1997, art. 46. 
8164	1011	Renta exenta por la utilidad en la enajenacin de predios destinados al desarrollo de proyectos de v
8165	1011	Renta exenta por la utilidad en la primera enajenacin de viviendas de inters social y/o prioritari
8166	1011	Renta exenta por la utilidad en la enajenacin de predios para desarrollo de proyectos de renovacin
8167	1011	Renta exenta de que trata L. 546/1999, art. 16. Modificado. L. 964/2005 asociados a proyectos de viv
8168	1011	Renta exenta por rendimientos financieros provenientes de crditos para adquisicin de vivienda de i
8169	1011	Renta exenta por los rendimientos generados por la reserva de estabilizacin que constituyen las ent
8170	1011	Renta exenta creaciones literarias de la economa naranja, numeral 8 del artculo 235-2 del E.T.
8171	1011	Renta exenta. Incentivo tributario para empresas de economa naranja E.T., Art. 235-2 numeral 1, E.T
8172	1011	Renta exenta. Incentivo tributario para el desarrollo del campo colombiano E.T., Art. 235-2 numeral 
8173	1011	Renta exenta de capital por dividendos o participaciones distribuidos por no residentes a CHC y por 
8174	1011	Renta exenta ganancia ocasional derivada de la venta o transmisin de la participacin de una CHC en
8175	1011	Renta exenta de las sumas destinadas al pago de los seguros de invalidez y de sobrevivientes dentro 
8176	1011	Rentas exentas provenientes de bienes inmuebles situados en otro pais de la CAN Decisin 578 de 2004
8177	1011	Rentas exentas provenientes de la explotacin de recursos naturales en otro pais de la CAN, Decisin
8178	1011	Rentas exentas por actividades empresariales efectuadas en otro pais de la CAN, Decisin 578 de 2004
8179	1011	Rentas exentas de empresas de transporte domiciliadas en otro pais de la CAN, Decisin 578 de 2004 a
8180	1011	Rentas exentas por regalias de bienes intangibles en un pais miembro de la CAN, Decisin 578 de 2004
8181	1011	Rentas exentas por intereses y dems rendimientos financieros cuyo pagos de registra en imputa en ot
8182	1011	Rentas exentas por dividendos y participaciones distribuidos por empresas domiciliadas en otro pais 
8183	1011	Rentas exentas por ganancias de capital obtenidos en la venta de bienes situados en otro pais miembr
8184	1011	Rentas exentas por la prestacin de servicios personales prestados en otro pais miembro de la CAN, D
8185	1011	Rentas exentas por beneficios  empresariales en servicios, servicios tcnicos, asistencia tcnica y 
8186	1011	Rentas exentas por pensiones y anualidades obtenidas de fuentes productoras situadas en otro pais mi
8187	1011	Rentas exentas provenientes de actividades de entretenimiento pblico efectuada en otro pais miembro
8200	1011	Deduccin en la declaracin de renta por las inversiones realizadas en activos fijos reales producti
8205	1011	Deduccin por deterioro de cartera de dudoso o difcil cobro. E.T., art. 145.
8207	1011	Costo o deduccin por salarios, prestaciones sociales y dems pagos laborales. No debe contener los 
8208	1011	Deduccin por pagos efectuados a la casa matriz. E.T., art. 124.
8209	1011	Deduccin por gastos en el exterior. E.T., art. 121. No debe contener los valores especificados en e
8210	1011	Costo en la enajenacin de activos fijos posedos por menos de dos aos. E.T., art. 179.
8211	1011	Deduccin del gravamen a los movimientos financieros. E.T., art. 115.
8212	1011	Deduccin por agotamiento en explotacin de hidrocarburos, E.T., art. 161.
8215	1011	Deduccin por intereses sobre prstamos educativos del Icetex y para adquisicin de vivienda. E.T., 
8217	1011	Deduccin por donacin o inversin en produccin cinematogrfica. L. 814/2003, art. 16.
8218	1011	Deduccin por proteccin, mantenimiento y conservacin muebles e inmuebles de inters cultural, L. 1
8225	1011	Deduccin por donaciones del sector privado en la red nacional de bibliotecas pblicas y biblioteca 
8228	1011	Costo o deduccin por las reparaciones locativas realizadas sobre inmuebles.
8229	1011	Deduccin por donaciones e inversiones realizadas en investigacin, desarrollo tecnolgico e innovac
8230	1011	Deduccin por las inversiones realizadas en libreras. L. 98/1993, art. 30.
8231	1011	Deduccin por la inversin realizada en centros de reclusin. L.633/2000, art.98
8233	1011	Deduccin de impuestos devengados y pagados de conformidad con los artculos 115 y 115-1 del E.T. No
8234	1011	Costo o deduccin de intereses. E.T., art. 117. No debe contener los valores especificados en el con
8236	1011	Costo o deduccin por contratos de leasing. E.T., art. 127-1.
8237	1011	Deduccin por costos y gastos por campaas de publicidad de productos extranjeros. E.T., art. 88-1
8238	1011	Deduccin de la provisin de cartera de crditos y provisin de coeficiente de riesgo, provisiones r
8239	1011	Deduccin por deudas manifiestamente prdidas o sin valor. E.T., art. 146.
8240	1011	Deduccin por prdida de activos. E.T. art. 148.
8241	1011	Costo o deduccin por aportes al Instituto Colombiano de Bienestar Familiar, (ICBF). E.T., art. 114.
8242	1011	Costo o deduccin por aportes a Cajas de Compensacin Familiar. E.T., art. 114.
8243	1011	Costo o deduccin por aportes al Servicio Nacional de Aprendizaje, (SENA). E.T., art. 114.
8244	1011	Deduccin de contribuciones a fondos de pensiones de jubilacin e invalidez y fondos de cesantas. E
8245	1011	Deduccin por concepto de cesantas pagadas, E.T., art. 109. No debe contener los valores especifica
8246	1011	Deduccin por concepto de aportes a cesantas por los trabajadores independientes. E.T., art- 126-1,
8247	1011	Deduccin por concepto de contribuciones parafiscales agropecuarias efectuadas por los productores a
8248	1011	Deduccin por salarios, prestaciones sociales y dems pagos laborales, pagados a viudas y hurfanos 
8249	1011	Costo o deduccin por apoyo de sostenimiento mensual de los trabajadores contratados como aprendices
8250	1011	Costo o deduccin por salarios pagados, durante el cautiverio, a sus empleados vctimas de secuestro
8255	1011	Costo o deduccin por pagos a terceros por concepto de alimentacin del trabajador y su familia o su
8256	1011	Costo o deduccin por el pago de estudios a trabajadores en instituciones de educacin superior. L. 
8257	1011	Deduccin por factor especial de agotamiento en explotacin de hidrocarburos, E.T. art. 166.
8259	1011	Deduccin por tasas y contribuciones fiscales pagadas.
8261	1011	Deduccin de la provisin para el pago de futuras pensiones.  E.T., art. 112.
8263	1011	Costo o deduccin por salarios y prestaciones sociales a trabajadores con discapacidad no inferior a
8264	1011	Deduccin por las inversiones realizadas para el transporte areo en zonas apartadas del pas. L. 63
8265	1011	Deduccin por aumento en la reserva tcnica de FOGAFIN Y FOGACOOP. E.T., art. 19-3.
8267	1011	Deduccin por contribuciones a fondos mutuos de inversin. E.T., art. 126.
8271	1011	Deduccin por salarios y prestaciones sociales pagados a mujeres vctimas de violencia comprobada. L
8272	1011	Deduccin del 100% por inversiones en infraestructura para la realizacin de espectculos pblicos. 
8273	1011	Deduccin por inversiones en jardines botnicos. L. 299/1996, art. 12
8274	1011	Deduccin por inversiones en fuentes de energa no convencional. L.1715/2014, art. 11.
8275	1011	Deduccin por depreciacin de maquinarias, equipos y obras civiles de proyectos de fuentes de energ
8276	1011	Costos y deducciones fiscales no reconocidas contablemente (diferencias temporarias), E.T., art. 59 
8277	1011	Deducciones por atenciones a clientes, proveedores y trabajadores. E.T., art. 107-1, inciso 1.
8278	1011	Deducciones por pagos salariales y prestacionales, provenientes de litigios. E.T., art. 107-1, incis
8279	1011	Deduccin de cesantas consolidadas. E.T., art.110. No debe contener los valores especificados en ot
8282	1011	Pagos a jurisdicciones no cooperantes, de baja o nula imposicin y a entidades con regmenes prefere
8283	1011	Deduccin por depreciacin. E.T., art. 128.
8284	1011	Costo por depreciacin
8285	1011	Costo o deduccin por obsolescencia. E.T., art. 129
8286	1011	Deduccin de inversiones. E.T., art. 142
8287	1011	Deduccin por amortizacin de activos intangibles. E.T., Art. 143 del E.T. (Modificado por el artcu
8288	1011	Amortizacin inversiones en exploracin, desarrollo y construccin de minas, y yacimientos de petrl
8290	1011	Prdidas sufridas en actividades agropecuarias. E.T., art. 150
8291	1011	Deduccin por donaciones dirigidas a programas de becas o crditos condonables, E.T., art. 158-1, in
8292	1011	Deduccin por inversiones en evaluacin y exploracin de recursos naturales no renovables. E.T., Art
8293	1011	Deduccin por agotamiento en explotacin de minas, gases distintos de hidrocarburos y depsitos natu
8294	1011	Deduccin por pago impuesto al carbono, como mayor valor del costo del bien. L. 1819/2016, Art. 222,
8295	1011	Deduccin por pagos efectuados a las empresas promotoras de salud EPS y los aportes al Sistema de Ri
8296	1011	Deducciones por contribucin a educacin destinados a programas de becas de estudios totales o parci
8297	1011	Deducciones por contribucin a educacin destinados a programas o centros de atencin, estimulacin 
8298	1011	Deducciones por contribucin a educacin por aportes a instituciones de educacin bsica-primaria y 
8299	1011	Deducciones de otros pagos a casas matrices o sucursales contemplados en el artculo 124-1 E.T.
8400	1011	Deduccin del 120% de los pagos que el empleador realice por concepto de salario, en relacin con lo
8401	1011	Deduccin de las instituciones prestadoras de salud (IPS) contribuyentes por la cartera, reconocida 
8402	1011	Deduccin por inversiones o donaciones en proyectos de economa creativa del artculo 195 de la Ley 
8403	1011	Deduccin por donaciones realizadas por entidades del rgimen tributario especial de conformidad con
8404	1011	Deduccin transitoria por el ao 2021 del 200% del valor de los salarios y prestaciones sociales par
9001	1011	Exclusin de IVA por venta de materias primas qumicas con destinacin especfica. E.T., art. 424, n
9002	1011	Exclusin de IVA por venta de materias primas destinadas a la produccin de vacunas. Num 2 Art. 424 
9004	1011	Exclusin de IVA por venta de anticonceptivos femeninos. E.T., art.424, num.4.
9007	1011	Exclusin de IVA por venta de equipos, entre otros, para construccin, instalacin, montaje y operac
9008	1011	Exclusin de IVA por venta de dispositivos mviles inteligentes. E.T., art. 424, num.6.
9009	1011	Exclusin de IVA por donaciones de alimentos de consumo humano a Bancos de Alimentos. E.T., art. 424
9012	1011	Exclusiones de IVA por venta de objetos con inters artstico, cultural e histrico. E.T., art. 424,
9013	1011	Exclusiones de IVA por venta de combustible para aviacin para el servicio de transporte areo nacio
9014	1011	Exclusiones de IVA en la venta de plizas de seguros de carcter individual. E.T., art. 427. E.T.
9015	1011	Exclusin de IVA en la venta de equipos, entre otros, para fuentes de energa no convencionales. Art
9016	1011	Exclusin de IVA por venta de servicios mdicos odontolgicos, entre otros. E.T., art. 476, num. 1. 
9017	1011	Exclusin de IVA por venta de servicios de transporte. E.T., art. 476, num. 9.
9018	1011	Exclusin en IVA en intereses y rendimientos financieros por operaciones de crdito, E.T., art. 476,
9019	1011	Exclusin de IVA en venta de servicios pblicos. E.T., art. 476, numerales 11, 12, 13.
9020	1011	Exclusin de IVA en venta de servicio de arrendamiento. E.T., art. 476, num. 15.
9021	1011	Exclusin de IVA en venta de servicios de educacin. E.T., art. 476, num.5
9023	1011	Exclusin de IVA en venta de planes obligatorios de salud, ahorro individual, riesgos laborales y se
9024	1011	Exclusin de IVA en comercializacin de animales vivos y servicio de faenamiento. E.T., art. 476, nu
9025	1011	Exclusin de IVA en servicios de promocin y fomento deportivo. E.T., art. 476, num. 29.
9026	1011	Exclusin de IVA en cine, en eventos y espectculos. E.T., art. 476, num. 18
9027	1011	Exclusin de IVA en venta de servicios de adecuacin de tierras, produccin agropecuaria y pesquera.
9028	1011	Exclusin de IVA comisiones pagadas en procesos de titularizacin de activos. E.T., art. 476, num. 2
9029	1011	Exclusin de IVA en servicios funerarios, cremacin, inhumacin y exhumacin E.T., art. 476, num. 19
9030	1011	Exclusin de IVA en servicios de conexin y acceso a Internet estrato 3. E.T., art. 476, num 7.
9031	1011	Exclusin de IVA en comisiones por intermediacin por la colocacin de los planes de salud del siste
9032	1011	Exclusin de IVA en comisiones percibidas por utilizacin de tarjetas crdito y dbito. E.T., art. 4
9033	1011	Exclusin de IVA en servicios de alimentacin contratados con recursos pblicos y destinados al sist
9034	1011	Exclusin de IVA en servicios de transporte areo nacional donde no exista transporte terrestre orga
9035	1011	Exclusin de IVA en publicidad a travs de peridicos y medios regionales. E.T., art. 476, num. 31
9036	1011	Exclusin de IVA en la venta de productos de soporte nutricional del rgimen especial. E.T., art. 42
9037	1011	Exclusin de IVA en la venta de alimentos para propsitos mdicos especiales para pacientes que requ
9038	1011	Exclusin de IVA en el territorio intendencia de San Andrs y Providencia. E.T., art. 423.
9039	1011	Exclusin de IVA en la venta de alimentos de consumo humano y animales importados de pases colindan
9041	1011	Exclusin de IVA en compraventa de maquinaria y equipos registrados en el registro nacional de reduc
9042	1011	Exclusin de IVA en el petrleo crudo recibido por la Agencia Nacional de Hidrocarburos por regalas
9043	1011	Exclusin de IVA en los servicios de educacin virtual para el desarrollo de contenidos digitales. E
9044	1011	Exclusin de IVA en suministro de pginas web, servidores, computadora en la nube y mantenimiento a 
9045	1011	Exclusin de IVA en adquisicin de licencias de software para el desarrollo comercial de contenidos 
9046	1011	Exclusin de IVA en servicios de reparacin y mantenimiento de naves y artefactos martimos y fluvia
9047	1011	Exclusin de IVA por servicios de hotelera y turismo prestados en zonas del rgimen aduanero especi
9048	1011	Exclusin de IVA por operaciones cambiarias de compra y venta de divisas. E.T., art. 476, num. 27
9049	1011	Exclusin de IVA por servicios de intermediacin para el pago de incentivos o transferencias monetar
9051	1011	Exclusin de IVA en la venta de alimentos consumo humano o animal, destinados a los departamentos de
9052	1011	Exclusin de IVA en la venta de elementos de aseo, destinados a los departamentos de Amazonas, Guain
9053	1011	Exclusin de IVA en la venta de vestuario, destinado a los departamentos de Amazonas, Guaina y Vaup
9054	1011	Exclusin de IVA en la venta de medicamentos de uso humano y veterinario, destinados a los departame
9055	1011	Exclusin de IVA en la venta de materiales de construccin destinados a los departamentos de Amazona
9056	1011	Exclusin de IVA en la venta de bicicletas, bicicletas elctricas, motos elctricas, patines, monopa
9057	1011	Exclusin de IVA en la venta de bienes facturados por los comerciantes definidos en el pargrafo 2 d
9058	1011	Exclusin de IVA en la venta de productos comprados o introducidos al Amazonas en el marco del conve
9059	1011	Exclusin de IVA en servicios de administracin de fondos del Estado y los servicios vinculados con 
9060	1011	Exclusin de IVA, primeros trescientos veinticinco (325) minutos mensuales del servicio telefnico l
9061	1011	Exclusin de IVA en comisiones percibidas por la administracin de fondos de inversin colectiva, E.
9062	1011	Exclusin de IVA en servicios de corretaje de contratos de reaseguros, E.T., art. 476, num.32
9063	1011	Exclusin transitoria IVA en la venta de materias primas qumicas (nacionales e importadas) para la 
9064	1011	Exclusin transitoria de IVA por el expendio de comidas y bebidas preparadas desarrolladas a travs 
9065	1011	Exclusin de IVA en los servicios prestados a la ONU y a las entidades multilaterales de crdito, de
9066	1011	Exclusin de IVA en venta de chatarra de las subpartidas 72.04, 74.04 y 76.02. cuando no intervenga 
9067	1011	Exclusin del IVA por la venta de bienes de diferentes partidas arancelarias que inician con la part
9068	1011	Exclusin de IVA servicios artsticos prestados para la realizacin de producciones audiovisuales de
9069	1011	Exclusin de IVA por venta de bienes inmuebles numeral 12 Artculo 424 E.T.
9071	1011	Exclusin de IVA por el ao 2021 en la comercializacin de artesanas colombianas. L 2068 de 2020. A
9100	1011	Tarifa del 5% venta de servicios de almacenamiento y comisiones productos agrcolas. E.T., art. 468-
9101	1011	Tarifa del 5% por venta de seguro agropecuario. E.T., art. 468-3, num. 2.
9102	1011	Tarifa del 5% por venta de servicios prestados mediante entidades del Num. 1 Art. 19 E.T., con disca
9103	1011	Tarifa de 5% en venta de servicios de medicina prepagada y plizas relacionadas. E.T., art. 468-3, n
9105	1011	Tarifa del 5% en venta de bienes sujetos a participacin o impuesto al consumo de licores, vinos, ap
9106	1011	Tarifa del 5% en la venta de neveras nuevas para sustitucin, sujetas al reglamento tcnico de etiqu
9107	1011	Tarifa del 5% del ingreso al productor en la venta de Gasolina y ACPM. E.T. Numeral 4 art. 468-1 del
9108	1011	Tarifa del 5% por venta de gasolina de aviacin Jet A1 y/o gasolina de aviacin 100/130 nacionales. 
9109	1011	Tarifa del 5% en el transporte areo de pasajeros. Decreto Legislativo 575 de 2020, art. 13.
9110	1011	Tarifa del 5% en la venta de bienes de las partidas que inician desde la 09.01. y termina en la part
9111	1011	Tarifa del 5% hasta el 31 de diciembre de 2022 en la venta de tiquetes areos de pasajeros, servicio
9200	1011	Exencin de IVA en venta de alcohol carburante. E.T., art. 477, num. 1.
9202	1011	Exencin de IVA venta de libros y revistas de carcter cientfico y cultural. E.T., art. 478.
9203	1011	Exencin de IVA por prestacin servicios en el pas utilizados en el exterior. E.T., art. 481, lit. 
9204	1011	Exencin de IVA por prestacin de servicios tursticos a extranjeros en el territorio colombiano. E.
9205	1011	Exencin de IVA por cuadernos subpartida 48.20.20.00.00, diarios, publicaciones peridicas, impresos
9206	1011	Exencin de IVA por servicio de conexin estrato 1 y 2. E.T., art. 481, lit. h.
9207	1011	Exencin de IVA en venta de municiones y material de guerra y elementos pertenecientes a Fuerzas Mil
9208	1011	Exencin de IVA en la venta de vehculos automotores de transporte pblico de pasajeros completos y 
9209	1011	Exencin de IVA en la venta de vehculos automotores de servicio pblico o particular, de transporte
9210	1011	Exencin en IVA en la venta de bicicletas y sus partes; motocicletas y sus partes y motocarros y sus
9211	1011	Exencin de IVA en la venta de alimentos consumo humano o animal que se introduzcan y comercialicen 
9212	1011	Exencin de IVA en la venta de elementos de aseo que se introduzcan y comercialicen al departamento 
9213	1011	Exencin de IVA en la venta de vestuario, que se introduzcan y comercialicen al departamento de Amaz
9214	1011	Exencin de IVA en la venta de medicamentos de uso humano y veterinario, que se introduzcan y comerc
9215	1011	Exencin de IVA en la venta de materiales de construccin que se introduzcan y comercialicen al depa
9216	1011	Exencin por prestacin de servicios tursticos a extranjeros en el territorio colombiano. E.T., art
9217	1011	Exencin de IVA en la venta de bienes que inician desde la partida 01.02, y termina en la partida 96
9218	1011	Exencin de IVA por uso de recursos de auxilios o donaciones de entidades o gobiernos extranjeros co
9219	1011	Exencin de IVA en las ventas en territorio nacional de productos de uso mdico e insumos, de acuerd
9220	1011	Exencin de IVA en las ventas en territorio nacional de bienes e insumos de uso mdico, sin derecho 
9221	1011	Exencin de IVA en compra o donacin de vehculos, equipos o elementos nuevos o usados utilizados pa
9222	1011	Exencin de IVA por exportacin de servicios relacionados con la produccin de obra de cine, televis
9223	1011	Exencin de IVA transitoria por el ao 2021 en la prestacin de servicios de hotelera y turismo a r
1110	1012	Saldo a 31 de Diciembre de las cuentas corrientes y/o ahorro que posea en el pas
1115	1012	Valor total del saldo de las cuentas corrientes y/o ahorro posedas en el exterior
1200	1012	Valor Patrimonial de los Bonos
1201	1012	Valor Patrimonial de los Certificados de Depsito
1202	1012	Valor Patrimonial de los Ttulos
1203	1012	Valor Patrimonial de los Derechos Fiduciarios 
1204	1012	Valor Patrimonial de las Dems Inversiones Posedas
1205	1012	Valor Patrimonial de las Acciones o Aportes poseidos a 31 de Diciembre
1206	1012	Valor patrimonial de los criptoactivos
4070	1647	Ingresos recibidos para terceros V2
8001	2275	Ingresos no constitutivos por dividendos y participaciones. E.T., art. 48. (Modificado. L. 1819/2016
8002	2275	Ingresos no constitutivos por componente inflacionario de los rendimientos financieros. E.T. art. 38
8005	2275	Ingresos no constitutivos por la utilidad en enajenacin de acciones. E.T., art. 36-1, incisos 2 y 3
8006	2275	Ingresos no constitutivos por utilidades provenientes de la negociacin de derivados. E.T., art. 36-
8007	2275	Ingresos no constitutivos por capitalizaciones no gravadas a socios o accionistas. E.T. art. 36-3.
8008	2275	Ingresos no constitutivos por las indemnizaciones en virtud de seguros de dao. E.T., art. 45.
8009	2275	Ingresos no constitutivos por las indemnizaciones por destruccin o renovacin de cultivos, y por co
8010	2275	Ingresos no constitutivos por los aportes de entidades estatales, sobretasas e impuestos para financ
8011	2275	Ingresos no constitutivos percibidos por las organizaciones regionales de televisin y audiovisuales
8013	2275	Ingresos no constitutivos por la liberacin de la reserva de que trata el numeral 12 del artculo Ar
8014	2275	Ingresos no constitutivos provenientes del Incentivo a la Capitalizacin Rural, (ICR). E.T., art. 52
8015	2275	Ingresos no constitutivos por la utilidad en la venta de casa o apartamento de habitacin. E.T., art
8016	2275	Ingresos no constitutivos por la retribucin como recompensa. E.T., art. 42.
8017	2275	Ingresos no constitutivos por la utilidad en la enajenacin voluntaria de bienes expropiados. L. 388
8019	2275	Ingresos no constitutivos por aportes al sistema general de pensiones. Art. 55 E.T. (Agregado, L. 18
8023	2275	Ingresos no constitutivos por los subsidios y ayudas otorgadas por el programa Agro Ingreso Seguro 
8025	2275	Ingresos no constitutivos por distribucin de utilidades por liquidacin de sociedades limitadas. E.
8026	2275	Ingresos no constitutivos por donaciones recibidas para partidos, movimientos y campaas polticas. 
8028	2275	Ingresos no constitutivos por la utilidad en procesos de capitalizacin. L. 789/2002, art. 44.
8029	2275	Ingresos no constitutivos recibidos por el contribuyente para ser destinados al desarrollo de proyec
8030	2275	Ingresos no constitutivos recursos administrados por Fogafin. E.T., art. 19-3, inciso 1.
8032	2275	Ingresos no constitutivos por gananciales. E.T., art. 47.
8033	2275	Ingresos no constitutivos por capitalizacin de utilidades en ajustes por inflacin o componente inf
8034	2275	Ingresos no constitutivos remuneracin labores de carcter cientfico, tecnolgico o innovacin. E.T
8035	2275	Ingresos no constitutivos por apoyos econmicos entregados como capital semilla. L. 1429/10, art. 16
8036	2275	Ingresos no constitutivos por recursos recibidos por aportes de la nacin a entidades pblicas en li
8037	2275	Ingresos no constitutivos por componente inflacionario o mantenimiento de valor de ttulos emitidos 
8041	2275	Ingresos no constitutivos por enajenacin de inmuebles. L 9/1989, art. 15, modificado por la L. 3 de
8042	2275	Ingresos no constitutivos por dividendos y beneficios distribuidos por la ECE. Art. 893 E.T.
8043	2275	Ingresos no constitutivos por rentas o ganancias ocasionales por enajenacin de acciones o participa
8044	2275	Ingresos no constitutivos por Certificados de Incentivo Forestal. L. 139/1994, art. 8, literal c).
8045	2275	Ingresos no constitutivos por aportes obligatorios al sistema general de salud. Art. 56 E.T. (Agrega
8046	2275	Ingresos no constitutivos por premios obtenidos en virtud del Premio Fiscal que trata el art. 618-1 
8047	2275	Ingresos no constitutivos por contraprestacin por la produccin de obras cinematogrficas. L. 1556/
8048	2275	Ingresos no constitutivos por donaciones Protocolo Montreal.L.488/1998, art. 32.
8049	2275	Ingresos no constitutivos por apoyos econmicos entregados por el Estado o financiados con recursos 
8050	2275	Ingreso no constitutivo por utilidades repartidas a travs de acciones a trabajadores de sociedades 
8051	2275	Ingresos no constitutivos por aplicacin de algn convenio para evitar la doble tributacin.
\.


--
-- Data for Name: exogenaformato; Type: TABLE DATA; Schema: public; Owner: postgres
--

COPY public.exogenaformato (codigo, nombre) FROM stdin;
1001	Pagos o abonos en cuenta y retenciones practicadas  V10
1003	Retenciones en la fuente que le practicaron  V7
1004	Descuentos tributarios solicitados V7
1005	Impuesto a las ventas por pagar (descontable) V7
1006	Impuesto a las ventas por pagar (generado) e impuesto al consumo V8
1007	Ingresos recibidos V9
1008	Saldo de cuentas por cobrar al 31 de diciembre V7
1009	Saldo de cuentas por pagar al 31 de diciembre V7
1010	Informacin de socios, accionistas, comuneros y/o cooperados V8
1011	Informacin de las declaraciones tributarias  V6 
1012	Informacin de declaraciones tributarias, acciones y aportes, inversiones en bonos ttulos valores y
1647	Ingresos recibidos para terceros V2
2275	Ingresos no constitutivos de renta ni ganancia ocasional V1
2276	Informacin de rentas de trabajo y pensiones 
\.


--
-- Data for Name: facturafijos; Type: TABLE DATA; Schema: public; Owner: postgres
--

COPY public.facturafijos (codigo, fecha, vence, hora, subtotal19, subtotal5, subtotal0, subtotal, subtotaliva19, subtotaliva5, subtotaliva0, subtotalbase19, subtotalbase5, subtotalbase0, totaliva, ret2201, total, neto, items, formadepago, mediodepago, tercero, vendedor, descuento, subtotaldescuento19, subtotaldescuento5, subtotaldescuento0, resolucion, cotizacionservicio, tipo, centro) FROM stdin;
\.


--
-- Data for Name: facturafijosdetalle; Type: TABLE DATA; Schema: public; Owner: postgres
--

COPY public.facturafijosdetalle (id, codigo, fila, cantidad, precio, subtotal, pagina, nombreservicio, unidadservicio, codigoservicio, ivaservicio, descuento, montodescuento, sigratis, subtotaldescuento, tipo, fecha) FROM stdin;
\.


--
-- Data for Name: facturagasto; Type: TABLE DATA; Schema: public; Owner: postgres
--

COPY public.facturagasto (codigo, fecha, vence, hora, subtotal19, subtotal5, subtotal0, subtotal, subtotaliva19, subtotaliva5, subtotaliva0, subtotalbase19, subtotalbase5, subtotalbase0, totaliva, total, porcentajeretencionfuente, totalretencionfuente, porcentajeretencionica, totalretencionica, neto, items, formadepago, mediodepago, tercero, almacenista, descuento, subtotaldescuento19, subtotaldescuento5, subtotaldescuento0, pedidofacturagasto, tipo, centro, facturagastocuenta0, facturagastonombre0, facturagastocuentaretfte, facturagastonombreretfte, facturagastocuentaiva, facturagastonombreiva, facturagastoporcentajeiva) FROM stdin;
2	2019-03-10	2019-03-10	4:22:51 PM	0	0	4395952	4395952	0	0	0	0	0	0	0	4395952	0.00	0	0.00	0	4395952	1 	2	42	892099324	19337558	0	0	0	0		Facturagasto	1	51080401	Impuesto Predial					0
12	2020-08-10	2020-08-10	6:37:7 AM	0	0	2345748	2345748	0	0	0	0	0	0	0	2345748	0.00	0	0.00	0	2345748	1 	2	42	17317857	19337558	0	0	0	0		Facturagasto	1	51111001	Gastos Notariales					0
7	2020-07-01	2020-07-01	6:37:26 AM	0	0	3564100	3564100	0	0	0	0	0	0	0	3564100	0.00	0	0.00	0	3564100	1 	2	42	892000102	19337558	0	0	0	0		Facturagasto	1	51110401	Registro Camara De Comercio					0
5	2020-03-16	2020-03-16	6:37:36 AM	0	0	4579285	4579285	0	0	0	0	0	0	0	4579285	0.00	0	0.00	0	4579285	1 	2	42	892099324	19337558	0	0	0	0		Facturagasto	1	51080401	Impuesto Predial					0
16	2020-10-16	2020-10-16	6:42:18 AM	0	0	1813669	1813669	0	0	0	0	0	0	0	1813669	0.00	0	0.00	0	1813669	1 	2	42	892099324	19337558	0	0	0	0		Facturagasto	1	51080201	Industria Y Comercio					0
140615	2020-11-03	2020-11-03	1:1:24 PM	0	0	435881	435881	0	0	0	0	0	0	82817	435881	0.00	0	0.00	0	518698	1 	2	42	822001738	19337558	0	0	0	0		Facturagasto	1	51111201	Mantenimiento Y Reparaciones		Caja Oficina Principal Villavicencio	51111202	Iva 19%	19
1111758	2020-11-05	2020-11-05	4:8:20 PM	0	0	216832	216832	0	0	0	0	0	0	41198	216832	0.00	0	0.00	0	258030	1 	2	42	901085904	19337558	0	0	0	0		Facturagasto	1	51111201	Mantenimiento Y Reparaciones			51111202	Iva 19%	19
13705	2020-11-10	2020-11-10	4:8:58 PM	0	0	26050	26050	0	0	0	0	0	0	4950	26050	0.00	0	0.00	0	31000	1 	2	42	900592781	19337558	0	0	0	0		Facturagasto	1	51111201	Mantenimiento Y Reparaciones			51111202	Iva 19%	19
17	2020-10-29	2020-10-29	9:21:36 AM	0	0	1136450	1136450	0	0	0	0	0	0	0	1136450	0.00	0	0.00	0	1136450	1 	2	42	860026182	19337558	0	0	0	0		Facturagasto	1	51110601	Seguros Generals					0
AEOM100	2020-12-31	2020-12-31	3:50:23 PM	0	0	3626943	3626943	0	0	0	0	0	0	0	3626943	3.50	126943	0.00	0	3500000	1 	2	42	80853536	19337558	0	0	0	0		Facturagasto	1	51111901	Papeleria Y Utiles De Escritorio	24020402	Ret. Fte. 3.5% Servicios			0
879784959	2021-03-13	2021-03-13	6:57:38 AM	0	0	229000	229000	0	0	0	0	0	0	0	229000	0.00	0	0.00	0	229000	1 	2	42	892099324	19337558	0	0	0	0		Facturagasto	1	51080201	Industria Y Comercio					0
202110202	2021-03-09	2021-03-09	6:59:16 AM	0	0	1390000	1390000	0	0	0	0	0	0	0	1390000	0.00	0	0.00	0	1390000	1 	2	42	892000102	19337558	0	0	0	0		Facturagasto	1	51110401	Registro Camara De Comercio					0
2101031	2021-03-13	2021-03-13	7:0:23 AM	0	0	4761661	4761661	0	0	0	0	0	0	0	4761661	0.00	0	0.00	0	4761661	1 	2	42	892099324	19337558	0	0	0	0		Facturagasto	1	51080401	Impuesto Predial					0
\.


--
-- Data for Name: facturagastodetalle; Type: TABLE DATA; Schema: public; Owner: postgres
--

COPY public.facturagastodetalle (id, codigo, fila, cantidad, precio, subtotal, pagina, bodega, nombreservicio, unidadservicio, codigoservicio, descuento, montodescuento, sigratis, subtotaldescuento, tipo, fecha) FROM stdin;
	2	1    	1	4395952	4395952			IMPUESTO PREDIAL 	Unidad	1001	0	0		0	Facturagasto	2019-03-10
	12	1    	1	2345748	2345748			GASTOS NOTARIALES	Unidad	1001	0	0		0	Facturagasto	2020-08-10
	7	1    	1	3564100	3564100			RENOVACION CAMARA DE COMERCIO 	Unidad	1001	0	0		0	Facturagasto	2020-07-01
	5	1    	1	4579285	4579285			IMPUESTO PREDIAL	Unidad	1001	0	0		0	Facturagasto	2020-03-16
	16	1    	1	1813669	1813669			INDUSTRIA Y COMERCIO	Unidad	1001	0	0		0	Facturagasto	2020-10-16
	140615	1    	1	435881	435881			MATERIAL PARA REPARACIONES	Unidad	1001	0	0		0	Facturagasto	2020-11-03
	1111758	1    	1	216832	216832			MATERIALES DE CONSTRUCCION	Unidad	1001	0	0		0	Facturagasto	2020-11-05
	13705	1    	1	26050	26050			MATERIAL DE REPARACIONES	Unidad	1001	0	0		0	Facturagasto	2020-11-10
	17	1    	1	1136450	1136450			SEGUROS GENERALES	Unidad	1001	0	0		0	Facturagasto	2020-10-29
	AEOM100	1    	1	3626943	3626943			SOFTWARE DE CONTABILIDD SADCONF	Unidad	1001	0	0		0	Facturagasto	2020-12-31
	879784959	1    	1	229000	229000			IMPUESTO DE INDUSTRIA Y COMERCIO 2021	Unidad	1001	0	0		0	Facturagasto	2021-03-13
	202110202	1    	1	1390000	1390000			RENOVACION CAMARA DE COMERCIO AO 2022	Unidad	1001	0	0		0	Facturagasto	2021-03-09
	2101031	1    	1	4761661	4761661			IMPUESTO PREDIAL 2021	Unidad	1001	0	0		0	Facturagasto	2021-03-13
\.


--
-- Data for Name: financiero; Type: TABLE DATA; Schema: public; Owner: postgres
--

COPY public.financiero (codigo, nombre) FROM stdin;
1	Activo Corriente
2	Activo No Corriente
3	Pasivo Corriente
10	Gastos de Ventas
14	Costo de Ventas
12	Otros Egresos
6	Ingresos Ordinarios
8	Otros Ingresos
11	Gastos Financieros
4	Pasivo No Corriente
7	Ingresos Financieros
13	Impuesto a la Renta
5	Patrimonio
9	Gastos de Administracion
\.


--
-- Data for Name: formadepago; Type: TABLE DATA; Schema: public; Owner: postgres
--

COPY public.formadepago (codigo, nombre) FROM stdin;
1	Contado
2	Credito
\.


--
-- Data for Name: grupo; Type: TABLE DATA; Schema: public; Owner: postgres
--

COPY public.grupo (codigo, nombre) FROM stdin;
\.


--
-- Data for Name: horasextras; Type: TABLE DATA; Schema: public; Owner: postgres
--

COPY public.horasextras (prefijo, numero, fechainicial, fechafinal, valorhora, cantidad, tipo, total) FROM stdin;
\.


--
-- Data for Name: inventario; Type: TABLE DATA; Schema: public; Owner: postgres
--

COPY public.inventario (fecha, tipo, codigo, bodega, producto, cantidad, precio, operacion) FROM stdin;
\.


--
-- Data for Name: inventarioinicial; Type: TABLE DATA; Schema: public; Owner: postgres
--

COPY public.inventarioinicial (items, codigo, fecha, almacenista, subtotalbase19, subtotalbase5, subtotalbase0, total, centro) FROM stdin;
\.


--
-- Data for Name: inventarioinicialdetalle; Type: TABLE DATA; Schema: public; Owner: postgres
--

COPY public.inventarioinicialdetalle (id, codigo, fila, cantidad, precio, subtotal, pagina, bodega, producto, descuento, montodescuento, sigratis, subtotaldescuento, tipo, fecha) FROM stdin;
\.


--
-- Data for Name: iva; Type: TABLE DATA; Schema: public; Owner: postgres
--

COPY public.iva (codigo, nombre) FROM stdin;
0	0
5	5
19	19
\.


--
-- Data for Name: mediodepago; Type: TABLE DATA; Schema: public; Owner: postgres
--

COPY public.mediodepago (codigo, nombre) FROM stdin;
10	Efectivo
48	Tarjeta Credito
49	Tarjeta Debito
20	Cheque
42	Consignacion Bancaria
46	Transferencia Dbito Interbancario
30	Transferencia Credito
31	Transferencia Dbito
ZZZ	Acuerdo Mutuo
\.


--
-- Data for Name: nomina; Type: TABLE DATA; Schema: public; Owner: postgres
--

COPY public.nomina (numero, fechainicial, fechafinal, trabajado, transporte, devengado, salud, pension, solidaridad, deducciones, neto, cesantias, intereses, prima, vacaciones, prefijo, viaticos, horasextras, incapacidades, licencias, bonificaciones, auxilios, huelgas, conceptos, compensaciones, bonos, comisiones, dotaciones, sostenimiento, teletrabajo, indemnizaciones, subsistencia, sindicatos, sanciones, libranzas, terceros, anticipos, otras, retencion, afc, embargos, educacion, deuda, pensionrais, pensionvoluntaria) FROM stdin;
\.


--
-- Data for Name: nominaaportes; Type: TABLE DATA; Schema: public; Owner: postgres
--

COPY public.nominaaportes (numero, fechainicial, fechafinal, saludgasto, pensiongasto, riesgos, icbf, sena, caja, total) FROM stdin;
\.


--
-- Data for Name: nominaaportesdetalle; Type: TABLE DATA; Schema: public; Owner: postgres
--

COPY public.nominaaportesdetalle (numero, fechainicial, fechafinal, centro, codigo, sueldo, pensiongasto, riesgos, icbf, sena, caja, total, saludgasto) FROM stdin;
\.


--
-- Data for Name: nominadetalle; Type: TABLE DATA; Schema: public; Owner: postgres
--

COPY public.nominadetalle (numero, fechainicial, fechafinal, centro, codigo, sueldo, dias, trabajado, transporte, devengado, salud, pension, solidaridad, deducciones, neto, cesantias, intereses, prima, vacaciones, prefijo, viaticos, horasextras, incapacidades, licencias, bonificaciones, auxilios, huelgas, conceptos, compensaciones, bonos, comisiones, dotaciones, sostenimiento, teletrabajo, indemnizaciones, subsistencia, sindicatos, sanciones, libranzas, terceros, anticipos, otras, retencion, afc, embargos, educacion, deuda, pensionrais, pensionvoluntaria) FROM stdin;
\.


--
-- Data for Name: nominaelectronica; Type: TABLE DATA; Schema: public; Owner: postgres
--

COPY public.nominaelectronica (numero, fechainicial, fechafinal, trabajado, transporte, devengado, salud, pension, solidaridad, deducciones, neto, cesantias, intereses, prima, vacaciones, prefijo, viaticos, horasextras, incapacidades, licencias, bonificaciones, auxilios, huelgas, conceptos, compensaciones, bonos, comisiones, dotaciones, sostenimiento, teletrabajo, indemnizaciones, subsistencia, sindicatos, sanciones, libranzas, terceros, anticipos, otras, retencion, afc, embargos, educacion, deuda, pensionrais, pensionvoluntaria) FROM stdin;
\.


--
-- Data for Name: nominaelectronicadetalle; Type: TABLE DATA; Schema: public; Owner: postgres
--

COPY public.nominaelectronicadetalle (numero, fechainicial, fechafinal, centro, codigo, sueldo, dias, trabajado, transporte, devengado, salud, pension, solidaridad, deducciones, neto, cesantias, intereses, prima, vacaciones, prefijo, viaticos, horasextras, incapacidades, licencias, bonificaciones, auxilios, huelgas, conceptos, compensaciones, bonos, comisiones, dotaciones, sostenimiento, teletrabajo, indemnizaciones, subsistencia, sindicatos, sanciones, libranzas, terceros, anticipos, otras, retencion, afc, embargos, educacion, deuda, pensionrais, pensionvoluntaria) FROM stdin;
\.


--
-- Data for Name: nominaprestaciones; Type: TABLE DATA; Schema: public; Owner: postgres
--

COPY public.nominaprestaciones (numero, fechainicial, fechafinal, cesantias, intereses, prima, vacaciones, total, dotaciones) FROM stdin;
\.


--
-- Data for Name: nominaprestacionesdetalle; Type: TABLE DATA; Schema: public; Owner: postgres
--

COPY public.nominaprestacionesdetalle (numero, fechainicial, fechafinal, centro, codigo, sueldo, cesantias, intereses, prima, vacaciones, dotaciones, total) FROM stdin;
\.


--
-- Data for Name: pedido; Type: TABLE DATA; Schema: public; Owner: postgres
--

COPY public.pedido (codigo, fecha, vence, hora, subtotal19, subtotal5, subtotal0, subtotal, subtotaliva19, subtotaliva5, subtotaliva0, subtotalbase19, subtotalbase5, subtotalbase0, totaliva, total, porcentajeretencionfuente, totalretencionfuente, porcentajeretencionica, totalretencionica, neto, items, formadepago, mediodepago, tercero, almacenista, descuento, subtotaldescuento19, subtotaldescuento5, subtotaldescuento0, tipo, centro) FROM stdin;
\.


--
-- Data for Name: pedidodetalle; Type: TABLE DATA; Schema: public; Owner: postgres
--

COPY public.pedidodetalle (id, codigo, fila, cantidad, precio, subtotal, pagina, bodega, producto, descuento, montodescuento, sigratis, subtotaldescuento, tipo, fecha) FROM stdin;
\.


--
-- Data for Name: pedidofacturagasto; Type: TABLE DATA; Schema: public; Owner: postgres
--

COPY public.pedidofacturagasto (codigo, fecha, vence, hora, subtotal19, subtotal5, subtotal0, subtotal, subtotaliva19, subtotaliva5, subtotaliva0, subtotalbase19, subtotalbase5, subtotalbase0, totaliva, total, porcentajeretencionfuente, totalretencionfuente, porcentajeretencionica, totalretencionica, neto, items, formadepago, mediodepago, tercero, almacenista, descuento, subtotaldescuento19, subtotaldescuento5, subtotaldescuento0, tipo, centro, facturagastocuenta0, facturagastonombre0, facturagastocuentaretfte, facturagastonombreretfte, facturagastocuentaiva, facturagastonombreiva, facturagastoporcentajeiva) FROM stdin;
\.


--
-- Data for Name: pedidofacturagastodetalle; Type: TABLE DATA; Schema: public; Owner: postgres
--

COPY public.pedidofacturagastodetalle (id, codigo, fila, cantidad, precio, subtotal, pagina, bodega, nombreservicio, unidadservicio, codigoservicio, descuento, montodescuento, sigratis, subtotaldescuento, tipo, fecha) FROM stdin;
\.


--
-- Data for Name: pedidosoporte; Type: TABLE DATA; Schema: public; Owner: postgres
--

COPY public.pedidosoporte (codigo, fecha, vence, hora, subtotal19, subtotal5, subtotal0, subtotal, subtotaliva19, subtotaliva5, subtotaliva0, subtotalbase19, subtotalbase5, subtotalbase0, totaliva, total, porcentajeretencionfuente, totalretencionfuente, porcentajeretencionica, totalretencionica, neto, items, formadepago, mediodepago, tercero, almacenista, descuento, subtotaldescuento19, subtotaldescuento5, subtotaldescuento0, tipo, centro) FROM stdin;
\.


--
-- Data for Name: pedidosoportedetalle; Type: TABLE DATA; Schema: public; Owner: postgres
--

COPY public.pedidosoportedetalle (id, codigo, fila, cantidad, precio, subtotal, pagina, bodega, producto, descuento, montodescuento, sigratis, subtotaldescuento, tipo, fecha) FROM stdin;
\.


--
-- Data for Name: pedidosoporteservicio; Type: TABLE DATA; Schema: public; Owner: postgres
--

COPY public.pedidosoporteservicio (codigo, fecha, vence, hora, subtotal19, subtotal5, subtotal0, subtotal, subtotaliva19, subtotaliva5, subtotaliva0, subtotalbase19, subtotalbase5, subtotalbase0, totaliva, total, porcentajeretencionfuente, totalretencionfuente, porcentajeretencionica, totalretencionica, neto, items, formadepago, mediodepago, tercero, almacenista, descuento, subtotaldescuento19, subtotaldescuento5, subtotaldescuento0, tipo, centro, pedidosoporteserviciocuenta0, pedidosoporteservicionombre0, pedidosoporteserviciocuentaretfte, pedidosoporteservicionombreretfte) FROM stdin;
\.


--
-- Data for Name: pedidosoporteserviciodetalle; Type: TABLE DATA; Schema: public; Owner: postgres
--

COPY public.pedidosoporteserviciodetalle (id, codigo, fila, cantidad, precio, subtotal, pagina, bodega, nombreservicio, unidadservicio, codigoservicio, descuento, montodescuento, sigratis, subtotaldescuento, tipo, fecha) FROM stdin;
\.


--
-- Data for Name: periodo; Type: TABLE DATA; Schema: public; Owner: postgres
--

COPY public.periodo (codigo, anualidad, activo) FROM stdin;
04	2020	SI
05	2021	SI
02	2018	SI
01	2017	NO
03	2019	NO
\.


--
-- Data for Name: plandecuentaempresa; Type: TABLE DATA; Schema: public; Owner: postgres
--

COPY public.plandecuentaempresa (codigo, nombre, auto, nivel, tercero, centro, factura, financiero, contra, interes, cuota, cuentaintereses, tipo, grupo, contranombre, nombreintereses) FROM stdin;
1	ACTIVO		1												
11	EFECTIVO Y EQUIVALENTES DE EFECTIVO		2												
1105	CAJA		3												
110505	CAJA GENERAL		4												
1110	DEPOSITO EN INSTITUCIONES FINANCIERAS Y COOPERATIVAS		3												
111005	CUENTA CORRIENTE		4												
13	CUENTAS COMERCIALES POR COBRAR Y OTRAS CUENTAS POR COBRAR		2												
543040	EDIFICACIONES		4												
54304001	Depreciacion Edificios		A	NO	NO	NO	9			NO		CuotaP	G1		
1308	PRESTACIN DE SERVICIOS		3												
130806	NACIONALES		4												
53050501	Gravamen Movimiento Financiero		A	NO	NO	NO	12			NO		CuotaP	G1		
53050502	G. M. F. No Deducibles		A	NO	NO	NO	12			NO		CuotaP	G1		
53050503	Libretas De Ahorros		A	NO	NO	NO	12			NO		CuotaP	G1		
44020201	Intereses Financieros		A	NO	NO	NO	8			NO		CuotaP	G1		
54304002	Depreciacion Ajuste Local Siete De Agosto		A	NO	NO	NO	12			NO		CuotaP	G1		
15	PROPIEDADES, PLANTA Y EQUIPO		2												
2	PASIVO		1												
23	CUENTAS COMERCIALES POR PAGAR Y OTRAS CUENTAS POR PAGAR		2												
2305	PROVEEDORES NACIONALES		3												
230510	CRDITO DE PROVEEDORES		4												
24	PASIVOS POR IMPUESTOS CORRIENTES		2												
2402	RETENCIN EN LA FUENTE		3												
240204	SERVICIOS		4												
240207	COMPRAS		4												
240210	AUTORRETENCIONES		4												
240299	PAGO RETENCIN EN LA FUENTE		4												
51110601	Seguros Generals		A	NO	NO	NO	9			NO		CuotaP	G1		
51111001	Gastos Notariales		A	NO	NO	NO	9			NO		CuotaP	G1		
1505	ACTIVOS DE MINERIA		3												
150505	MODELO DE COSTO		4												
52	OPERACIONALES DE VENTAS		2												
5201	SUELDOS Y SALARIOS		3												
51023501	Honorarios De Administracion Local		A	NO	NO	NO	9			NO		CuotaP	G1		
13080605	Piscina		A	NO	NO	NO	1			NO		CuotaP	G1		
13080606	Multas Y Sanciones		A	NO	NO	NO	1			NO		CuotaP	G1		
13080607	Gastos Bancarios		A	NO	NO	NO	1			NO		CuotaP	G1		
42150502	Cuota Extraordinaria		A	NO	NO	NO	6			NO		CuotaP	G1		
42150503	Intereses De Mora		A	NO	NO	NO	6			NO		CuotaP	G1		
42150504	Parqueaderos		A	NO	NO	NO	6			NO		CuotaP	G1		
42150505	Piscina		A	NO	NO	NO	6			NO		CuotaP	G1		
42150506	Multas Y Sanciones		A	NO	NO	NO	6			NO		CuotaP	G1		
42150507	Gastos Bancarios		A	NO	NO	NO	6			NO		CuotaP	G1		
4275	DEVOLUCIONES, REBAJAS Y DESCUENTOS EN SERVICIOS		3												
427510	DESCUENTOS EN VENTA DE SERVICIOS		4												
42751001	Descuentos Por Pronto Pago		A	NO	NO	NO	6			NO		CuotaP	G1		
13080603	Intereses De Mora		A	NO	NO	NO	1	42751001		NO		CuotaP	G1	Descuentos Por Pronto Pago	
13080602	Cuotas Extraordinarias		A	NO	NO	NO	1	42150502	SI	SI	13080603	Cuota1	G1	Cuota Extraordinaria	Intereses De Mora
13080604	Parqueadero		A	NO	NO	NO	1	42150504		SI		Cuota2	G1	Parqueaderos	
3	PATRIMONIO		1												
31	CAPITAL SOCIAL		2												
3105	CAPITAL SUSCRITO Y PAGADO		3												
310505	CAPITAL AUTORIZADO		4												
33	RESERVAS		2												
35	DIVIDENDOS Y PARTICIPACIONES DECRETADOS		2												
3505	DIVIDENDOS Y PARTICIPACIONES DECRETADOS		3												
350510	PARTICIPACIONES DECRETADAS EN CUOTAS O PARTES DE INTERS SOCIAL		4												
36	RESULTADOS DEL EJERCICIO		2												
3605	RESULTADOS DEL EJERCICIO		3												
360501	UTILIDAD O EXCEDENTE DEL EJERCICIO		4												
37	RESULTADO DE EJERCICIOS ANTERIORES		2												
3705	RESULTADO DE EJERCICIOS ANTERIORES		3												
370501	UTILIDAD O EXCEDENTE DEL EJERCICIO		4												
370502	PRDIDA O DFICIT DEL EJERCICIO		4												
4	INGRESOS		1												
42	VENTA DE SERVICIOS		2												
4215	VENTA DE SERVICIOS		3												
421505	SERVICIOS VARIOS		4												
44	OTROS INGRESOS		2												
4402	RENDIMIENTOS DE INVERSIONES Y OTROS INGRESOS FINANCIEROS		3												
440202	DEPSITOS EN INSTITUCIONES FINANCIERAS Y COOPERATIVAS		4												
5	GASTO		1												
51	OPERACIONALES DE ADMINISTRACION		2												
11050501	Caja Oficina Principal Villavicencio	CA	A	NO	NO	NO	1			NO		CuotaP	G1		
5102	HONORARIOS		3												
5413	PASIVO ESTIMADO PARA OBLIGACIONES FISCALES		3												
541340	IMPUESTO DE RENTA Y COMPLEMENTARIOS - IMPUESTO CORRIENTE		4												
54134001	Impuesto A La Renta Y Complementarios		A	NO	NO	NO	9			NO		CuotaP	G1		
5104	APORTES SOBRE LA NMINA		3												
51023502	Asesoria Inmobiliaria 		A	NO	NO	NO	9			NO		CuotaP	G1		
5108	IMPUESTOS		3												
510802	INDUSTRIA Y COMERCIO		4												
5111	GENERALES		3												
42150501	Cuotas De Administracion		A	NO	NO	NO	6			NO		CuotaP	G1		
511104	CONTRIBUCIONES Y AFILIACIONES		4												
511106	SEGUROS		4												
511110	GASTOS LEGALES		4												
53	NO OPERACIONALES		2												
5305	FINANCIEROS		3												
530505	GASTOS BANCARIOS		4												
54	DETERIORO, AGOTAMIENTO, DEPRECIACIN, AMORTIZACIN, PASIVOS ESTIMADOS		2												
29	OTROS PASIVOS		2												
11100501	Bancolombia Cta. Cte. 123456789	BC	A	NO	NO	NO	1			NO		CuotaP	G1		
2905	ANTICIPOS Y AVANCES RECIBIDOS		3												
290505	DE CLIENTES		4												
17	ACTIVOS POR IMPUESTOS CORRIENTES		2												
1705	ACTIVOS POR IMPUESTOS CORRIENTES		3												
170502	RETENCIN EN LA FUENTE		4												
1710	ACTIVOS POR IMPUESTOS CORRIENTES DISTINTOS AL IMPUESTO DE RENTA		3												
171010	IMPUESTO INDUSTRIA Y COMERCIO RETENIDO		4												
17050201	Retencion En La Fuente	RF	A	NO	NO	NO	1			NO		CuotaP	G1		
17050202	Autoretencion Especial 	RE	A	NO	NO	NO	1			NO		CuotaP	G1		
17101001	Retencion Ica	RI	A	NO	NO	NO	1			NO		CuotaP	G1		
29050501	Anticipo De Cuotas		A	NO	NO	NO	3			NO		CuotaP	G1		
2404	IMPUESTO DE INDUSTRIA Y COMERCIO		3												
240402	IMPUESTO DE INDUSTRIA Y COMERCIO RETENIDO		4												
24040201	Ica Retenido		A	NO	NO	NO	3			NO		CuotaP	G1		
23051001	Proveedores Nacionales		A	NO	NO	NO	3			NO		CuotaP	G1		
24021001	Autoretencion 0.80%		A	NO	NO	NO	3			NO		CuotaP	G1		
1320	AVANCES Y ANTICIPOS ENTREGADOS		3												
132097	ANTICIPOS A PROVEEDORES		4												
4490	OTROS INGRESOS DIVERSOS		3												
449050	MENOR VALOR PAGADO		4												
13209701	Anticipo A Proveedores		A	NO	NO	NO	1			NO		CuotaP	G1		
44905001	Menor O Mayor Valor 		A	NO	NO	NO	8			NO		CuotaP	G1		
24020701	Ret. Fte. 2.5% Compras		A	NO	NO	NO	3			NO		CuotaP	G1		
31050501	Capital Autorizado Y Pagado		A	NO	NO	NO	5			NO		CuotaP	G1		
51080201	Industria Y Comercio		A	NO	NO	NO	9			NO		CuotaP	G1		
1520	MAQUINARIA Y EQUIPO		3												
5430	DEPRECIACIN DE PROPIEDADES, PLANTA Y EQUIPO		3												
24020403	Ret. Fte. 6% Servicios		A	NO	NO	NO	3			NO		CuotaP	G1		
510210	REVISORA FISCAL		4												
510225	ASESORA JURDICA		4												
510804	A LA PROPIEDAD RAZ		4												
511112	MANTENIMIENTO Y REPARACIONES		4												
511119	DIVERSOS		4												
240202	HONORARIOS		4												
240205	ARRENDAMIENTOS		4												
24020201	Ret. Fte. 10% Honorarios		A	NO	NO	NO	3			NO		CuotaP	G1		
24020401	Ret. Fte. 4% Servicios		A	NO	NO	NO	3			NO		CuotaP	G1		
24029901	Pagos Retencion En La Fuente		A	NO	NO	NO	3			NO		CuotaP	G1		
51111901	Papeleria Y Utiles De Escritorio		A	NO	NO	NO	9			NO		CuotaP	G1		
51111999	Iva 19% Papeleria Y Utiles		A	NO	NO	NO	9			NO		CuotaP	G1		
51080401	Impuesto Predial		A	NO	NO	NO	9			NO		CuotaP	G1		
51110401	Registro Camara De Comercio		A	NO	NO	NO	9			NO		CuotaP	G1		
51111201	Mantenimiento Y Reparaciones		A	NO	NO	NO	9			NO		CuotaP	G1		
51111202	Iva 19%		A	NO	NO	NO	1			NO		CuotaP	G1		
13080601	Cuotas De Administracion		A	NO	NO	NO	1	42150501	SI	SI	13080603	CuotaP	G1	Cuotas De Administracion	Intereses De Mora
510205	CONTABILIDAD		4												
2335	CUENTAS COMERCIALES POR PAGAR		3												
233515	LIBROS- SUSCRIPCIONES- PERIDICOS Y REVISTAS		4												
233530	SERVICIOS TCNICOS		4												
233535	SERVICIOS DE MANTENIMIENTO		4												
23351501	Papeleria Y Utiles De Escritorio		A	NO	NO	NO	3			NO		CuotaP	G1		
23352501	Honorarios		A	NO	NO	NO	3			NO		CuotaP	G1		
23353001	Servicios Tecnicos		A	NO	NO	NO	3			NO		CuotaP	G1		
23353501	Servicios De Mantenimiento		A	NO	NO	NO	3			NO		CuotaP	G1		
510220	AVALOS		4												
510235	ASESORA TCNICA		4												
510295	OTROS		4												
51020501	Honorarios Contabilidad		A	NO	NO	NO	9			NO		CuotaP	G1		
24020210	Ret. Fte. Honorarios Laborales		A	NO	NO	NO	3			NO		CuotaP	G1		
24020410	Ret. Fte.  Servicios Laborales		A	NO	NO	NO	3			NO		CuotaP	G1		
1340	ANTICIPO DE SERVICIOS NO RECIBIDOS		3												
134001	SEGUROS		4												
1501	TERRENOS		3												
150105	MODELO DE COSTO		4												
1502	EDIFICIOS		3												
150205	MODELO DE COSTO		4												
150215	DEPRECIACIN (CR)		4												
15010501	Terrenos Local Siete De Agosto		A	NO	NO	NO	1			NO		CuotaP	G1		
15020501	Local Siete De Agosto		A	NO	NO	NO	1			NO		CuotaP	G1		
15020502	Ajustes Local Siete De Agosto		A	NO	NO	NO	1			NO		CuotaP	G1		
15021501	Depreciacion Local Siete De Agosto		A	NO	NO	NO	1			NO		CuotaP	G1		
15021502	Depreciacion Ajuste Local Siete De Agosto		A	NO	NO	NO	1			NO		CuotaP	G1		
2401	IMPUESTO DE RENTA Y COMPLEMENTARIOS		3												
240101	VIGENCIA FISCAL CORRIENTE		4												
240208	CONTRATOS		4												
24020801	Ret. Fte. 2% Contratos		A	NO	NO	NO	3			NO		CuotaP	G1		
24020402	Ret. Fte. 3.5% Servicios		A	NO	NO	NO	3			NO		CuotaP	G1		
3305	RESERVAS OBLIGATORIAS		3												
330505	RESERVA LEGAL		4												
33050501	Reserva Legal		A	NO	NO	NO	5			NO		CuotaP	G1		
36050101	Utilidades Del Ejercicio		A	NO	NO	NO	5			NO		CuotaP	G1		
37050101	Utilidadades Ejercicio Anteriores 2016		A	NO	NO	NO	5			NO		CuotaP	G1		
37050102	Utilidades Ejercicio Anteriores 2017		A	NO	NO	NO	5			NO		CuotaP	G1		
24010101	Impuesto A La Renta Vigente		A	NO	NO	NO	3			NO		CuotaP	G1		
\.


--
-- Data for Name: plandecuentaniif; Type: TABLE DATA; Schema: public; Owner: postgres
--

COPY public.plandecuentaniif (codigo, nombre, nivel) FROM stdin;
1 	ACTIVO 	1
11 	EFECTIVO Y EQUIVALENTES DE EFECTIVO 	2
1105 	CAJA 	3
110505 	CAJA GENERAL 	4
110510 	CAJAS MENORES 	4
110515 	CAJA MENOR MONEDA EXTRANJERA 	4
1110 	DEPOSITO EN INSTITUCIONES FINANCIERAS Y COOPERATIVAS 	3
111005 	CUENTA CORRIENTE 	4
111006 	CUENTA DE AHORRO 	4
111008 	DEPSITOS A CORTO PLAZO 	4
111009 	FIDUCIAS 	4
111010 	FONDOS 	4
111011 	DEPSITOS EN EL EXTERIOR 	4
111020 	DESCUBIERTOS O SOBREGIROS BANCARIOS 	4
1130 	FONDOS DE USO RESTRINGIDO 	3
113005 	CAJA 	4
113010 	DEPSITOS EN INSTITUCIONES FINANCIERAS Y COOPERATIVAS 	4
113012 	FONDOS ESPECIALES PARA LA ADMINISTRACIN DE LIQUIDEZ 	4
113020 	FONDOS EN TRNSITO 	4
113025 	EFECTIVO Y EQUIVALENTES AL EFECTIVO RESTRINGIDO CORRIENTE 	4
113030 	EFECTIVO Y EQUIVALENTES AL EFECTIVO RESTRINGIDO NO CORRIENTE 	4
1140 	EQUIVALENTES DE EFECTIVO 	3
114005 	DEPSITOS A CORTO PLAZO 	4
114010 	INVERSIONES A CORTO PLAZO 	4
114015 	OTROS ACUERDOS BANCARIOS 	4
12 	ACTIVOS FINANCIEROS 	2
1201 	ACTIVOS FINANCIEROS A VALOR RAZONABLE CON CAMBIOS EN RESULTADOS 	3
120101 	DESIGNADOS EN EL MOMENTO DEL RECONOCIMIENTO INICIAL 	4
120105 	CLASIFICADOS COMO MANTENIDOS PARA NEGOCIAR 	4
120106 	MEDIDOS OBLIGATORIAMENTE A VALOR RAZONABLE 	4
1202 	ACTIVOS FINANCIEROS DISPONIBLES PARA LA VENTA 	3
120201 	TTULOS DE RENTA FIJA 	4
120205 	TTULOS DE RENTA VARIABLE CONTABILIZADOS AL COSTO 	4
120210 	TTULOS DE RENTA VARIABLE CONTABILIZADOS AL VALOR RAZONABLE 	4
120290 	OTROS TTULOS 	4
120299 	DETERIORO (CR) 	4
1203 	INVERSIONES NO CORRIENTES MANTENIDAS HASTA EL VENCIMIENTO 	3
120301 	TTULOS DE RENTA FIJA 	4
120390 	OTROS TTULOS 	4
120395 	RENDIMIENTOS POR COBRAR 	4
120399 	DETERIORO (CR) 	4
1204 	INVERSIONES EN SUBSIDIARIAS, NEGOCIOS CONJUNTOS Y ASOCIADAS 	3
120401 	INVERSIONES EN SUBSIDIARIAS 	4
120402 	INVERSIONES EN NEGOCIOS CONJUNTOS 	4
120403 	INVERSIONES EN ASOCIADAS 	4
120499 	DETERIORO (CR) 	4
13 	CUENTAS COMERCIALES POR COBRAR Y OTRAS CUENTAS POR COBRAR 	2
1306 	VENTA DE BIENES 	3
130606 	NACIONALES 	4
130607 	DEL EXTERIOR 	4
130690 	DIFCIL COBRO 	4
130699 	DETERIORO (CR) 	4
1308 	PRESTACIN DE SERVICIOS 	3
130806 	NACIONALES 	4
130807 	DEL EXTERIOR 	4
130890 	DIFCIL COBRO 	4
130899 	DETERIORO (CR) 	4
1320 	AVANCES Y ANTICIPOS ENTREGADOS 	3
132019 	ANTICIPO A CONTRATOS 	4
132020 	ANTICIPOS PARA MANTENIMIENTOS 	4
132030 	DEPSITOS 	4
132040 	ARRENDAMIENTOS PAGADOS POR ANTICIPADOS 	4
132090 	DIFCIL COBRO 	4
132095 	PLIZAS DE SEGURO 	4
132097 	ANTICIPOS A PROVEEDORES 	4
132099 	DETERIORO (CR) 	4
1325 	CUENTAS POR COBRAR A CARGO DE PARTES RELACIONADAS 	3
132505 	CUENTAS POR COBRAR A CARGO DE LA CONTROLADORA 	4
132510 	CUENTAS POR COBRAR A CARGO DE PERSONAL CLAVE DE LA GERENCIA 	4
1340 	ANTICIPO DE SERVICIOS NO RECIBIDOS 	3
134001 	SEGUROS 	4
134003 	COMISIONES 	4
134004 	ARRENDAMIENTOS 	4
134006 	HONORARIOS 	4
134099 	OTROS PAGOS ANTICIPADOS 	4
1390 	OTROS DEUDORES 	3
139012 	CRDITOS A EMPLEADOS 	4
139017 	PRSTAMOS A PARTICULARES 	4
139090 	DIFCIL COBRO 	4
139099 	DETERIORO (CR) 	4
14 	INVENTARIOS 	2
1405 	MATERIAS PRIMAS 	3
140505 	MATERIAS PRIMAS 	4
140599 	DETERIORO (CR) 	4
1410 	TRABAJO EN CURSO 	3
141005 	PRODUCTOS EN PROCESO 	4
141010 	OBRAS DE CONSTRUCCIN EN CURSO 	4
141015 	CONTRATOS EN EJECUCIN 	4
141020 	OTROS TRABAJOS EN CURSO 	4
1430 	PRODUCTOS TERMINADOS 	3
143005 	PRODUCTOS MANUFACTURADOS 	4
143010 	OTROS PRODUCTOS 	4
143099 	DETERIORO (CR) 	4
1435 	MERCADERIAS 	3
143505 	MERCANCAS NO FABRICADAS POR LA EMPRESA 	4
143599 	DETERIORO (CR) 	4
1455 	SUMINISTROS DE PRODUCCION 	3
145525 	MATERIALES Y ACCESORIOS 	4
145599 	DETERIORO (CR) 	4
1460 	PIEZAS DE REPUESTO 	3
146005 	REPUESTO 	4
146010 	OTROS INVENTARIOS 	4
146099 	DETERIORO (CR) 	4
1465 	INVENTARIOS QUE SURGEN DE ACTIVIDADES DE EXTRACCIN 	3
146505 	RESERVA DE MINERAL 	4
146510 	PETRLEO CRUDO 	4
146515 	PETRLEO Y PRODUCTOS PETROQUMICOS 	4
146520 	GAS NATURAL 	4
1470 	INVENTARIOS QUE SURGEN DE ACTIVIDADES AGRICOLAS 	3
147005 	CULTIVOS EN DESARROLLO 	4
147010 	PRODUCTOS AGRCOLAS 	4
147099 	DETERIORO (CR) 	4
1490 	OTROS INVENTARIOS 	3
15 	PROPIEDADES, PLANTA Y EQUIPO 	2
1501 	TERRENOS 	3
150105 	MODELO DE COSTO 	4
150110 	MODELO DE REVALUACIN 	4
150199 	DETERIORO (CR) 	4
1502 	EDIFICIOS 	3
150205 	MODELO DE COSTO 	4
150210 	MODELO DE REVALUACIN 	4
150215 	DEPRECIACIN (CR) 	4
150299 	DETERIORO (CR) 	4
1505 	ACTIVOS DE MINERIA 	3
150505 	MODELO DE COSTO 	4
150510 	MODELO DE REVALUACIN 	4
150515 	DEPRECIACIN (CR) 	4
150599 	DETERIORO (CR) 	4
1506 	ACTIVOS DE PETROLEO Y GAS 	3
150605 	MODELO DE COSTO 	4
150610 	MODELO DE REVALUACIN 	4
150615 	DEPRECIACIN (CR) 	4
150699 	DETERIORO (CR) 	4
1507 	ACTIVOS TANGIBLES PARA EXPLORACIN Y EVALUACIN 	3
150705 	MODELO DE COSTO 	4
150710 	MODELO DE REVALUACIN 	4
150715 	DEPRECIACIN (CR) 	4
150799 	DETERIORO (CR) 	4
1508 	CONSTRUCCIONES EN PROCESO 	3
150805 	MODELO DE COSTO 	4
150899 	DETERIORO (CR) 	4
1520 	MAQUINARIA Y EQUIPO 	3
152005 	MODELO DE COSTO 	4
152010 	MODELO DE REVALUACIN 	4
152015 	DEPRECIACIN (CR) 	4
152099 	DETERIORO (CR) 	4
1521 	EQUIPO DE OFICINA 	3
152105 	MODELO DE COSTO 	4
152110 	MODELO DE REVALUACIN 	4
152115 	DEPRECIACIN (CR) 	4
152199 	DETERIORO (CR) 	4
1522 	EQUIPO DE COMPUTACIN Y COMUNICACIN 	3
152205 	MODELO DE COSTO 	4
152210 	MODELO DE REVALUACIN 	4
152215 	DEPRECIACIN (CR) 	4
152299 	DETERIORO (CR) 	4
1525 	ENSERES Y ACCESORIOS 	3
152505 	MODELO DE COSTO 	4
152510 	MODELO DE REVALUACIN 	4
152515 	DEPRECIACIN (CR) 	4
152599 	DETERIORO (CR) 	4
1540 	BUQUES 	3
154005 	MODELO DE COSTO 	4
154010 	MODELO DE REVALUACIN 	4
154015 	DEPRECIACIN ACUMULADA (CR) 	4
154099 	DETERIORO (CR) 	4
1541 	AERONAVES 	3
154105 	MODELO DE COSTO 	4
154110 	MODELO DE REVALUACIN 	4
154115 	DEPRECIACIN ACUMULADA (CR) 	4
154199 	DETERIORO (CR) 	4
1542 	EQUIPO DE TRANSPORTE TERRESTRE 	3
154205 	MODELO DE COSTO 	4
154210 	MODELO DE REVALUACIN 	4
154215 	DEPRECIACIN ACUMULADA (CR) 	4
1542599 	DETERIORO (CR) 	4
1581 	BIENES ADQUIRIDOS EN ARRENDAMIENTO FINANCIERO 	3
158105 	MODELO DE COSTO 	4
158106 	MEJORAS 	4
158110 	MODELO DE REVALUACIN 	4
158115 	DEPRECIACIN ACUMULADA (CR) 	4
158199 	DETERIORO (CR) 	4
1590 	OTRAS PROPIEDADES, PLANTA Y EQUIPO 	3
159005 	MODELO DE COSTO 	4
159010 	MODELO DE REVALUACIN 	4
159015 	DEPRECIACIN ACUMULADA (CR) 	4
159099 	DETERIORO (CR) 	4
16 	ACTIVOS INTANGIBLES Y PLUSVALIA (CRDITO MERCANTIL) 	2
1605 	PLUSVALIA (CRDITO MERCANTIL) 	3
160505 	COSTO 	4
160599 	DETERIORO (CR) 	4
1610 	MARCAS COMERCIALES 	3
161005 	MODELO DE COSTO 	4
161010 	MODELO DE REVALUACIN 	4
161015 	AMORTIZACIN ACUMULADA (CR) 	4
161099 	DETERIORO (CR) 	4
1611 	DERECHOS DE PROPIEDAD INTELECTUAL, PATENTES Y OTROS DERECHOS DE PROPIED 	3
161105 	MODELO DE COSTO 	4
161110 	MODELO DE REVALUACIN 	4
161115 	AMORTIZACIN ACUMULADA (CR) 	4
161199 	DETERIORO (CR) 	4
1615 	LICENCIAS Y FRANQUICIAS 	3
161505 	MODELO DE COSTO 	4
161510 	MODELO DE REVALUACIN 	4
161515 	AMORTIZACIN ACUMULADA (CR) 	4
161599 	DETERIORO (CR) 	4
1620 	ACTIVOS INTANGIBLES PARA EXPLORACIN Y EVALUACIN 	3
162005 	MODELO DE COSTO 	4
162010 	MODELO DE REVALUACIN 	4
162015 	AMORTIZACIN ACUMULADA (CR) 	4
162099 	DETERIORO (CR) 	4
1625 	CEBECERAS DE PERIDICOS O REVISTAS Y TTULOS DE PUBLICACIONES 	3
162505 	MODELO DE COSTO 	4
162510 	MODELO DE REVALUACIN 	4
162515 	AMORTIZACIN ACUMULADA (CR) 	4
162599 	DETERIORO (CR) 	4
1630 	PROGRAMAS DE COMPUTADOR 	3
163005 	MODELO DE COSTO 	4
163010 	MODELO DE REVALUACIN 	4
163015 	AMORTIZACIN ACUMULADA (CR) 	4
163099 	DETERIORO (CR) 	4
1635 	RECETAS, FRMULAS, MODELOS, DISEOS Y PROTOTIPOS 	3
163505 	MODELO DE COSTO 	4
163510 	MODELO DE REVALUACIN 	4
163515 	AMORTIZACIN ACUMULADA (CR) 	4
163599 	DETERIORO (CR) 	4
1640 	ACTIVOS INTANGIBLES EN DESARROLLO 	3
164005 	MODELO DE COSTO 	4
164010 	MODELO DE REVALUACIN 	4
164015 	AMORTIZACIN ACUMULADA (CR) 	4
164099 	DETERIORO (CR) 	4
1645 	OTROS ACTIVOS INTANGIBLES 	3
164505 	MODELO DE COSTO 	4
164510 	MODELO DE REVALUACIN 	4
164515 	AMORTIZACIN ACUMULADA (CR) 	4
164599 	DETERIORO (CR) 	4
17 	ACTIVOS POR IMPUESTOS CORRIENTES 	2
1705 	ACTIVOS POR IMPUESTOS CORRIENTES 	3
170501 	ANTICIPO DE IMPUESTO SOBRE LA RENTA 	4
170502 	RETENCIN EN LA FUENTE 	4
1710 	ACTIVOS POR IMPUESTOS CORRIENTES DISTINTOS AL IMPUESTO DE RENTA 	3
171003 	ANTICIPO DE IMPUESTO DE INDUSTRIA Y COMERCIO 	4
171004 	IMPUESTO A LAS VENTAS RETENIDO 	4
171010 	IMPUESTO INDUSTRIA Y COMERCIO RETENIDO 	4
171011 	SOBRANTES EN LIQUIDACIN PRIVADA DE IMPUESTOS 	4
171050 	OTROS 	4
18 	PROPIEDADES DE INVERSIN 	2
1805 	TERRENOS 	3
180505 	COSTO 	4
180510 	REVALUACIN 	4
180515 	AJUSTES A VALOR RAZONABLE 	4
180525 	DETERIORO (CR) 	4
1810 	EDIFICIOS 	3
181005 	COSTO 	4
181010 	REVALUACIN 	4
181015 	AJUSTES A VALOR RAZONABLE 	4
181020 	DEPRECIACIN ACUMULADA (CR) 	4
181025 	DETERIORO (CR) 	4
19 	OTROS ACTIVOS 	2
1912 	ACTIVOS POR IMPUESTOS DIFERIDOS 	3
191205 	INVERSIONES FINANCIERAS 	4
191206 	OTROS PASIVOS 	4
1965 	ACTIVOS BIOLGICOS 	3
196505 	COSTO 	4
196510 	VALOR RAZONABLE MENOS COSTOS DE VENTA 	4
196515 	AMORTIZACIN ACUMULADA (CR) 	4
196590 	DETERIORO (CR) 	4
196599 	OTROS 	4
1970 	ACTIVOS NO CORRIENTES MANTENIDOS PARA LA VENTA 	3
197005 	INVERSIONES FINANCIERAS 	4
197010 	DEUDORES COMERCIALES Y OTRAS CUENTAS POR COBRAR 	4
197015 	PROPIEDAD, PLANTA Y EQUIPO 	4
197020 	ACTIVOS INTANGIBLES 	4
197090 	OTROS ACTIVOS 	4
197099 	DETERIORO (CR) 	4
2 	PASIVO 	1
21 	OBLIGACIONES FINANCIERAS E INSTRUMENTOS DERIVADOS 	2
2101 	PRESTAMOS BANCARIOS 	3
210105 	BANCOS NACIONALES 	4
2102 	BONOS EMITIDOS 	3
210201 	BONOS EMITIDOS 	4
210292 	COSTOS DE TRANSACCIN DIRECTAMENTE ATRIBUIBLES (DB) 	4
210294 	ANTICIPO PARA AMORTIZAR OBLIGACIONES EN MONEDA LEGAL (DB) 	4
210295 	INTERESES PAGADOS POR ANTICIPADO (DB) 	4
210297 	INTERESES POR PAGAR 	4
210298 	COMISIONES POR PAGAR 	4
2103 	OBLIGACIONES SIN GARANTA Y PAGARS EMITIDOS 	3
210301 	OBLIGACIONES SIN GARANTA Y PAGARS EMITIDOS 	4
210302 	PAPEL COMERCIAL EMITIDO 	4
210303 	OTROS PRSTAMOS 	4
210304 	PRSTAMOS BANCARIOS GARANTIZADOS 	4
210305 	PRSTAMOS BANCARIOS NO GARANTIZADOS 	4
210307 	DESCUBIERTOS O SOBREGIROS BANCARIOS 	4
210308 	CONTRATOS DE ARRENDAMIENTO FINANCIERO 	4
210309 	PAGARES 	4
210392 	COSTOS DE TRANSACCIN DIRECTAMENTE ATRIBUIBLES (DB) 	4
210394 	ANTICIPO PARA AMORTIZAR OBLIGACIONES EN MONEDA LEGAL (DB) 	4
210395 	INTERESES PAGADOS POR ANTICIPADO (DB) 	4
210397 	INTERESES POR PAGAR 	4
210398 	COMISIONES POR PAGAR 	4
2104 	PAPEL COMERCIAL EMITIDO 	3
210401 	OTROS PRESTAMOS 	3
2105 	PASIVOS FINANCIEROS AL VALOR RAZONABLE CON CAMBIOS EN RESULTADOS 	3
210505 	ACEPTACIONES BANCARIAS 	4
210520 	CONTRATOS DE FORWARD - ESPECULACIN 	4
210525 	CONTRATOS DE FORWARD - COBERTURA 	4
210530 	CONTRATOS DE FUTUROS - ESPECULACIN 	4
210535 	CONTRATOS DE FUTUROS - COBERTURA 	4
210540 	SWAPS - ESPECULACIN 	4
210545 	SWAPS - COBERTURA 	4
210550 	OPCIONES -ESPECULACIN 	4
210555 	OPCIONES -COBERTURA 	4
2106 	PASIVOS FINANCIEROS A VALOR RAZONABLE CON CAMBIOS EN RESULTADOS, DESIGNA 	3
210605 	ACEPTACIONES BANCARIAS 	4
210620 	CONTRATOS DE FORWARD - ESPECULACIN 	4
210625 	CONTRATOS DE FORWARD - COBERTURA 	4
210630 	CONTRATOS DE FUTUROS - ESPECULACIN 	4
210635 	CONTRATOS DE FUTUROS - COBERTURA 	4
210640 	SWAPS - ESPECULACIN 	4
210645 	SWAPS - COBERTURA 	4
210650 	OPCIONES -ESPECULACIN 	4
210655 	OPCIONES -COBERTURA 	4
2107 	PASIVOS FINANCIEROS A COSTO AMORTIZADO 	3
210705 	ACEPTACIONES BANCARIAS 	4
210720 	CONTRATOS DE FORWARD - ESPECULACIN 	4
210725 	CONTRATOS DE FORWARD - COBERTURA 	4
210730 	CONTRATOS DE FUTUROS - ESPECULACIN 	4
210735 	CONTRATOS DE FUTUROS - COBERTURA 	4
210740 	SWAPS - ESPECULACIN 	4
210745 	SWAPS - COBERTURA 	4
210750 	OPCIONES -ESPECULACIN 	4
210755 	OPCIONES -COBERTURA 	4
23 	CUENTAS COMERCIALES POR PAGAR Y OTRAS CUENTAS POR PAGAR 	2
2305 	PROVEEDORES NACIONALES 	3
230510 	CRDITO DE PROVEEDORES 	4
230515 	CONTRATOS DE ARRENDAMIENTO FINANCIERO 	4
230592 	COSTOS DE TRANSACCIN DIRECTAMENTE ATRIBUIBLES (DB) 	4
230594 	ANTICIPO PARA AMORTIZAR CRDITO PROVEEDORES NACIONALES (DB) 	4
230595 	INTERESES PAGADOS POR ANTICIPADO (DB) 	4
230597 	INTERESES POR PAGAR 	4
230598 	COMISIONES POR PAGAR 	4
2310 	DEL EXTERIOR 	3
231010 	CRDITO DE PROVEEDORES 	4
231015 	CONTRATOS DE ARRENDAMIENTO FINANCIERO 	4
231092 	COSTOS DE TRANSACCIN DIRECTAMENTE ATRIBUIBLES (DB) 	4
231094 	ANTICIPO PARA AMORTIZAR CRDITO PBLICO EN MONEDA EXTRANJERA (DB) 	4
231095 	INTERESES PAGADOS POR ANTICIPADO (DB) 	4
231097 	INTERESES POR PAGAR 	4
231098 	COMISIONES POR PAGAR 	4
2315 	CUENTAS POR PAGAR CON PARTES RELACIONADAS 	3
231505 	CUENTAS POR COBRAR A CARGO DE LA CONTROLADORA 	4
231510 	CUENTAS POR COBRAR A CARGO DE PERSONAL CLAVE DE LA GERENCIA 	4
2335 	CUENTAS COMERCIALES POR PAGAR 	3
233502 	SUSCRIPCIN DE ACCIONES O PARTICIPACIONES 	4
233503 	DIVIDENDOS Y PARTICIPACIONES 	4
233504 	DEUDAS CON ACCIONISTAS O SOCIOS 	4
233505 	COSTOS FINANCIEROS 	4
233510 	COSTOS LEGALES 	4
233515 	LIBROS- SUSCRIPCIONES- PERIDICOS Y REVISTAS 	4
233520 	COMISIONES 	4
233525 	HONORARIOS 	4
233530 	SERVICIOS TCNICOS 	4
233535 	SERVICIOS DE MANTENIMIENTO 	4
233540 	ARRENDAMIENTOS 	4
233545 	TRANSPORTES- FLETES Y ACARREOS 	4
233550 	SERVICIOS PBLICOS 	4
233555 	SEGUROS 	4
233560 	GASTOS DE VIAJE 	4
233565 	GASTOS DE REPRESENTACIN Y RELACIONES PUBLICAS 	4
233570 	SERVICIOS ADUANEROS 	4
233590 	OTROS ACREEDORES 	4
24 	PASIVOS POR IMPUESTOS CORRIENTES 	2
2401 	IMPUESTO DE RENTA Y COMPLEMENTARIOS 	3
240101 	VIGENCIA FISCAL CORRIENTE 	4
240102 	VIGENCIAS FISCALES ANTERIORES 	4
2402 	RETENCIN EN LA FUENTE 	3
240201 	SALARIOS Y PAGOS LABORALES 	4
240202 	HONORARIOS 	4
240203 	COMISIONES 	4
240204 	SERVICIOS 	4
240205 	ARRENDAMIENTOS 	4
240206 	RENDIMIENTOS FINANCIEROS 	4
240207 	COMPRAS 	4
240209 	POR IMPUESTO DE TIMBRE 	4
240210 	AUTORRETENCIONES 	4
240211 	RETENCIN CREE 	4
240299 	PAGO RETENCIN EN LA FUENTE 	4
2403 	IMPUESTO AL VALOR AGREGADO 	3
240301 	VENTA DE BIENES 	4
240302 	VENTA DE SERVICIOS 	4
240303 	DEVOLUCIONES EN COMPRA DE BIENES 	4
240304 	DEVOLUCIONES EN COMPRA DE SERVICIOS 	4
240305 	COMPRA DE BIENES (DB) 	4
240306 	COMPRA DE SERVICIOS (DB) 	4
240307 	DEVOLUCIONES EN VENTA DE BIENES (DB) 	4
240308 	DEVOLUCIONES EN VENTA DE SERVICIOS (DB) 	4
240309 	IMPUESTO A LAS VENTAS RETENIDO (DB) 	4
240399 	VALOR PAGADO (DB) 	4
2404 	IMPUESTO DE INDUSTRIA Y COMERCIO 	3
240401 	VIGENCIA ACTUAL POR PAGAR 	4
240402 	IMPUESTO DE INDUSTRIA Y COMERCIO RETENIDO 	4
2405 	IMPUESTOS, CONTRIBUCUIONES Y TASAS POR PAGAR 	3
240501 	PREDIAL UNIFICADO 	4
240502 	VALORIZACIN 	4
240503 	REGISTRO 	4
240504 	CUOTAS DE FISCALIZACIN Y AUDITAJE 	4
240505 	IMPUESTO SOBRE VEHCULOS AUTOMOTORES 	4
240506 	IMPUESTO AL PATRIMONIO 	4
240507 	IMPUESTOS, CONTRIBUCIONES Y TASAS NACIONALES 	4
240508 	OTROS IMPUESTOS DEPARTAMENTALES 	4
240509 	OTROS IMPUESTOS MUNICIPALES 	4
240510 	OTROS IMPUESTOS DISTRITALES 	4
240511 	MULTAS Y SANCIONES 	4
25 	OBLIGACIONES LABORALES Y DE SEGURIDAD SOCIAL 	2
2505 	SALARIOS Y PRESTACIONES SOCIALES 	3
250501 	NMINA POR PAGAR 	4
250502 	CESANTAS 	4
250503 	INTERESES SOBRE CESANTAS 	4
2510 	RETENCIONES Y APORTES DE NMINA 	3
251005 	APORTES A ENTIDADES PROMOTORAS DE SALUD- EPS 	4
251006 	APORTES A ADMINISTRADORAS DE RIESGOS PROFES.- ARP 	4
251007 	FONDO DE CESANTIAS Y/O PENSIONES 	4
251008 	APORTES FONDO DE SOLIDARIDAD 	4
251010 	APORTES AL I.C.B.F.- SENA Y CAJAS DE COMPENSACIN 	4
251025 	EMBARGOS JUDICIALES 	4
251030 	LIBRANZAS 	4
251045 	FONDOS 	4
251095 	OTROS 	4
2515 	PASIVO POR PLAN DE BENEFICIOS DEFINIDOS 	3
251505 	PASIVO POR PLAN DE BENEFICIOS DEFINIDOS 	4
2550 	PASIVO ESTIMADO PARA OBLIGACIONES LABORALES 	3
255005 	CESANTAS 	4
255010 	INTERESES SOBRE CESANTAS 	4
255015 	VACACIONES 	4
255020 	PRIMA DE SERVICIOS 	4
26 	PROVISIONES 	2
2605 	PROVISIONES POR GARANTA 	3
2610 	PROVISIONES POR PROCESOS LEGALES 	3
261003 	PROVISIONES POR GARANTA 	4
261004 	PROVISIONES POR LITIGIOS O DEMANDAS POR PRSTAMOS 	4
261005 	PROVISIONES POR LITIGIOS O DEMANDAS LABORALES 	4
261006 	PROVISIONES POR LITIGIOS O DEMANDAS COMERCIALES 	4
2615 	PROVISIONES POR COSTOS DE DESMANTELAMIENTO, RESTAURACIN Y REHABILITA 	3
261504 	PROVISIONES POR COSTOS DE DESMANTELAMIENTO 	4
261505 	PROVISIONES POR COSTOS DE RESTAURACIN 	4
261506 	PROVISIONES POR COSTOS DE REHABILITACIN 	4
2620 	PROVISIONES PARA REESTRUCTURACIONES Y CONTRATOS ONEROSOS 	3
262002 	INDEMNIZACIONES POR REESTRUCTURACIN 	4
262004 	BONIFICACIONES POR REESTRUCTURACIN 	4
262006 	CONTRATOS ONEROSOS 	4
2690 	OTRAS PROVISIONES 	3
269011 	PROVISIONES POR RIESGOS NO ASEGURADOS 	4
269012 	PROVISIONES POR MECANISMOS ALTERNATIVOS DE SOLUCIN DE CONFLICTOS 	4
269090 	PROVISIONES POR REEMBOLSOS 	4
27 	INGRESOS DIFERIDOS 	2
2705 	INGRESOS DEVENGADOS POR FACTURAR 	3
270521 	INTERESES 	4
270522 	COMISIONES 	4
270523 	ARRENDAMIENTOS 	4
270524 	HONORARIOS 	4
270525 	SERVICIOS TCNICOS 	4
270528 	OTROS 	4
28 	PASIVOS INCLUIDOS EN GRUPOS DE ACTIVOS PARA SU DISPOSICIN CLASIFICADOS 	2
2805 	PASIVOS INCLUIDOS EN GRUPOS DE ACTIVOS PARA SU DISPOSICIN CLASIFICADOS 	3
280521 	OBLIGACIONES FINANCIERAS E INSTRUMENTOS DERIVADOS 	4
280522 	OPERACIONES DE CRDITO PBLICO Y FINANCIAMIENTO CON BANCA CENTRAL 	4
280523 	IMPUESTOS POR PAGAR 	4
280524 	ACREEDORES COMERCIALES Y OTRAS CUENTAS POR PAGAR 	4
280525 	OBLIGACIONES LABORALES Y DE SEGURIDAD SOCIAL INTEGRAL 	4
280528 	PROVISIONES 	4
240208 	CONTRATOS	4
280529 	OTROS PASIVOS 	4
29 	OTROS PASIVOS 	2
2905 	ANTICIPOS Y AVANCES RECIBIDOS 	3
290505 	DE CLIENTES 	4
290510 	SOBRE CONTRATOS 	4
290595 	OTROS 	4
2912 	PASIVOS POR IMPUESTOS DIFERIDOS 	3
291212 	INVERSIONES FINANCIERAS 	4
291213 	ACTIVOS NO CORRIENTES O GRUPOS DE ACTIVOS MANTENIDOS PARA LA VENTA 	4
291214 	DEUDORES COMERCIALES Y OTRAS CUENTAS POR COBRAR 	4
291215 	INVENTARIOS 	4
291216 	PROPIEDADES, PLANTA Y EQUIPO 	4
291217 	ACTIVOS INTANGIBLES Y CRDITO MERCANTIL 	4
291218 	PROPIEDADES DE INVERSIN 	4
291219 	OTROS ACTIVOS 	4
291221 	OBLIGACIONES FINANCIERAS E INSTRUMENTOS DERIVADOS 	4
291224 	ACREEDORES COMERCIALES Y OTRAS CUENTAS POR PAGAR 	4
291225 	OBLIGACIONES LABORALES Y DE SEGURIDAD SOCIAL INTEGRAL 	4
291228 	PROVISIONES 	4
291229 	OTROS PASIVOS 	4
2915 	RECAUDOS A FAVOR DE TERCEROS 	3
291501 	REGALAS Y COMPENSACIONES MONETARIAS 	4
291502 	IMPUESTOS 	4
291503 	VENTAS POR CUENTA DE TERCEROS 	4
291505 	COBRO CARTERA DE TERCEROS 	4
2920 	SUBVENCIONES DEL GOBIERNO 	3
292005 	PASIVOS POR SUBVENCIONES DEL GOBIERNO 	4
3 	PATRIMONIO 	1
31 	CAPITAL SOCIAL 	2
3105 	CAPITAL SUSCRITO Y PAGADO 	3
310505 	CAPITAL AUTORIZADO 	4
310510 	CAPITAL POR SUSCRIBIR (DB) 	4
310515 	CAPITAL SUSCRITO POR COBRAR (DB) 	4
3115 	ACCIONES PROPIAS EN CARTERA 	3
311505 	ACCIONES PROPIAS EN CARTERA 	4
311510 	ACCIONES PROPIAS READQUIRIDAS (DB) 	4
32 	SUPERAVIT DE CAPITAL 	2
3205 	PRIMA EN COLOCACIN ACCIONES, CUOTAS O PARTES DE INTERS 	3
320505 	PRIMA EN COLOCACIN DE ACCIONES 	4
320510 	PRIMA EN COLOCACIN DE ACCIONES POR COBRAR (DB) 	4
320515 	PRIMA EN COLOCACIN DE CUOTAS O PARTES DE INTERS SOCIAL 	4
320520 	PRIMA EN COLOCACIN DE CUOTAS O PARTES DE INTERS SOCIAL POR COBRAR (DB) 	4
3243 	SUPERVIT MTODO DE PARTICIPACIN PATRIMONIAL 	3
324302 	INVERSIONES EN ENTIDADES ASOCIADAS 	4
324304 	INVERSIONES EN ENTIDADES CONTROLADAS CONJUNTAMENTE 	4
324306 	INVERSIONES EN OTROS ACUERDOS CONJUNTOS (OPERACIONES Y ACTIVOS CONJUN 	4
324308 	INVERSIONES EN ENTIDADES CONTROLADAS (SUBSIDIARIAS O SUBORDINADAS) 	4
33 	RESERVAS 	2
3305 	RESERVAS OBLIGATORIAS 	3
330505 	RESERVA LEGAL 	4
330515 	RESERVA PARA READQUISICIN DE ACCIONES 	4
330590 	OTRAS RESERVAS 	4
3310 	RESERVAS ESTATUTARIAS 	3
331005 	PARA FUTURAS CAPITALIZACIONES 	4
331010 	PARA REPOSICIN DE ACTIVOS 	4
331015 	FUTUROS ENSANCHES 	4
331090 	OTRAS RESERVAS 	4
3315 	RESERVAS OCASIONALES 	3
331505 	PARA FOMENTO ECONMICO 	4
331510 	PARA CAPITAL DE TRABAJO 	4
331515 	A DISPOSICIN DEL MXIMO RGANO SOCIAL 	4
331590 	OTRAS RESERVAS 	4
35 	DIVIDENDOS Y PARTICIPACIONES DECRETADOS 	2
3505 	DIVIDENDOS Y PARTICIPACIONES DECRETADOS 	3
350505 	DIVIDENDOS DECRETADOS EN ACCIONES 	4
350510 	PARTICIPACIONES DECRETADAS EN CUOTAS O PARTES DE INTERS SOCIAL 	4
36 	RESULTADOS DEL EJERCICIO 	2
3605 	RESULTADOS DEL EJERCICIO 	3
360501 	UTILIDAD O EXCEDENTE DEL EJERCICIO 	4
360502 	PRDIDA O DFICIT DEL EJERCICIO 	4
37 	RESULTADO DE EJERCICIOS ANTERIORES 	2
3705 	RESULTADO DE EJERCICIOS ANTERIORES 	3
370501 	UTILIDAD O EXCEDENTE DEL EJERCICIO 	4
370502 	PRDIDA O DFICIT DEL EJERCICIO 	4
3710 	GANANCIAS (PRDIDAS) BALANCE DE APERTURA 	3
371002 	EFECTIVO Y EQUIVALENTES DE EFECTIVO 	4
371004 	INVERSIONES FINANCIERAS 	4
371006 	ACTIVOS NO CORRIENTES O GRUPOS DE ACTIVOS MANTENIDOS PARA LA VENTA 	4
371008 	DEUDORES COMERCIALES Y OTRAS CUENTAS POR COBRAR 	4
371010 	INVENTARIOS 	4
371012 	PROPIEDADES, PLANTA Y EQUIPO 	4
371014 	ACTIVOS INTANGIBLES Y CRDITO MERCANTIL 	4
371016 	PROPIEDADES DE INVERSIN 	4
371022 	OTROS ACTIVOS 	4
371024 	OBLIGACIONES FINANCIERAS E INSTRUMENTOS DERIVADOS 	4
371026 	OPERACIONES DE CRDITO PBLICO Y FINANCIAMIENTO BANCA CENTRAL 	4
371028 	IMPUESTOS POR PAGAR 	4
371030 	ACREEDORES COMERCIALES Y OTRAS CUENTAS POR PAGAR 	4
371032 	OBLIGACIONES LABORALES Y DE SEGURIDAD SOCIAL INTEGRAL 	4
371034 	BONOS Y OTROS TTULOS 	4
371038 	PROVISIONES 	4
371040 	OTROS PASIVOS 	4
38 	GANANCIAS (PRDIDAS) POR OTROS RESULTADOS INTEGRALES QUE NO SE RECLASI 	2
3805 	OTRO RESULTADO INTEGRAL, NETO DE IMPUESTOS, GANANCIAS (PRDIDAS) DE INVER 	3
380505 	INVERSIONES EN INSTRUMENTOS DE PATRIMONIO 	4
3810 	OTRO RESULTADO INTEGRAL, NETO DE IMPUESTOS, GANANCIAS (PRDIDAS) POR REV 	3
381005 	ACTIVOS NO CORRIENTES O GRUPOS DE ACTIVOS MANTENIDOS PARA LA VENTA 	4
381010 	PROPIEDADES, PLANTA Y EQUIPO 	4
381015 	ACTIVOS INTANGIBLES 	4
381020 	PROPIEDADES DE INVERSIN 	4
381025 	OTROS ACTIVOS 	4
3815 	OTRO RESULTADO INTEGRAL, NETO DE IMPUESTOS, GANANCIAS (PRDIDAS) POR 	3
381505 	NUEVAS MEDICIONES DE PLANES DE BENEFICIOS DEFINIDOS 	4
3820 	OTRO RESULTADO INTEGRAL, NETO DE IMPUESTOS, GANANCIAS (PRDIDAS) CAMBIO 	3
382005 	INSTRUMENTOS FINANCIEROS PASIVOS 	4
3825 	PARTICIPACIN DE OTRO RESULTADO INTEGRAL DE ASOCIADAS Y NEGOCIOS CONJUN 	3
382505 	INVERSIONES EN ASOCIADAS 	4
382510 	INVERSIONES EN NEGOCIOS CONJUNTOS 	4
39 	GANANCIAS (PRDIDAS) POR OTROS RESULTADOS INTEGRALES QUE SE RECLASIFICAR 	2
3905 	DIFERENCIA DE CAMBIO POR CONVERSIN EN OPERACIONES EXTRANJERAS 	3
390505 	GANANCIAS (PRDIDAS) POR DIFERENCIAS DE CAMBIO DE CONVERSIN, NETAS DE IMP 	4
390510 	GANANCIAS (PRDIDAS) POR NUEVAS MEDICIONES DE ACTIVOS FINANCIEROS DISPO 	4
390515 	AJUSTES DE RECLASIFICACIN EN DIFERENCIAS DE CAMBIO DE CONVERSIN, NETO 	4
390520 	AJUSTES DE RECLASIFICACIN, ACTIVOS FINANCIEROS DISPONIBLES PARA LA VENTA 	4
390525 	OTRO RESULTADO INTEGRAL, NETO DE IMPUESTOS, DIFERENCIAS DE CAMBIO POR CO 	4
390530 	OTRO RESULTADO INTEGRAL, NETO DE IMPUESTOS, ACTIVOS FINANCIEROS DISPON 	4
3910 	ACTIVOS FINANCIEROS DISPONIBLES PARA LA VENTA 	3
3915 	COBERTURAS DEL FLUJO DE EFECTIVO 	3
391505 	GANANCIAS (PRDIDAS) POR COBERTURAS DE FLUJOS DE EFECTIVO, NETA DE IMPUES 	4
391510 	AJUSTES DE RECLASIFICACIN, COBERTURAS DE FLUJOS DE EFECTIVO, NETO DE IMPU 	4
391515 	IMPORTES ELIMINADOS DEL PATRIMONIO E INCLUIDOS EN EL IMPORTE EN LIBROS DE A 	4
391520 	OTRO RESULTADO INTEGRAL, NETO DE IMPUESTOS, COBERTURAS DEL FLUJO DE EFE 	4
3920 	COBERTURAS DE INVERSIONES NETAS EN NEGOCIOS EN EL EXTRANJERO 	3
392005 	GANANCIAS (PRDIDAS) POR COBERTURAS DE INVERSIONES NETAS EN NEGOCIOS EN 	4
392010 	AJUSTES DE RECLASIFICACIN POR COBERTURAS DE INVERSIONES NETAS EN NEGOC 	4
392015 	OTRO RESULTADO INTEGRAL, NETO DE IMPUESTOS, COBERTURAS DE INVERSIONES NE 	4
3925 	PARTICIPACIN DE OTRO RESULTADO INTEGRAL DE ASOCIADAS Y NEGOCIOS CONJUN 	3
392505 	INVERSIONES EN ASOCIADAS 	4
392510 	INVERSIONES EN NEGOCIOS CONJUNTOS 	4
4 	INGRESOS 	1
41 	VENTA DE BIENES 	2
4135 	MERCADERIAS 	3
413505 	MERCANCAS NO FABRICADAS POR LA EMPRESA 	4
4175 	DEVOLUCIONES, REBAJAS Y DESCUENTOS EN VENTA DE BIENES 	3
42 	VENTA DE SERVICIOS 	2
421505 	SERVICIOS VARIOS 	4
421508 	OTROS SERVICIOS 	4
44 	OTROS INGRESOS 	2
4402 	RENDIMIENTOS DE INVERSIONES Y OTROS INGRESOS FINANCIEROS 	3
440202 	DEPSITOS EN INSTITUCIONES FINANCIERAS Y COOPERATIVAS 	4
440204 	FONDOS ESPECIALES PARA ADMINISTRACIN DE LIQUIDEZ 	4
440216 	INVERSIONES MANTENIDAS PARA NEGOCIACIN 	4
440218 	INVERSIONES DISPONIBLES PARA LA VENTA 	4
440220 	INVERSIONES HASTA EL VENCIMIENTO 	4
440224 	DERECHOS FIDUCIARIOS 	4
440256 	DIVIDENDOS 	4
440260 	DESCUENTOS OBTENIDOS POR PRONTO PAGO NO PLANEADOS 	4
440270 	DESCUENTOS OBTENIDOS CONDICIONADOS AL VOLUMEN NO PLANEADOS 	4
440290 	OTROS INGRESOS FINANCIEROS 	4
4406 	AJUSTE POR DIFERENCIA EN CAMBIO 	3
440605 	EFECTIVO Y EQUIVALENTES DE EFECTIVO 	4
440620 	DEUDORES COMERCIALES Y OTRAS CUENTAS POR COBRAR 	4
440625 	INVENTARIOS 	4
440630 	PROPIEDADES, PLANTA Y EQUIPO 	4
440635 	ACTIVOS INTANGIBLES Y CRDITO MERCANTIL 	4
440640 	PROPIEDADES DE INVERSIN 	4
440645 	OTROS ACTIVOS 	4
440650 	OBLIGACIONES FINANCIERAS E INSTRUMENTOS DERIVADOS 	4
4409 	UTILIDAD EN VENTA DE INVERSIONES Y OTROS ACTIVOS 	3
440901 	INVERSIONES MANTENIDAS PARA NEGOCIACIN 	4
440902 	INVERSIONES DISPONIBLES PARA LA VENTA 	4
440903 	INVERSIONES HASTA EL VENCIMIENTO 	4
440916 	DEUDORES COMERCIALES Y OTRAS CUENTAS POR COBRAR 	4
440918 	PROPIEDADES, PLANTA Y EQUIPO 	4
440920 	ACTIVOS INTANGIBLES Y CRDITO MERCANTIL 	4
440922 	OTROS ACTIVOS 	4
4490 	OTROS INGRESOS DIVERSOS 	3
449002 	ARRIENDOS 	4
449003 	INGRESOS POR CONDONACIN DE DEUDAS 	4
449004 	INDEMNIZACIONES COMPAAS DE SEGUROS 	4
449049 	INDEMNIZACIONES 	4
48 	OTROS RESULTADOS INTEGRALES 	2
4820 	GANANCIA (PRDIDA) DE OTROS RESULTADOS INTEGRALES 	3
482005 	GANANCIAS (PRDIDAS) POR DIFERENCIAS DE CAMBIO DE CONVERSIN, ANTES DE IMP 	4
482006 	AJUSTES DE RECLASIFICACIN EN DIFERENCIAS DE CAMBIO DE CONVERSIN, ANTES 	4
482007 	IMPUESTO A LAS GANANCIAS RELACIONADO CON DIFERENCIAS DE CAMBIO DE CONVER 	4
482008 	GANANCIAS (PRDIDAS) POR NUEVAS MEDICIONES DE INVERSIONES DISPONIBLES 	4
482009 	AJUSTES DE RECLASIFICACIN, INVERSIONES DISPONIBLES PARA LA VENTA, ANTES 	4
482010 	IMPUESTO A LAS GANANCIAS RELACIONADAS CON INVERSIONES DISPONIBLES PARA 	4
482011 	GANANCIAS (PRDIDAS) POR COBERTURAS DE FLUJOS DE EFECTIVO, ANTES DE IMP 	4
482012 	AJUSTES DE RECLASIFICACIN EN COBERTURAS DE FLUJOS DE EFECTIVO, ANTES DE 	4
482014 	IMPUESTO A LAS GANANCIAS RELACIONADO CON COBERTURAS DE FLUJOS DE EFECT 	4
482015 	GANANCIAS (PRDIDAS) SOBRE COBERTURAS DE INVERSIN NETA DE NEGOCIOS EN 	4
482016 	AJUSTES POR RECLASIFICACIN SOBRE COBERTURAS DE UNA INVERSIN NETA EN 	4
482017 	IMPUESTO A LAS GANANCIAS RELACIONADO CON COBERTURAS DE UNA INVERSIN NE 	4
482020 	GANANCIAS (PRDIDAS) CLASIFICADA EN OTROS INGRESOS DEL RESULTADO INTEGRA 	4
482021 	IMPUESTO A LAS GANANCIAS RELACIONADO CON CAMBIOS EN EL SUPERVIT DE REV 	4
482022 	GANANCIAS (PRDIDAS) ACTUARIALES CLASIFICADAS EN OTROS INGRESOS DEL RESUL 	4
482023 	IMPUESTO A LAS GANANCIAS RELACIONADO CON PLANES DE BENEFICIOS DEFINIDOS 	4
482024 	CAMBIOS EN EL VALOR RAZONABLE DE PASIVOS FINANCIEROS ATRIBUIBLES A CAMBIO 	4
539530 	IMPUESTOS ASUMIDOS 	4
449050 	MENOR VALOR PAGADO 	4
417505 	DEVOLUCIN EN VENTA DE BIENES 	4
427505 	DEVOLUCIN EN VENTA DE SERVICIOS 	4
482025 	IMPUESTOS A LAS GANANCIAS RELACIONADO CON CAMBIOS EN EL VALOR RAZONABLE 	4
482026 	PARTICIPACIN EN OTROS RESULTADOS INTEGRALES DE ENTIDADES SUBORDINADAS 	4
482027 	IMPUESTOS A LAS GANANCIAS RELACIONADO CON LA PARTICIPACIN EN ASOCIADAS 	4
482028 	GANANCIAS (PRDIDAS) CLASIFICADAS EN OTROS RESULTADOS INTEGRALES POR ACT 	4
482029 	IMPUESTOS A LAS GANANCIAS RELACIONADO CON ACTIVOS NO CORRIENTES O GRUPO 	4
482030 	AJUSTES DE RECLASIFICACIN EN EL IMPUESTO A LAS GANANCIAS RELACIONADO 	4
5 	GASTO 	1
51 	OPERACIONALES DE ADMINISTRACION 	2
5101 	SUELDOS Y SALARIOS 	3
510101 	SUELDOS DEL PERSONAL 	4
510102 	JORNALES 	4
510103 	HORAS EXTRAS Y FESTIVOS 	4
510104 	INCAPACIDADES 	4
510105 	GASTOS DE REPRESENTACIN 	4
510113 	PRIMA 	4
510117 	VACACIONES 	4
510118 	BONIFICACIONES 	4
510123 	AUXILIO DE TRANSPORTE 	4
510124 	CESANTAS 	4
510125 	INTERESES A LAS CESANTAS 	4
510131 	DOTACIN Y SUMINISTRO A TRABAJADORES 	4
510145 	SALARIO INTEGRAL 	4
510146 	CONTRATOS DE PERSONAL TEMPORAL 	4
510147 	VITICOS 	4
510148 	GASTOS DE VIAJE 	4
510149 	COMISIONES 	4
510150 	APOYO DE SOSTENIMIENTO 	4
5102 	HONORARIOS 	3
510210 	REVISORA FISCAL 	4
510220 	AVALOS 	4
510225 	ASESORA JURDICA 	4
510235 	ASESORA TCNICA 	4
510295 	OTROS 	4
5104 	APORTES SOBRE LA NMINA 	3
510401 	APORTES AL ICBF 	4
510402 	APORTES AL SENA 	4
510403 	APORTES A ADMINISTRADORAS DE RIESGOS PROFESIONALES 	4
510404 	APORTES A ENTIDADES PROMOTORAS DE SALUD- EPS 	4
510405 	APORTES A FONDOS DE PENSIONES Y/O CESANTAS 	4
510406 	APORTES CAJAS DE COMPENSACIN FAMILIAR 	4
5108 	IMPUESTOS 	3
510802 	INDUSTRIA Y COMERCIO 	4
510803 	DE TIMBRES 	4
510804 	A LA PROPIEDAD RAZ 	4
510805 	DE VEHCULOS 	4
510806 	AL PATRIMONIO 	4
510808 	ESTAMPILLA PRODESARROLLO 	4
510809 	IVA DESCONTABLE 	4
510819 	OTROS 	4
5111 	GENERALES 	3
511103 	ARRENDAMIENTOS 	4
511104 	CONTRIBUCIONES Y AFILIACIONES 	4
511106 	SEGUROS 	4
511108 	SERVICIOS 	4
511110 	GASTOS LEGALES 	4
511112 	MANTENIMIENTO Y REPARACIONES 	4
511114 	ADECUACIN E INSTALACIN 	4
511115 	GASTOS DE VIAJE 	4
511119 	DIVERSOS 	4
52 	OPERACIONALES DE VENTAS 	2
5201 	SUELDOS Y SALARIOS 	3
520101 	SUELDOS DEL PERSONAL 	4
520102 	JORNALES 	4
520103 	HORAS EXTRAS Y FESTIVOS 	4
520104 	INCAPACIDADES 	4
520105 	GASTOS DE REPRESENTACIN 	4
520113 	PRIMA 	4
520117 	VACACIONES 	4
520118 	BONIFICACIONES 	4
520123 	AUXILIO DE TRANSPORTE 	4
520124 	CESANTAS 	4
520125 	INTERESES A LAS CESANTAS 	4
520131 	DOTACIN Y SUMINISTRO A TRABAJADORES 	4
520145 	SALARIO INTEGRAL 	4
520146 	CONTRATOS DE PERSONAL TEMPORAL 	4
520147 	VITICOS 	4
520148 	GASTOS DE VIAJE 	4
520149 	COMISIONES 	4
520150 	APOYO DE SOSTENIMIENTO 	4
5202 	HONORARIOS 	3
520210 	REVISORA FISCAL 	4
520220 	AVALOS 	4
520225 	ASESORA JURDICA 	4
520235 	ASESORA TCNICA 	4
520295 	OTROS 	4
5204 	APORTES SOBRE LA NMINA 	3
520401 	APORTES AL ICBF 	4
520402 	APORTES AL SENA 	4
520403 	APORTES A ADMINISTRADORAS DE RIESGOS PROFESIONALES 	4
520404 	APORTES A ENTIDADES PROMOTORAS DE SALUD- EPS 	4
520405 	APORTES A FONDOS DE PENSIONES Y/O CESANTAS 	4
520406 	APORTES CAJAS DE COMPENSACIN FAMILIAR 	4
5208 	IMPUESTOS 	3
520802 	INDUSTRIA Y COMERCIO 	4
520803 	DE TIMBRES 	4
520804 	A LA PROPIEDAD RAZ 	4
520805 	DE VEHCULOS 	4
520806 	AL PATRIMONIO 	4
520808 	ESTAMPILLA PRODESARROLLO 	4
520809 	IVA DESCONTABLE 	4
520819 	OTROS 	4
5211 	GENERALES 	3
521103 	ARRENDAMIENTOS 	4
521104 	CONTRIBUCIONES Y AFILIACIONES 	4
521106 	SEGUROS 	4
521108 	SERVICIOS 	4
521110 	GASTOS LEGALES 	4
521112 	MANTENIMIENTO Y REPARACIONES 	4
521114 	ADECUACIN E INSTALACIN 	4
521115 	GASTOS DE VIAJE 	4
521119 	DIVERSOS 	4
53 	NO OPERACIONALES 	2
5305 	FINANCIEROS 	3
530505 	GASTOS BANCARIOS 	4
530515 	COMISIONES 	4
530520 	INTERESES 	4
530525 	DIFERENCIA EN CAMBIO 	4
5395 	OTROS GASTOS NO OPERACIONALES 	3
539517 	MULTAS, SANCIONES Y LITIGIOS 	4
539519 	DONACIONES 	4
54 	DETERIORO, AGOTAMIENTO, DEPRECIACIN, AMORTIZACIN, PASIVOS ESTIMADOS 	2
5402 	DETERIORO INVERSIONES FINANCIERAS 	3
540202 	INVERSIONES DISPONIBLES PARA LA VENTA 	4
540203 	INVERSIONES HASTA EL VENCIMIENTO 	4
540295 	RECUPERACIONES - CAMBIOS EN ESTIMACIONES (CR) 	4
7335 	SERVICIOS 	3
520151 	LICENCIAS 	4
5404 	DETERIORO CUENTAS POR COBRAR COMERCIALES Y OTRAS CUENTAS POR COBRAR 	3
540406 	VENTA DE BIENES 	4
540420 	AVANCES Y ANTICIPOS ENTREGADOS 	4
540490 	OTROS DEUDORES 	4
540495 	RECUPERACIONES - CAMBIOS EN ESTIMACIONES (CR) 	4
5406 	DETERIORO INVENTARIOS 	3
540610 	MERCANCAS EN EXISTENCIA 	4
540615 	PRESTACIN DE SERVICIOS 	4
540618 	MATERIALES PARA LA PRESTACIN DE SERVICIOS 	4
540690 	OTROS INVENTARIOS 	4
540695 	RECUPERACIONES - CAMBIOS EN ESTIMACIONES (CR) 	4
5407 	DETERIORO DE PROPIEDADES, PLANTA Y EQUIPO 	3
540705 	TERRENOS 	4
540715 	CONSTRUCCIONES EN CURSO 	4
540720 	MAQUINARIA, PLANTA Y EQUIPO EN MONTAJE 	4
540740 	EDIFICACIONES 	4
540755 	MAQUINARIA Y EQUIPO 	4
540765 	MUEBLES, ENSERES Y EQUIPOS DE OFICINA 	4
540770 	EQUIPOS DE COMUNICACIN Y COMPUTACIN 	4
540795 	RECUPERACIONES - CAMBIOS EN ESTIMACIONES (CR) 	4
5408 	DETERIORO DE ACTIVOS INTANGIBLES Y CRDITO MERCANTIL 	3
540825 	DERECHOS 	4
540835 	LICENCIAS 	4
540840 	SOFTWARE 	4
540882 	OTROS ACTIVOS INTANGIBLES 	4
540895 	RECUPERACIONES - CAMBIOS EN ESTIMACIONES (CR) 	4
5409 	DETERIORO DE ACTIVOS NO CORRIENTES O GRUPOS DE ACTIVOS MANTENIDOS PARA 	3
540905 	ACTIVOS NO CORRIENTES MANTENIDOS PARA LA VENTA 	4
540907 	ACTIVOS NO CORRIENTES PARA DISTRIBUIR A LOS PROPIETARIOS 	4
540995 	RECUPERACIONES - CAMBIOS EN ESTIMACIONES (CR) 	4
5410 	DETERIORO DE PROPIEDADES DE INVERSIN 	3
541005 	TERRENOS 	4
541010 	EDIFICACIONES 	4
541095 	RECUPERACIONES - CAMBIOS EN ESTIMACIONES (CR) 	4
5411 	DETERIORO OTROS ACTIVOS 	3
541160 	BIENES DE ARTE Y CULTURA 	4
541165 	ACTIVOS BIOLGICOS 	4
5413 	PASIVO ESTIMADO PARA OBLIGACIONES FISCALES 	3
541337 	IMPUESTO DE INDUSTRIA Y COMERCIO 	4
541340 	IMPUESTO DE RENTA Y COMPLEMENTARIOS - IMPUESTO CORRIENTE 	4
541350 	IMPUESTO DE RENTA Y COMPLEMENTARIOS - IMPUESTO DIFERIDO 	4
541390 	OTRAS PROVISIONES PARA OBLIGACIONES FISCALES 	4
5414 	PROVISIONES PARA LITIGIOS Y/O DEMANDAS 	3
541404 	LITIGIOS O DEMANDAS POR PRSTAMOS 	4
541405 	LITIGIOS O DEMANDAS LABORALES 	4
541406 	LITIGIOS O DEMANDAS COMERCIALES 	4
541407 	LITIGIOS O DEMANDAS POR IMPUESTOS 	4
5417 	PROVISIONES DIVERSAS 	3
541790 	OTRAS PROVISIONES 	4
5425 	PASIVOS ESTIMADOS PARA PRESTACIONES SOCIALES 	3
542501 	CESANTAS 	4
542502 	INTERESES SOBRE CESANTAS 	4
542503 	VACACIONES 	4
542504 	PRIMA DE SERVICIOS 	4
542505 	BONIFICACIONES 	4
5430 	DEPRECIACIN DE PROPIEDADES, PLANTA Y EQUIPO 	3
543005 	TERRENOS 	4
543040 	EDIFICACIONES 	4
543055 	MAQUINARIA Y EQUIPO 	4
543065 	MUEBLES, ENSERES Y EQUIPOS DE OFICINA 	4
543070 	EQUIPOS DE COMUNICACIN Y COMPUTACIN 	4
543082 	OTRAS PROPIEDADES, PLANTA Y EQUIPO 	4
5438 	AMORTIZACIN DE ACTIVOS INTANGIBLES Y CRDITO MERCANTIL 	3
543825 	DERECHOS 	4
543835 	LICENCIAS 	4
543840 	SOFTWARE 	4
543882 	OTROS ACTIVOS INTANGIBLES 	4
543895 	RECUPERACIONES - CAMBIOS EN ESTIMACIONES (CR) 	4
5440 	DEPRECIACIN / AMORTIZACIN PROPIEDADES DE INVERSIN 	3
544005 	EDIFICIOS 	4
6 	COSTOS DE VENTAS 	1
61 	COSTO DE VENTAS Y PRESTACIN DE SERVICIOS 	2
6135 	MERCADERIAS 	3
613505 	MERCANCAS NO FABRICADAS POR LA EMPRESA 	4
62 	COMPRAS 	2
6210 	DE MATERIAS PRIMAS 	3
621005 	MATERIAS PRIMAS 	4
6215 	DE MATERIALES INDIRECTOS 	3
621505 	MATERIALES INDIRECTOS 	4
6225 	DEVOLUCIONES EN COMPRAS 	3
622505 	DEVOLUCIONES EN COMPRAS 	4
7 	COSTOS DE PRODUCCIN O DE OPERACIN 	1
71 	MATERIA PRIMA 	2
7105 	MATERIA PRIMA 	3
710505 	MATERIA PRIMA 	4
72 	MANO DE OBRA DIRECTA 	2
7205 	MANO DE OBRA DIRECTA 	3
720505 	MANO DE OBRA DIRECTA 	4
73 	COSTOS INDIRECTOS 	2
7310 	HONORARIOS 	3
731025 	ASESORA JURDICA 	4
731035 	ASESORA TCNICA 	4
7315 	IMPUESTOS 	3
731505 	INDUSTRIA Y COMERCIO 	4
731510 	DE TIMBRES 	4
731515 	A LA PROPIEDAD RAZ 	4
731540 	DE VEHCULOS 	4
731550 	CUOTAS DE FOMENTO 	4
731570 	IVA DESCONTABLE 	4
731575 	REGALAS 	4
731595 	OTROS 	4
7320 	ARRENDAMIENTOS 	3
732005 	TERRENOS 	4
732010 	CONSTRUCCIONES Y EDIFICACIONES 	4
732015 	MAQUINARIA Y EQUIPO 	4
732040 	FLOTA Y EQUIPO DE TRANSPORTE 	4
732095 	OTROS 	4
7325 	CONTRIBUCIONES Y AFILIACIONES 	3
732510 	AFILIACIN Y SOSTENIMIENTO 	4
7330 	SEGUROS 	3
733025 	INCENDIO 	4
733030 	TERREMOTO 	4
733035 	SUSTRACCIN Y HURTO 	4
733040 	FLOTA Y EQUIPO DE TRANSPORTE 	4
733060 	RESPONSABILIDAD CIVIL Y CONTRACTUAL 	4
733070 	ROTURA DE MAQUINARIA 	4
733075 	OBLIGATORIO ACCIDENTE DE TRANSITO 	4
733080 	TODO RIESGO 	4
733095 	OTROS SEGUROS 	4
733505 	ASEO Y VIGILANCIA 	4
733515 	ASISTENCIA TCNICA 	4
733520 	PROCESAMIENTO ELECTRNICO DE DATOS 	4
733525 	ACUEDUCTO Y ALCANTARILLADO 	4
733530 	ENERGA ELCTRICA 	4
733535 	TELFONO 	4
733540 	CORREO- PORTES Y TELEGRAMAS 	4
733545 	GAS 	4
733550 	TRANSPORTE- FLETES Y ACARREOS 	4
733560 	PUBLICIDAD PROPAGANDA Y PROMOCIN 	4
733575 	MANEJO DE CARGA 	4
733592 	AGENCIAMIENTO ADUANERO 	4
733595 	OTROS 	4
7340 	GASTOS LEGALES 	3
734015 	TRAMITES Y LICENCIAS 	4
734020 	ADUANEROS 	4
734095 	OTROS 	4
7345 	MANTENIMIENTO Y REPARACIONES 	3
734505 	TERRENOS 	4
734510 	CONSTRUCCIONES Y EDIFICACIONES 	4
734515 	MAQUINARIA Y EQUIPO 	4
734520 	EQUIPO DE OFICINA 	4
734525 	EQUIPO DE COMPUTACIN Y COMUNICACIN 	4
734540 	FLOTA Y EQUIPO DE TRANSPORTE 	4
734560 	ACUEDUCTOS PLANTAS Y REDES 	4
734570 	VAS DE COMUNICACIN 	4
7350 	ADECUACIN E INSTALACIN 	3
735005 	INSTALACIONES ELCTRICAS 	4
735010 	ARREGLOS ORNAMENTALES 	4
735015 	REPARACIONES LOCATIVAS 	4
7355 	GASTOS DE VIAJE 	3
735505 	ALOJAMIENTO Y MANUTENCIN 	4
735515 	PASAJES AREOS 	4
735520 	PASAJES TERRESTRES 	4
735595 	OTROS 	4
7360 	DEPRECIACIONES 	3
736005 	CONSTRUCCIONES Y EDIFICACIONES 	4
736010 	MAQUINARIA Y EQUIPO 	4
736015 	EQUIPO DE OFICINA 	4
736020 	EQUIPO DE COMPUTACIN Y COMUNICACIN 	4
736035 	FLOTA Y EQUIPO DE TRANSPORTE 	4
7365 	AMORTIZACIONES 	3
736515 	CARGOS DIFERIDOS 	4
7395 	DIVERSOS 	3
739510 	DE TIMBRES 	4
739515 	A LA PROPIEDAD RAZ 	4
739520 	GASTOS DE REPRESENTACIN Y RELACIONES PUBLICAS 	4
739525 	ELEMENTOS DE ASEO Y CAFETERA 	4
739530 	TILES- PAPELERA Y FOTOCOPIAS 	4
739535 	COMBUSTIBLES Y LUBRICANTES 	4
739540 	ENVASES Y EMPAQUES 	4
739545 	TAXIS Y BUSES 	4
739560 	CASINO Y RESTAURANTE 	4
739565 	PARQUEADEROS 	4
739580 	PEAJES 	4
739585 	CARGUES Y DESCARGUES 	4
739590 	SERVICIO DE GRA Y MONTACARGAS 	4
739595 	SERVICIO DE CAMABAJA 	4
74 	CONTRATOS DE SERVICIOS 	2
7405 	CONTRATOS DE SERVICIOS 	3
740505 	CONTRATOS DE SERVICIOS 	4
8 	CUENTAS DE ORDEN DEUDORAS 	1
81 	DERECHOS CONTINGENTES 	2
8105 	BIENES Y VALORES ENTREGADOS EN CUSTODIA 	3
810505 	VALORES MOBILIARIOS 	4
810510 	BIENES MUEBLES 	4
810599 	AJUSTES POR INFLACION 	4
8110 	BIENES Y VALORES ENTREGADOS EN GARANTIA 	3
811005 	VALORES MOBILIARIOS 	4
811010 	BIENES MUEBLES 	4
811015 	BIENES INMUEBLES 	4
811020 	CONTRATOS DE GANADO EN PARTICIPACION 	4
811099 	AJUSTES POR INFLACION 	4
8115 	BIENES Y VALORES EN PODER DE TERCEROS 	3
811505 	EN ARRENDAMIENTO 	4
811510 	EN PRESTAMO 	4
811515 	EN DEPOSITO 	4
811520 	EN CONSIGNACION 	4
811599 	AJUSTES POR INFLACION 	4
8120 	LITIGIOS Y/O DEMANDAS 	3
812005 	EJECUTIVOS 	4
812010 	INCUMPLIMIENTO DE CONTRATOS 	4
8125 	PROMESAS DE COMPRAVENTA 	3
8195 	DIVERSAS 	3
819505 	VALORES ADQUIRIDOS POR RECIBIR 	4
819595 	OTRAS 	4
819599 	AJUSTES POR INFLACION. 	4
82 	DEUDORAS FISCALES 	2
8205 	DEUDORAS FISCALES 	3
820505 	DEUDORAS FISCALES 	4
83 	DEUDORAS DE CONTROL 	2
8305 	BIENES RECIBIDOS EN ARRENDAMIENTO FINANCIERO 	3
830505 	BIENES MUEBLES 	4
830510 	BIENES INMUEBLES 	4
830599 	AJUSTES POR INFLACION 	4
8310 	TITULOS DE INVERSION NO COLOCADOS 	3
831005 	ACCIONES 	4
831010 	BONOS 	4
831095 	OTROS 	4
8315 	PROPIEDADES PLANTA Y EQUIPO TOTALMENTE DEPRECIADOS, AGOTADOS Y/O AMORT 	3
831506 	MATERIALES PROYECTOS PETROLEROS 	4
831516 	CONSTRUCCIONES Y EDIFICACIONES 	4
831520 	MAQUINARIA Y EQUIPO 	4
831524 	EQUIPO DE OFICINA 	4
831528 	EQUIPO DE COMPUTACION Y COMUNICACION 	4
831532 	EQUIPO MEDICO - CIENTIFICO 	4
831536 	EQUIPO DE HOTELES Y RESTAURANTES 	4
831540 	FLOTA Y EQUIPO DE TRANSPORTE 	4
831544 	FLOTA Y EQUIPO FLUVIAL Y/O MARITIMO 	4
831548 	FLOTA Y EQUIPO AEREO 	4
831552 	FLOTA Y EQUIPO FERREO 	4
831556 	ACUEDUCTOS, PLANTAS Y REDES 	4
831560 	ARMAMENTO DE VIGILANCIA 	4
831562 	ENVASES Y EMPAQUES 	4
831564 	PLANTACIONES AGRICOLAS Y FORESTALES 	4
831568 	VIAS DE COMUNICACION 	4
831572 	MINAS Y CANTERAS 	4
831576 	POZOS ARTESIANOS 	4
831580 	YACIMIENTOS 	4
831584 	SEMOVIENTES 	4
831599 	AJUSTES POR INFLACION 	4
8320 	CREDITOS A FAVOR NO UTILIZADOS 	3
832005 	PAIS 	4
832010 	EXTERIOR 	4
8325 	ACTIVOS CASTIGADOS 	3
832505 	INVERSIONES 	4
832510 	DEUDORES 	4
832595 	OTROS ACTIVOS 	4
8330 	TITULOS DE INVERSION AMORTIZADOS 	3
833005 	BONOS 	4
833095 	OTROS 	4
8335 	CAPITALIZACION POR REVALORIZACION DE PATRIMONIO 	3
8395 	OTRAS CUENTAS DEUDORAS DE CONTROL 	3
839505 	CHEQUES POSTFECHADOS 	4
839510 	CERTIFICADOS DE DEPOSITO A TERMINO 	4
839515 	CHEQUES DEVUELTOS 	4
839520 	BIENES Y VALORES EN FIDEICOMISO 	4
839525 	INTERESES SOBRE DEUDAS VENCIDAS 	4
839595 	DIVERSAS 	4
839599 	AJUSTES POR INFLACION 	4
8399 	AJUSTES POR INFLACION ACTIVOS 	3
839905 	INVERSIONES 	4
839910 	INVENTARIOS 	4
839915 	PROPIEDADES PLANTA Y EQUIPO 	4
839920 	INTANGIBLES 	4
839925 	CARGOS DIFERIDOS 	4
839995 	OTROS ACTIVOS 	4
84 	DERECHOS CONTINGENTES POR CONTRA (CR) 	2
8405 	DERECHOS CONTINGENTES POR CONTRA (CR) 	3
840505 	DERECHOS CONTINGENTES POR CONTRA (CR) 	4
85 	DEUDORAS FISCALES POR CONTRA (CR) 	2
8505 	DEUDORAS FISCALES POR CONTRA (CR) 	3
850505 	DEUDORAS FISCALES POR CONTRA (CR) 	4
86 	DEUDORAS DE CONTROL POR CONTRA (CR) 	2
8605 	DEUDORAS DE CONTROL POR CONTRA (CR) 	3
860505 	DEUDORAS DE CONTROL POR CONTRA (CR) 	4
9 	CUENTAS DE ORDEN ACREEDORAS 	1
91 	RESPONSABILIDADES CONTINGENTES 	2
9105 	BIENES Y VALORES RECIBIDOS EN CUSTODIA 	3
910505 	VALORES MOBILIARIOS 	4
910510 	BIENES MUEBLES 	4
910599 	AJUSTES POR INFLACION 	4
9110 	BIENES Y VALORES RECIBIDOS EN GARANTIA 	3
911005 	VALORES MOBILIARIOS 	4
911010 	BIENES MUEBLES 	4
911015 	BIENES INMUEBLES 	4
911020 	CONTRATOS DE GANADO EN PARTICIPACION 	4
911099 	AJUSTES POR INFLACION 	4
9115 	BIENES Y VALORES RECIBIDOS DE TERCEROS 	3
911505 	EN ARRENDAMIENTO 	4
911510 	EN PRESTAMO 	4
911515 	EN DEPOSITO 	4
911520 	EN CONSIGNACION 	4
911525 	EN COMODATO 	4
911599 	AJUSTES POR INFLACION 	4
9120 	LITIGIOS Y/O DEMANDAS 	3
912005 	LABORALES 	4
912010 	CIVILES 	4
912015 	ADMINISTRATIVOS O ARBITRALES 	4
912020 	TRIBUTARIOS 	4
9125 	PROMESAS DE COMPRAVENTA 	3
9130 	CONTRATOS DE ADMINISTRACION DELEGADA 	3
9135 	CUENTAS EN PARTICIPACION 	3
9195 	OTRAS RESPONSABILIDADES CONTINGENTES 	3
92 	ACREEDORAS FISCALES 	2
9205 	ACREEDORAS FISCALES 	3
920505 	ACREEDORAS FISCALES 	4
93 	ACREEDORAS DE CONTROL 	2
9305 	CONTRATOS DE ARRENDAMIENTO FINANCIERO 	3
930505 	BIENES MUEBLES 	4
930510 	BIENES INMUEBLES 	4
9395 	OTRAS CUENTAS DE ORDEN ACREEDORAS DE CONTROL 	3
939505 	DOCUMENTOS POR COBRAR DESCONTADOS 	4
939510 	CONVENIOS DE PAGO 	4
939515 	CONTRATOS DE CONSTRUCCIONES E INSTALACIONES POR EJECUTAR 	4
939520 	PEDIDOS COLOCADOS 	4
939525 	ADJUDICACIONES PENDIENTES DE LEGALIZAR 	4
939530 	RESERVA ARTICULO 3o. LEY 4/80 	4
939535 	RESERVA COSTO REPOSICION SEMOVIENTES 	4
939599 	AJUSTES POR INFLACION 	4
9399 	AJUSTES POR INFLACION PATRIMONIO 	3
939905 	CAPITAL SOCIAL 	4
939910 	SUPERAVIT DE CAPITAL 	4
939915 	RESERVAS 	4
939925 	DIVIDENDOS O PARTICIPACIONES DECRETADAS EN ACCIONES, CUOTAS O PARTES DE 	4
939930 	RESULTADOS DE EJERCICIOS ANTERIORES 	4
94 	RESPONSABILIDADES CONTINGENTES POR CONTRA (DB) 	2
9405 	RESPONSABILIDADES CONTINGENTES POR CONTRA (DB) 	3
940505 	RESPONSABILIDADES CONTINGENTES POR CONTRA (DB) 	4
95 	ACREEDORAS FISCALES POR CONTRA (DB) 	2
9505 	ACREEDORAS FISCALES POR CONTRA (DB) 	3
950505 	ACREEDORAS FISCALES POR CONTRA (DB) 	4
96 	ACREEDORAS DE CONTROL POR CONTRA (DB) 	2
9605 	ACREEDORAS DE CONTROL POR CONTRA (DB) 	3
960505 	ACREEDORAS DE CONTROL POR CONTRA (DB) 	4
240512	OTRAS RETENCIONES	4
427510	DESCUENTOS EN VENTA DE SERVICIOS	4
417510 	DESCUENTO EN VENTA DE BIENES 	4
4215 	VENTA DE SERVICIOS	3
4275	DEVOLUCIONES, REBAJAS Y DESCUENTOS EN SERVICIOS	3
510205	CONTABILIDAD	4
530535 	DESCUENTOS CONCEDIDOS SERVICIOS 	4
530530 	DESCUENTOS CONCEDIDOS POR PRONTO PAGO  	4
539550 	MAYOR VALOR PAGADO 	4
240310	IVA GASTOS GENERALES (DB)	4
240311	IVA PROPIEDADES Y EQUIPO (DB)	4
510151 	LICENCIAS 	4
510152	AUXILIO SALARIAL	4
510153	HUELGAS	4
510157	COMPENSACIONES	4
510154	BONOS	4
510155	TELETRABAJO	4
510156	INDEMNIZACIONES	4
251046	APORTES SINDICATOS	4
251047	SANCIONES	4
251048	PAGOS A TERCEROS	4
251049	EMBARGOS FISCALES	4
251050	ANTICIPOS	4
510158	CONCEPTOS	4
251051	SUBSISTENCIA	4
251052	TERCEROS	4
251053	AFC	4
251054	EDUCACION	4
251055	DEUDA	4
250505	VACACIONES	4
250506 	DOTACIONES	4
250504 	PRIMA 	4
520109 	SERVICIOS 	4
510109 	SERVICIOS 	4
520205	CONTABILIDAD	4
520152	AUXILIO SALARIAL	4
520153	HUELGAS	4
520154	BONOS	4
520155	TELETRABAJO	4
520156	INDEMNIZACIONES	4
520157	COMPENSACIONES	4
520158	CONCEPTOS	4
291504	HONORARIOS POR CUENTA DE TERCERTOS 	4
\.


--
-- Data for Name: plandecuentapuc; Type: TABLE DATA; Schema: public; Owner: postgres
--

COPY public.plandecuentapuc (codigo, nombre, nivel) FROM stdin;
1	ACTIVO 	1
1399	PROVISIONES 	3
410505	CULTIVO DE CEREALES 	4
412595	ACTIVIDADES CONEXAS 	4
513555	GAS 	4
11	DISPONIBLE 	2
1105	CAJA 	3
110505	CAJA GENERAL 	4
110510	CAJAS MENORES 	4
110515	MONEDA EXTRANJERA 	4
1110	BANCOS 	3
111005	MONEDA NACIONAL 	4
111010	MONEDA EXTRANJERA 	4
1115	REMESAS EN TRANSITO 	3
111505	MONEDA NACIONAL 	4
111510	MONEDA EXTRANJERA 	4
1120	CUENTAS DE AHORRO 	3
112005	BANCOS 	4
112010	CORPORACIONES DE AHORRO Y VIVIENDA 	4
112015	ORGANISMOS COOPERATIVOS FINANCIEROS 	4
1125	FONDOS 	3
112505	ROTATORIOS MONEDA NACIONAL 	4
112510	ROTATORIOS MONEDA EXTRANJERA 	4
112515	ESPECIALES MONEDA NACIONAL 	4
112520	ESPECIALES MONEDA EXTRANJERA 	4
112525	DE AMORTIZACION MONEDA NACIONAL 	4
112530	DE AMORTIZACION MONEDA EXTRANJERA 	4
12	INVERSIONES 	2
1205	ACCIONES 	3
120505	AGRICULTURA, GANADERIA, CAZA Y SILVICULTURA 	4
120510	PESCA 	4
120515	EXPLOTACION DE MINAS Y CANTERAS 	4
120520	INDUSTRIA MANUFACTURERA 	4
120525	SUMINISTRO DE ELECTRICIDAD, GAS Y AGUA 	4
832005	PAIS 	4
120530	CONSTRUCCION 	4
120535	COMERCIO AL POR MAYOR Y AL POR MENOR 	4
120540	HOTELES Y RESTAURANTES 	4
120545	TRANSPORTE, ALMACENAMIENTO Y COMUNICACIONES 	4
120550	ACTIVIDAD FINANCIERA 	4
120555	ACTIVIDADES INMOBILIARIAS, EMPRESARIALES Y DE ALQUILER 	4
120560	ENSEANZA 	4
120565	SERVICIOS SOCIALES Y DE SALUD 	4
120570	OTRAS ACTIVIDADES DE SERVICIOS COMUNITARIOS, SOCIALES 	4
120599	AJUSTES POR INFLACION 	4
1210	CUOTAS O PARTES DE INTERES SOCIAL 	3
121005	AGRICULTURA, GANADERIA, CAZA Y SILVICULTURA 	4
121010	PESCA 	4
121015	EXPLOTACION DE MINAS Y CANTERAS 	4
121020	INDUSTRIA MANUFACTURERA 	4
121025	SUMINISTRO DE ELECTRICIDAD, GAS Y AGUA 	4
121030	CONSTRUCCION 	4
121035	COMERCIO AL POR MAYOR Y AL POR MENOR 	4
121040	HOTELES Y RESTAURANTES 	4
121045	TRANSPORTE, ALMACENAMIENTO Y COMUNICACIONES 	4
121050	ACTIVIDAD FINANCIERA 	4
121055	ACTIVIDADES INMOBILIARIAS, EMPRESARIALES Y DE ALQUILER 	4
121060	ENSEANZA 	4
121065	SERVICIOS SOCIALES Y DE SALUD 	4
121070	OTRAS ACTIVIDADES DE SERVICIOS COMUNITARIOS, SOCIALES Y PERSONALES 	4
121099	AJUSTES POR INFLACION 	4
1215	BONOS 	3
121505	BONOS PUBLICOS MONEDA NACIONAL 	4
121510	BONOS PUBLICOS MONEDA EXTRANJERA 	4
121515	BONOS ORDINARIOS 	4
121520	BONOS CONVERTIBLES EN ACCIONES 	4
121595	OTROS 	4
1220	CEDULAS 	3
122005	CEDULAS DE CAPITALIZACION 	4
122010	CEDULAS HIPOTECARIAS 	4
122015	CEDULAS DE INVERSION 	4
122095	OTRAS 	4
1225	CERTIFICADOS 	3
122505	CERTIFICADOS DE DEPOSITO A TERMINO (C.D.T.) 	4
122510	CERTIFICADOS DE DEPOSITO DE AHORRO 	4
122515	CERTIFICADOS DE AHORRO DE VALOR CONSTANTE (C.A.V.C.) 	4
122520	CERTIFICADOS DE CAMBIO 	4
122525	CERTIFICADOS CAFETEROS VALORIZABLES 	4
122530	CERTIFICADOS ELECTRICOS VALORIZABLES (C.E.V.) 	4
122535	CERTIFICADOS DE REEMBOLSO TRIBUTARIO (C.E.R.T.) 	4
122540	CERTIFICADOS DE DESARROLLO TURISTICO 	4
122545	CERTIFICADOS DE INVERSION FORESTAL (C.I.F.) 	4
122595	OTROS 	4
1230	PAPELES COMERCIALES 	3
123005	EMPRESAS COMERCIALES 	4
123010	EMPRESAS INDUSTRIALES 	4
123015	EMPRESAS DE SERVICIOS 	4
1235	TITULOS 	3
123505	TITULOS DE DESARROLLO AGROPECUARIO 	4
123510	TITULOS CANJEABLES POR CERTIFICADOS DE CAMBIO 	4
123515	TITULOS DE TESORERIA (T.E.S.) 	4
123520	TITULOS DE PARTICIPACION 	4
123525	TITULOS DE CREDITO DE FOMENTO 	4
123530	TITULOS FINANCIEROS AGROINDUSTRIALES (T.F.A.) 	4
123535	TITULOS DE AHORRO CAFETERO (T.A.C.) 	4
123540	TITULOS DE AHORRO NACIONAL (T.A.N.) 	4
123545	TITULOS ENERGETICOS DE RENTABILIDAD CRECIENTE (T.E.R.) 	4
123550	TITULOS DE AHORRO EDUCATIVO (T.A.E.) 	4
123555	TITULOS FINANCIEROS INDUSTRIALES Y COMERCIALES 	4
123560	TESOROS 	4
123565	TITULOS DE DEVOLUCION DE IMPUESTOS NACIONALES (TIDIS) 	4
123570	TITULOS INMOBILIARIOS 	4
123595	OTROS 	4
1240	ACEPTACIONES BANCARIAS O FINANCIERAS 	3
124005	BANCOS COMERCIALES 	4
124010	COMPAIAS DE FINANCIAMIENTO COMERCIAL 	4
124015	CORPORACIONES FINANCIERAS 	4
124095	OTRAS 	4
1245	DERECHOS FIDUCIARIOS 	3
124505	FIDEICOMISOS DE INVERSION MONEDA NACIONAL 	4
124510	FIDEICOMISOS DE INVERSION MONEDA EXTRANJERA 	4
1250	DERECHOS DE RECOMPRA DE INVERSIONES NEGOCIADAS (REPOS) 	3
125005	ACCIONES 	4
125010	CUOTAS O PARTES DE INTERES SOCIAL 	4
125015	BONOS 	4
125020	CEDULAS 	4
125025	CERTIFICADOS 	4
125030	PAPELES COMERCIALES 	4
125035	TITULOS 	4
125040	ACEPTACIONES BANCARIAS O FINANCIERAS 	4
125095	OTROS 	4
125099	AJUSTES POR INFLACION 	4
1255	OBLIGATORIAS 	3
125505	BONOS DE FINANCIAMIENTO ESPECIAL 	4
125510	BONOS DE FINANCIAMIENTO PRESUPUESTAL 	4
125515	BONOS PARA DESARROLLO SOCIAL Y SEGURIDAD INTERNA (B.D.S.I.) 	4
125595	OTRAS 	4
1260	CUENTAS EN PARTICIPACION 	3
126099	AJUSTES POR INFLACION 	4
1295	OTRAS INVERSIONES 	3
129505	APORTES EN COOPERATIVAS 	4
129510	DERECHOS EN CLUBES SOCIALES 	4
129515	ACCIONES O DERECHOS EN CLUBES DEPORTIVOS 	4
129520	BONOS EN COLEGIOS 	4
129595	DIVERSAS 	4
129599	AJUSTES POR INFLACION 	4
1299	PROVISIONES 	3
129905	ACCIONES 	4
129910	CUOTAS O PARTES DE INTERES SOCIAL 	4
129915	BONOS 	4
129920	CEDULAS 	4
129925	CERTIFICADOS 	4
129930	PAPELES COMERCIALES 	4
129935	TITULOS 	4
129940	ACEPTACIONES BANCARIAS O FINANCIERAS 	4
129945	DERECHOS FIDUCIARIOS 	4
129950	DERECHOS DE RECOMPRA DE INVERSIONES NEGOCIADAS 	4
129955	OBLIGATORIAS 	4
129960	CUENTAS EN PARTICIPACION 	4
129995	OTRAS INVERSIONES 	4
13	DEUDORES 	2
1305	CLIENTES 	3
130505	NACIONALES 	4
130510	DEL EXTERIOR 	4
130515	DEUDORES DEL SISTEMA 	4
1310	CUENTAS CORRIENTES COMERCIALES 	3
131005	CASA MATRIZ 	4
131010	COMPAIAS VINCULADAS 	4
131015	ACCIONISTAS O SOCIOS 	4
131020	PARTICULARES 	4
131095	OTRAS 	4
1315	CUENTAS POR COBRAR A CASA MATRIZ 	3
131505	VENTAS 	4
131510	PAGOS A NOMBRE DE CASA MATRIZ 	4
131515	VALORES RECIBIDOS POR CASA MATRIZ 	4
131520	PRESTAMOS 	4
1320	CUENTAS POR COBRAR A VINCULADOS ECONOMICOS 	3
132005	FILIALES 	4
132010	SUBSIDIARIAS 	4
132015	SUCURSALES 	4
1325	CUENTAS POR COBRAR A SOCIOS Y ACCIONISTAS 	3
132505	A SOCIOS 	4
132510	A ACCIONISTAS 	4
1328	APORTES POR COBRAR 	3
1330	ANTICIPOS Y AVANCES 	3
133005	A PROVEEDORES 	4
133010	A CONTRATISTAS 	4
133015	A TRABAJADORES 	4
133020	A AGENTES 	4
133025	A CONCESIONARIOS 	4
133030	DE ADJUDICACIONES 	4
133095	OTROS 	4
1332	CUENTAS DE OPERACION CONJUNTA 	3
1335	DEPOSITOS 	3
133505	PARA IMPORTACIONES 	4
133510	PARA SERVICIOS 	4
133515	PARA CONTRATOS 	4
133520	PARA RESPONSABILIDADES 	4
133525	PARA JUICIOS EJECUTIVOS 	4
133530	PARA ADQUISICION DE ACCIONES, CUOTAS O DERECHOS 	4
133535	EN GARANTIA 	4
133595	OTROS 	4
1340	PROMESAS DE COMPRA VENTA 	3
134005	DE BIENES RAICES 	4
134010	DE MAQUINARIA Y EQUIPO 	4
134015	DE FLOTA Y EQUIPO DE TRANSPORTE 	4
134020	DE FLOTA Y EQUIPO AEREO 	4
134025	DE FLOTA Y EQUIPO FERREO 	4
134030	DE FLOTA Y EQUIPO FLUVIAL Y/O MARITIMO 	4
134035	DE SEMOVIENTES 	4
134095	DE OTROS BIENES 	4
1345	INGRESOS POR COBRAR 	3
134505	DIVIDENDOS Y/O PARTICIPACIONES 	4
134510	INTERESES 	4
134515	COMISIONES 	4
134520	HONORARIOS 	4
134525	SERVICIOS 	4
134530	ARRENDAMIENTOS 	4
134535	CERT POR COBRAR 	4
134595	OTROS 	4
1350	RETENCION SOBRE CONTRATOS 	3
135005	DE CONSTRUCCION 	4
135010	DE PRESTACION DE SERVICIOS 	4
135095	OTROS 	4
1355	ANTICIPO DE IMPUESTOS Y CONTRIBUCIONES O SALDOS A FAVOR 	3
135505	ANTICIPO DE IMPUESTOS DE RENTA Y COMPLEMENTARIOS 	4
135510	ANTICIPO DE IMPUESTOS DE INDUSTRIA Y COMERCIO 	4
135515	RETENCION EN LA FUENTE 	4
135520	SOBRANTES EN LIQUIDACION PRIVADA DE IMPUESTOS 	4
135525	CONTRIBUCIONES 	4
135530	IMPUESTOS DESCONTABLES 	4
135595	OTROS 	4
1360	RECLAMACIONES 	3
136005	A COMPAIAS ASEGURADORAS 	4
136010	A TRANSPORTADORES 	4
136015	POR TIQUETES AEREOS 	4
136095	OTRAS 	4
1365	CUENTAS POR COBRAR A TRABAJADORES 	3
136505	VIVIENDA 	4
136510	VEHICULOS 	4
136515	EDUCACION 	4
136520	MEDICOS, ODONTOLOGICOS Y SIMILARES 	4
136525	CALAMIDAD DOMESTICA 	4
136530	RESPONSABILIDADES 	4
136595	OTROS 	4
1370	PRESTAMOS A PARTICULARES 	3
137005	CON GARANTIA REAL 	4
137010	CON GARANTIA PERSONAL 	4
1380	DEUDORES VARIOS 	3
138005	DEPOSITARIOS 	4
138010	COMISIONISTAS DE BOLSAS 	4
138015	FONDO DE INVERSION 	4
138020	CUENTAS POR COBRAR DE TERCEROS 	4
138025	PAGOS POR CUENTA DE TERCEROS 	4
138030	FONDOS DE INVERSION SOCIAL 	4
138095	OTROS 	4
1385	DERECHOS DE RECOMPRA DE CARTERA NEGOCIADA 	3
1390	DEUDAS DE DIFICIL COBRO 	3
139905	CLIENTES 	4
139910	CUENTAS CORRIENTES COMERCIALES 	4
139915	CUENTAS POR COBRAR A CASA MATRIZ 	4
139920	CUENTAS POR COBRAR A VINCULADOS ECONOMICOS 	4
139925	CUENTAS POR COBRAR A SOCIOS Y ACCIONISTAS 	4
139930	ANTICIPOS Y AVANCES 	4
139932	CUENTAS DE OPERACION CONJUNTA 	4
139935	DEPOSITOS 	4
139940	PROMESAS DE COMPRAVENTA 	4
139945	INGRESOS POR COBRAR 	4
139950	RETENCION SOBRE CONTRATOS 	4
139955	RECLAMACIONES 	4
139960	CUENTAS POR COBRAR A TRABAJADORES 	4
139965	PRESTAMOS A PARTICULARES 	4
139975	DEUDORES VARIOS 	4
139980	DERECHOS DE RECOMPRA DE CARTERA NEGOCIADA 	4
14	INVENTARIOS 	2
1405	MATERIAS PRIMAS 	3
140599	AJUSTES POR INFLACION 	4
1410	PRODUCTOS EN PROCESO 	3
141099	AJUSTES POR INFLACION 	4
1415	OBRAS DE CONSTRUCCION EN CURSO 	3
141599	AJUSTES POR INFLACION 	4
1417	OBRAS DE URBANISMO 	3
141799	AJUSTES POR INFLACION 	4
1420	CONTRATOS EN EJECUCION 	3
142099	AJUSTES POR INFLACION 	4
1425	CULTIVOS EN DESARROLLO 	3
142599	AJUSTES POR INFLACION 	4
1430	PRODUCTOS TERMINADOS 	3
143005	PRODUCTOS MANUFACTURADOS 	4
143010	PRODUCTOS EXTRAIDOS Y/O PROCESADOS 	4
143015	PRODUCTOS AGRICOLAS Y FORESTALES 	4
143020	SUBPRODUCTOS 	4
143025	PRODUCTOS DE PESCA 	4
143099	AJUSTES POR INFLACION 	4
1435	MERCANCIAS NO FABRICADAS POR LA EMPRESA 	3
143599	AJUSTES POR INFLACION 	4
1440	BIENES RAICES PARA LA VENTA 	3
144099	AJUSTES POR INFLACION 	4
1445	SEMOVIENTES 	3
144505	ESPECIES MAYORES 	4
144510	ESPECIES MENORES 	4
144599	AJUSTES POR INFLACION 	4
1450	TERRENOS 	3
145005	POR URBANIZAR 	4
145010	URBANIZADOS POR CONSTRUIR 	4
145099	AJUSTES POR INFLACION 	4
1455	MATERIALES, REPUESTOS Y ACCESORIOS 	3
145505	COMBUSTIBLES Y LUBRICANTES 	4
145510	ABONOS Y FERTILIZANTES 	4
145515	SEMILLAS TERMINADAS 	4
145520	FUNGICIDAS Y HERBICIDAS 	4
145525	MATERIALES Y REPUESTOS 	4
145530	LOZA Y CRISTALERIA 	4
145535	HERRAMIENTAS 	4
145540	MEDICINAS 	4
145545	ELEMENTOS HOSPITALARIOS 	4
145550	INSTRUMENTAL QUIRURGICO 	4
145555	DOTACION Y SUMINISTRO A TRABAJADORES 	4
145560	ELEMENTOS DE ROPERIA Y LENCERIA 	4
145595	OTROS 	4
145599	AJUSTES POR INFLACION 	4
1460	ENVASES Y EMPAQUES 	3
146099	AJUSTES POR INFLACION 	4
1465	INVENTARIOS EN TRANSITO 	3
146599	AJUSTES POR INFLACION 	4
1499	PROVISIONES 	3
149905	PARA OBSOLESCENCIA 	4
149910	PARA DIFERENCIA DE INVENTARIO FISICO 	4
149915	PARA PERDIDAS DE INVENTARIOS 	4
149920	LIFO 	4
15	PROPIEDADES PLANTA Y EQUIPO 	2
1504	TERRENOS 	3
150405	URBANOS 	4
150410	RURALES 	4
150499	AJUSTES POR INFLACION 	4
1506	MATERIALES PROYECTOS PETROLEROS 	3
150605	TUBERIAS Y EQUIPO 	4
150610	COSTOS DE IMPORTACION MATERIALES 	4
150615	PROYECTOS DE CONSTRUCCION 	4
150699	AJUSTES POR INFLACION 	4
1508	CONSTRUCCIONES EN CURSO 	3
150805	CONSTRUCCIONES Y EDIFICACIONES 	4
150810	ACUEDUCTOS PLANTAS Y REDES 	4
150815	VIAS DE COMUNICACION 	4
150820	POZOS ARTESIANOS 	4
150825	PROYECTOS DE EXPLORACION 	4
150830	PROYECTOS DE DESARROLLO 	4
150899	AJUSTES POR INFLACION 	4
1512	MAQUINARIA Y EQUIPOS EN MONTAJE 	3
151205	MAQUINARIA Y EQUIPO 	4
151210	EQUIPO DE OFICINA 	4
151215	EQUIPO DE COMPUTACION Y COMUNICACION 	4
151220	EQUIPO MEDICO-CIENTIFICO 	4
151225	EQUIPO DE HOTELES Y RESTAURANTES 	4
151230	FLOTA Y EQUIPO DE TRANSPORTE 	4
151235	FLOTA Y EQUIPO FLUVIAL Y/O MARITIMO 	4
151240	FLOTA Y EQUIPO AEREO 	4
151245	FLOTA Y EQUIPO FERREO 	4
151250	PLANTAS Y REDES 	4
151299	AJUSTES POR INFLACION 	4
1516	CONSTRUCCIONES Y EDIFICACIONES 	3
151605	EDIFICIOS 	4
151610	OFICINAS 	4
151615	ALMACENES 	4
151620	FABRICAS Y PLANTAS INDUSTRIALES 	4
151625	SALAS DE EXHIBICION Y VENTAS 	4
151630	CAFETERIA Y CASINOS 	4
151635	SILOS 	4
151640	INVERNADEROS 	4
151645	CASETAS Y CAMPAMENTOS 	4
151650	INSTALACIONES AGROPECUARIAS 	4
151655	VIVIENDAS PARA EMPLEADOS Y OBREROS 	4
151660	TERMINAL DE BUSES Y TAXIS 	4
151663	TERMINAL MARITIMO 	4
151665	TERMINAL FERREO 	4
151670	PARQUEADEROS, GARAJES Y DEPOSITOS 	4
151675	HANGARES 	4
151680	BODEGAS 	4
151695	OTROS 	4
151699	AJUSTES POR INFLACION 	4
1520	MAQUINARIA Y EQUIPO 	3
152099	AJUSTES POR INFLACION 	4
1524	EQUIPO DE OFICINA 	3
152405	MUEBLES Y ENSERES 	4
152410	EQUIPOS 	4
152495	OTROS 	4
152499	AJUSTES POR INFLACION 	4
1528	EQUIPO DE COMPUTACION Y COMUNICACION 	3
152805	EQUIPOS DE PROCESAMIENTO DE DATOS 	4
152810	EQUIPOS DE TELECOMUNICACIONES 	4
152815	EQUIPOS DE RADIO 	4
152820	SATELITES Y ANTENAS 	4
152825	LINEAS TELEFONICAS 	4
152895	OTROS 	4
152899	AJUSTES POR INFLACION 	4
1532	EQUIPO MEDICO - CIENTIFICO 	3
153205	MEDICO 	4
153210	ODONTOLOGICO 	4
153215	LABORATORIO 	4
153220	INSTRUMENTAL 	4
153295	OTROS 	4
153299	AJUSTES POR INFLACION 	4
1536	EQUIPO DE HOTELES Y RESTAURANTES 	3
153605	DE HABITACIONES 	4
153610	DE COMESTIBLES Y BEBIDAS 	4
153695	OTROS 	4
153699	AJUSTES POR INFLACION 	4
1540	FLOTA Y EQUIPO DE TRANSPORTE 	3
154005	AUTOS, CAMIONETAS Y CAMPEROS 	4
154008	CAMIONES, VOLQUETAS Y FURGONES 	4
154010	TRACTOMULAS Y REMOLQUES 	4
154015	BUSES Y BUSETAS 	4
154017	RECOLECTORES Y CONTENEDORES 	4
154020	MONTACARGAS 	4
154025	PALAS Y GRUAS 	4
154030	MOTOCICLETAS 	4
154035	BICICLETAS 	4
154040	ESTIBAS Y CARRETAS 	4
154045	BANDAS TRANSPORTADORAS 	4
154095	OTROS 	4
154099	AJUSTES POR INFLACION 	4
1544	FLOTA Y EQUIPO FLUVIAL Y/O MARITIMO 	3
154405	BUQUES 	4
154410	LANCHAS 	4
154415	REMOLCADORAS 	4
154420	BOTES 	4
154425	BOYAS 	4
154430	AMARRES 	4
154435	CONTENEDORES Y CHASSISES 	4
154440	GABARRAS 	4
154495	OTROS 	4
154499	AJUSTES POR INFLACION 	4
1548	FLOTA Y EQUIPO AEREO 	3
154805	AVIONES 	4
154810	AVIONETAS 	4
154815	HELICOPTEROS 	4
154820	TURBINAS Y MOTORES 	4
154825	MANUALES DE ENTRENAMIENTO PERSONAL TECNICO 	4
154830	EQUIPOS DE VUELO 	4
154895	OTROS 	4
154899	AJUSTES POR INFLACION 	4
1552	FLOTA Y EQUIPO FERREO 	3
155205	LOCOMOTORAS 	4
155210	VAGONES 	4
155215	REDES FERREAS 	4
155295	OTROS 	4
155299	AJUSTES POR INFLACION 	4
1556	ACUEDUCTOS PLANTAS Y REDES 	3
155605	INSTALACIONES PARA AGUA Y ENERGIA 	4
155610	ACUEDUCTO ACEQUIAS Y CANALIZACIONES 	4
155615	PLANTAS DE GENERACION HIDRAULICA 	4
155620	PLANTAS DE GENERACION TERMICA 	4
155625	PLANTAS DE GENERACION A GAS 	4
155628	PLANTAS DE GENERACION DIESEL, GASOLINA Y PETROLEO 	4
155630	PLANTAS DE DISTRIBUCION 	4
155635	PLANTAS DE TRANSMISION Y SUBESTACIONES 	4
155640	OLEODUCTOS 	4
155645	GASODUCTOS 	4
155647	POLIDUCTOS 	4
155650	REDES DE DISTRIBUCION 	4
155655	PLANTAS DE TRATAMIENTO 	4
155660	REDES DE RECOLECCION DE AGUAS NEGRAS 	4
155665	INSTALACIONES Y EQUIPO DE BOMBEO 	4
155670	REDES DE DISTRIBUCION DE VAPOR 	4
155675	REDES DE AIRE 	4
155680	REDES ALIMENTACION DE GAS 	4
155682	REDES EXTERNAS DE TELEFONIA 	4
155685	PLANTAS DESHIDRATADORAS 	4
155695	OTROS 	4
155699	AJUSTES POR INFLACION 	4
1560	ARMAMENTO DE VIGILANCIA 	3
156099	AJUSTES POR INFLACION 	4
1562	ENVASES Y EMPAQUES 	3
156299	AJUSTES POR INFLACION 	4
1564	PLANTACIONES AGRICOLAS Y FORESTALES 	3
156405	CULTIVOS EN DESARROLLO 	4
156410	CULTIVOS AMORTIZABLES 	4
156499	AJUSTES POR INFLACION 	4
1568	VIAS DE COMUNICACION 	3
156805	PAVIMENTACION Y PATIOS 	4
156810	VIAS 	4
156815	PUENTES 	4
156820	CALLES 	4
156825	AERODROMOS 	4
156895	OTROS 	4
156899	AJUSTES POR INFLACION 	4
1572	MINAS Y CANTERAS 	3
157205	MINAS 	4
157210	CANTERAS 	4
157299	AJUSTES POR INFLACION 	4
1576	POZOS ARTESIANOS 	3
157699	AJUSTES POR INFLACION 	4
1580	YACIMIENTOS 	3
158099	AJUSTES POR INFLACION 	4
1584	SEMOVIENTES 	3
158405	ESPECIES MENORES 	4
158410	ESPECIES MAYORES 	4
158499	AJUSTES POR INFLACION 	4
1588	PROPIEDADES PLANTA Y EQUIPO EN TRANSITO 	3
158805	MAQUINARIA Y EQUIPO 	4
158810	EQUIPO DE OFICINA 	4
158815	EQUIPO DE COMPUTACION Y COMUNICACION 	4
158820	EQUIPO MEDICO CIENTIFICO 	4
158825	EQUIPO DE HOTELES Y RESTAURANTES 	4
158830	FLOTA Y EQUIPO DE TRANSPORTE 	4
158835	FLOTA Y EQUIPO FLUVIAL Y/O MARITIMO 	4
158840	FLOTA Y EQUIPO AEREO 	4
158845	FLOTA Y EQUIPO FERREO 	4
158850	PLANTAS Y REDES 	4
158855	ARMAMENTO DE VIGILANCIA 	4
158860	SEMOVIENTES 	4
158865	ENVASES Y EMPAQUES 	4
158899	AJUSTES POR INFLACION 	4
1592	DEPRECIACION ACUMULADA 	3
159205	CONSTRUCCIONES Y EDIFICACIONES 	4
159210	MAQUINARIA Y EQUIPO 	4
159215	EQUIPO DE OFICINA 	4
159220	EQUIPO DE COMPUTACION Y COMUNICACION 	4
159225	EQUIPO MEDICO CIENTIFICO 	4
159230	EQUIPO DE HOTELES Y RESTAURANTES 	4
159235	FLOTA Y EQUIPO DE TRANSPORTE 	4
159240	FLOTA Y EQUIPO FLUVIAL Y/O MARITIMO 	4
159245	FLOTA Y EQUIPO AEREO 	4
159250	FLOTA Y EQUIPO FERREO 	4
159255	ACUEDUCTOS PLANTAS Y REDES 	4
159260	ARMAMENTO DE VIGILANCIA 	4
159265	ENVASES Y EMPAQUES 	4
159299	AJUSTES POR INFLACION 	4
1596	DEPRECIACION DIFERIDA 	3
159605	EXCESO FISCAL SOBRE LA CONTABLE 	4
159610	DEFECTO FISCAL SOBRE LA CONTABLE (CR) 	4
159699	AJUSTES POR INFLACION 	4
1597	AMORTIZACION ACUMULADA 	3
159705	PLANTACIONES AGRICOLAS Y FORESTALES 	4
159710	VIAS DE COMUNICACION 	4
159715	SEMOVIENTES 	4
159799	AJUSTES POR INFLACION 	4
1598	AGOTAMIENTO ACUMULADO 	3
159805	MINAS Y CANTERAS 	4
159815	POZOS ARTESIANOS 	4
159820	YACIMIENTOS 	4
159899	AJUSTES POR INFLACION 	4
1599	PROVISIONES 	3
159904	TERRENOS 	4
159906	MATERIALES PROYECTOS PETROLEROS 	4
159908	CONSTRUCCIONES EN CURSO 	4
159912	MAQUINARIA EN MONTAJE 	4
159916	CONSTRUCCIONES Y EDIFICACIONES 	4
159920	MAQUINARIA Y EQUIPO 	4
159924	EQUIPO DE OFICINA 	4
159928	EQUIPO DE COMPUTACION Y COMUNICACION 	4
159932	EQUIPO MEDICO CIENTIFICO 	4
159936	EQUIPO DE HOTELES Y RESTAURANTES 	4
159940	FLOTA Y EQUIPO DE TRANSPORTE 	4
159944	FLOTA Y EQUIPO FLUVIAL Y/O MARITIMO 	4
159948	FLOTA Y EQUIPO AEREO 	4
159952	FLOTA Y EQUIPO FERREO 	4
159956	ACUEDUCTOS, PLANTAS Y REDES 	4
159960	ARMAMENTO DE VIGILANCIA 	4
159962	ENVASES Y EMPAQUES 	4
159964	PLANTACIONES AGRICOLAS Y FORESTALES 	4
159968	VIAS DE COMUNICACION 	4
159972	MINAS Y CANTERAS 	4
159980	POZOS ARTESIANOS 	4
159984	YACIMIENTOS 	4
159988	SEMOVIENTES 	4
159992	PROPIEDADES PLANTA Y EQUIPO EN TRANSITO 	4
16	INTANGIBLES 	2
1605	CREDITO MERCANTIL 	3
160505	FORMADO O ESTIMADO 	4
160510	ADQUIRIDO O COMPRADO 	4
160599	AJUSTES POR INFLACION 	4
1610	MARCAS 	3
161005	ADQUIRIDAS 	4
161010	FORMADAS 	4
161099	AJUSTES POR INFLACION 	4
1615	PATENTES 	3
161505	ADQUIRIDAS 	4
161510	FORMADAS 	4
161599	AJUSTES POR INFLACION 	4
1620	CONCESIONES Y FRANQUICIAS 	3
162005	CONCESIONES 	4
162010	FRANQUICIAS 	4
162099	AJUSTES POR INFLACION 	4
1625	DERECHOS 	3
162505	DERECHOS DE AUTOR 	4
162510	PUESTO DE BOLSA 	4
162515	EN FIDEICOMISOS INMOBILIARIOS 	4
162520	EN FIDEICOMISOS DE GARANTIA 	4
162525	EN FIDEICOMISOS DE ADMINISTRACION 	4
162595	OTROS 	4
162599	AJUSTES POR INFLACION 	4
1630	KNOW HOW 	3
163099	AJUSTES POR INFLACION 	4
1635	LICENCIAS 	3
163599	AJUSTES POR INFLACION 	4
1698	AMORTIZACION ACUMULADA 	3
169805	CREDITO MERCANTIL 	4
169810	MARCAS 	4
169815	PATENTES 	4
169820	CONCESIONES Y FRANQUICIAS 	4
169830	DERECHOS 	4
169835	KNOW HOW 	4
169840	LICENCIAS 	4
169899	AJUSTES POR INFLACION 	4
1699	PROVISIONES 	3
17	DIFERIDOS 	2
1705	GASTOS PAGADOS POR ANTICIPADO 	3
170505	INTERESES 	4
170510	HONORARIOS 	4
170515	COMISIONES 	4
170520	SEGUROS Y FIANZAS 	4
170525	ARRENDAMIENTOS 	4
170530	BODEGAJES 	4
170535	MANTENIMIENTO EQUIPOS 	4
170540	SERVICIOS 	4
170545	SUSCRIPCIONES 	4
170595	OTROS 	4
1710	CARGOS DIFERIDOS 	3
171004	ORGANIZACION Y PREOPERATIVOS 	4
171008	REMODELACIONES 	4
171012	ESTUDIOS, INVESTIGACIONES Y PROYECTOS 	4
171016	PROGRAMAS PARA COMPUTADOR (SOFTWARE) 	4
171020	UTILES Y PAPELERIA 	4
171024	MEJORAS A PROPIEDADES AJENAS 	4
171028	CONTRIBUCIONES Y AFILIACIONES 	4
171032	ENTRENAMIENTO DE PERSONAL 	4
171036	FERIAS Y EXPOSICIONES 	4
171040	LICENCIAS 	4
171044	PUBLICIDAD, PROPAGANDA Y AVISOS 	4
171048	ELEMENTOS DE ASEO Y CAFETERIA 	4
171052	MOLDES Y TROQUELES 	4
171056	INSTRUMENTAL QUIRURGICO 	4
171060	DOTACION Y SUMINISTRO A TRABAJADORES 	4
171064	ELEMENTOS DE ROPERIA Y LENCERIA 	4
171068	LOZA Y CRISTALERIA 	4
171072	DESCUENTO EN COLOCACION DE BONOS 	4
171076	IMPUESTO DE RENTA DIFERIDO "DEBITOS" POR DIFERENCIAS 	4
171080	CONCURSOS Y LICITACIONES 	4
171095	OTROS 	4
171099	AJUSTES POR INFLACION 	4
1715	COSTOS DE EXPLORACION POR AMORTIZAR 	3
171505	POZOS SECOS 	4
171510	POZOS NO COMERCIALES 	4
171515	OTROS COSTOS DE EXPLORACION 	4
171599	AJUSTES POR INFLACION 	4
1720	COSTOS DE EXPLOTACION Y DESARROLLO 	3
172005	PERFORACION Y EXPLOTACION 	4
172010	PERFORACIONES CAMPOS EN DESARROLLO 	4
172015	FACILIDADES DE PRODUCCION 	4
172020	SERVICIO A POZOS 	4
172099	AJUSTES POR INFLACION 	4
1730	CARGOS POR CORRECCION MONETARIA DIFERIDA 	3
1798	AMORTIZACION ACUMULADA 	3
179805	COSTOS DE EXPLORACION POR AMORTIZAR 	4
179810	COSTOS DE EXPLOTACION Y DESARROLLO 	4
179899	AJUSTES POR INFLACION 	4
18	OTROS ACTIVOS 	2
1805	BIENES DE ARTE Y CULTURA 	3
180505	OBRAS DE ARTE 	4
180510	BIBLIOTECAS 	4
180595	OTROS 	4
180599	AJUSTES POR INFLACION 	4
1895	DIVERSOS 	3
189505	MAQUINAS PORTEADORAS 	4
189510	BIENES ENTREGADOS EN COMODATO 	4
189515	AMORTIZACION ACUMULADA DE BIENES ENTREGADOS EN COMODATO (CR) 	4
189520	BIENES RECIBIDOS EN PAGO 	4
189525	DERECHOS SUCESORALES 	4
189530	ESTAMPILLAS 	4
189595	OTROS 	4
189599	AJUSTES POR INFLACION 	4
1899	PROVISIONES 	3
189905	BIENES DE ARTE Y CULTURA 	4
189995	DIVERSOS 	4
19	VALORIZACIONES 	2
1905	DE INVERSIONES 	3
190505	ACCIONES 	4
190510	CUOTAS O PARTES DE INTERES SOCIAL 	4
190515	DERECHOS FIDUCIARIOS 	4
1910	DE PROPIEDADES PLANTA Y EQUIPO 	3
191004	TERRENOS 	4
191006	MATERIALES PROYECTOS PETROLEROS 	4
191008	CONSTRUCCIONES Y EDIFICACIONES 	4
191012	MAQUINARIA Y EQUIPO 	4
191016	EQUIPO DE OFICINA 	4
191020	EQUIPO DE COMPUTACION Y COMUNICACION 	4
191024	EQUIPO MEDICO CIENTIFICO 	4
191028	EQUIPO DE HOTELES Y RESTAURANTES 	4
191032	FLOTA Y EQUIPO DE TRANSPORTE 	4
191036	FLOTA Y EQUIPO FLUVIAL Y/O MARITIMO 	4
191040	FLOTA Y EQUIPO AEREO 	4
191044	FLOTA Y EQUIPO FERREO 	4
191048	ACUEDUCTOS PLANTAS Y REDES 	4
191052	ARMAMENTO DE VIGILANCIA 	4
191056	ENVASES Y EMPAQUES 	4
191060	PLANTACIONES AGRICOLAS Y FORESTALES 	4
191064	VIAS DE COMUNICACION 	4
191068	MINAS Y CANTERAS 	4
191072	POZOS ARTESIANOS 	4
191076	YACIMIENTOS 	4
191080	SEMOVIENTES 	4
1995	DE OTROS ACTIVOS 	3
199505	BIENES DE ARTE Y CULTURA 	4
199510	BIENES ENTREGADOS EN COMODATO 	4
199515	BIENES RECIBIDOS EN PAGO 	4
199520	INVENTARIO DE SEMOVIENTES 	4
2	PASIVO 	1
21	OBLIGACIONES FINANCIERAS 	2
2105	BANCOS NACIONALES 	3
210505	SOBREGIROS 	4
210510	PAGARES 	4
210515	CARTAS DE CREDITO 	4
210520	ACEPTACIONES BANCARIAS 	4
2110	BANCOS DEL EXTERIOR 	3
211005	SOBREGIROS 	4
211010	PAGARES 	4
211015	CARTAS DE CREDITO 	4
211020	ACEPTACIONES BANCARIAS 	4
2115	CORPORACIONES FINANCIERAS 	3
211505	PAGARES 	4
211510	ACEPTACIONES FINANCIERAS 	4
211515	CARTAS DE CREDITO 	4
2120	COMPAIAS DE FINANCIAMIENTO COMERCIAL 	3
212005	PAGARES 	4
212010	ACEPTACIONES FINANCIERAS 	4
2125	CORPORACIONES DE AHORRO Y VIVIENDA 	3
212505	SOBREGIROS 	4
212510	PAGARES 	4
212515	HIPOTECARIAS 	4
2130	ENTIDADES FINANCIERAS DEL EXTERIOR 	3
2135	COMPROMISOS DE RECOMPRA DE INVERSIONES NEGOCIADAS 	3
213505	ACCIONES 	4
213510	CUOTAS O PARTES DE INTERES SOCIAL 	4
213515	BONOS 	4
213520	CEDULAS 	4
213525	CERTIFICADOS 	4
213530	PAPELES COMERCIALES 	4
213535	TITULOS 	4
213540	ACEPTACIONES BANCARIAS O FINANCIERAS 	4
213595	OTROS 	4
2140	COMPROMISOS DE RECOMPRA DE CARTERA NEGOCIADA 	3
2145	OBLIGACIONES GUBERNAMENTALES 	3
214505	GOBIERNO NACIONAL 	4
214510	ENTIDADES OFICIALES 	4
2195	OTRAS OBLIGACIONES 	3
219505	PARTICULARES 	4
219510	COMPAIAS VINCULADAS 	4
219515	CASA MATRIZ 	4
219520	SOCIOS O ACCIONISTAS 	4
219525	FONDOS Y COOPERATIVAS 	4
219595	OTRAS 	4
22	PROVEEDORES 	2
2205	NACIONALES 	3
2210	DEL EXTERIOR 	3
2215	CUENTAS CORRIENTES COMERCIALES 	3
2220	CASA MATRIZ 	3
2225	COMPAIAS VINCULADAS 	3
23	CUENTAS POR PAGAR 	2
2305	CUENTAS CORRIENTES COMERCIALES 	3
2310	A CASA MATRIZ 	3
2315	A COMPAIAS VINCULADAS 	3
2320	A CONTRATISTAS 	3
2330	ORDENES DE COMPRA POR UTILIZAR 	3
2335	COSTOS Y GASTOS POR PAGAR 	3
233505	GASTOS FINANCIEROS 	4
233510	GASTOS LEGALES 	4
233515	LIBROS, SUSCRIPCIONES, PERIODICOS Y REVISTAS 	4
233520	COMISIONES 	4
233525	HONORARIOS 	4
233530	SERVICIOS TECNICOS 	4
233535	SERVICIOS DE MANTENIMIENTO 	4
233540	ARRENDAMIENTOS 	4
233545	TRANSPORTES, FLETES Y ACARREOS 	4
233550	SERVICIOS PUBLICOS 	4
233555	SEGUROS 	4
233560	GASTOS DE VIAJE 	4
233565	GASTOS DE REPRESENTACION Y RELACIONES PUBLICAS 	4
233570	SERVICIOS ADUANEROS 	4
233595	OTROS 	4
2340	INSTALAMENTOS POR PAGAR 	3
2345	ACREEDORES OFICIALES 	3
2350	REGALIAS POR PAGAR 	3
2355	DEUDAS CON ACCIONISTAS O SOCIOS 	3
235505	ACCIONISTAS 	4
235510	SOCIOS 	4
2360	DIVIDENDOS O PARTICIPACIONES POR PAGAR 	3
236005	DIVIDENDOS 	4
236010	PARTICIPACIONES 	4
2365	RETENCION EN LA FUENTE 	3
236505	SALARIOS Y PAGOS LABORALES 	4
236510	DIVIDENDOS Y/O PARTICIPACIONES 	4
236515	HONORARIOS 	4
236520	COMISIONES 	4
236525	SERVICIOS 	4
236530	ARRENDAMIENTOS 	4
236535	RENDIMIENTOS FINANCIEROS 	4
236540	COMPRAS 	4
236545	LOTERIAS, RIFAS, APUESTAS Y SIMILARES 	4
236550	POR PAGOS AL EXTERIOR 	4
236555	POR INGRESOS OBTENIDOS EN EL EXTERIOR 	4
236560	ENAJENACION PROPIEDADES PLANTA Y EQUIPO PERSONAS NATURALES 	4
236565	POR IMPUESTO DE TIMBRE 	4
236570	OTRAS RETENCIONES Y PATRIMONIO 	4
236575	AUTORRETENCIONES 	4
2370	RETENCIONES Y APORTES DE NOMINA 	3
237005	APORTES AL I.S.S. 	4
237010	APORTES AL I.C.B.F., SENA Y CAJAS DE COMPENSACION 	4
237015	APORTES AL F.I.C. 	4
237025	EMBARGOS JUDICIALES 	4
237030	LIBRANZAS 	4
237035	SINDICATOS 	4
237040	COOPERATIVAS 	4
237045	FONDOS 	4
237095	OTROS 	4
2375	CUOTAS POR DEVOLVER 	3
2380	ACREEDORES VARIOS 	3
238005	DEPOSITARIOS 	4
238010	COMISIONISTAS DE BOLSAS 	4
238015	SOCIEDAD ADMINISTRADORA - FONDOS DE INVERSION 	4
238020	REINTEGROS POR PAGAR 	4
238025	FONDO DE PERSEVERANCIA 	4
238030	FONDOS DE CESANTIAS Y/O PENSIONES 	4
238035	DONACIONES ASIGNADAS POR PAGAR 	4
238095	OTROS 	4
24	IMPUESTOS, GRAVAMENES Y TASAS 	2
2404	DE RENTA Y COMPLEMENTARIOS 	3
240405	VIGENCIA FISCAL CORRIENTE 	4
240410	VIGENCIAS FISCALES ANTERIORES 	4
2408	IMPUESTO SOBRE LAS VENTAS POR PAGAR 	3
2412	DE INDUSTRIA Y COMERCIO 	3
241205	VIGENCIA FISCAL CORRIENTE 	4
241210	VIGENCIAS FISCALES ANTERIORES 	4
2416	A LA PROPIEDAD RAIZ 	3
2420	DERECHOS SOBRE INSTRUMENTOS PUBLICOS 	3
2424	DE VALORIZACION 	3
242405	VIGENCIA FISCAL CORRIENTE 	4
242410	VIGENCIAS FISCALES ANTERIORES 	4
2428	DE TURISMO 	3
2432	TASA POR UTILIZACION DE PUERTOS 	3
2436	DE VEHICULOS 	3
243605	VIGENCIA FISCAL CORRIENTE 	4
243610	VIGENCIAS FISCALES ANTERIORES 	4
2440	DE ESPECTACULOS PUBLICOS 	3
2444	DE HIDROCARBUROS Y MINAS 	3
244405	DE HIDROCARBUROS 	4
244410	DE MINAS 	4
2448	REGALIAS E IMPUESTOS A LA PEQUEA Y MEDIANA MINERIA 	3
2452	A LAS EXPORTACIONES CAFETERAS 	3
2456	A LAS IMPORTACIONES 	3
2460	CUOTAS DE FOMENTO 	3
2464	DE LICORES, CERVEZAS Y CIGARRILLOS 	3
246405	DE LICORES 	4
246410	DE CERVEZAS 	4
246415	DE CIGARRILLOS 	4
2468	AL SACRIFICIO DE GANADO 	3
2472	AL AZAR Y JUEGOS 	3
2495	OTROS 	3
25	OBLIGACIONES LABORALES 	2
2505	SALARIOS POR PAGAR 	3
2510	CESANTIAS CONSOLIDADAS 	3
251005	LEY LABORAL ANTERIOR 	4
251010	LEY 50 DE 1990 Y NORMAS POSTERIORES 	4
2515	INTERESES SOBRE CESANTIAS 	3
2520	PRIMA DE SERVICIOS 	3
2525	VACACIONES CONSOLIDADAS 	3
252501	a 252598 	4
2530	PRESTACIONES EXTRALEGALES 	3
253005	PRIMAS 	4
253010	AUXILIOS 	4
253015	DOTACION Y SUMINISTRO A TRABAJADORES 	4
253020	BONIFICACIONES 	4
253025	SEGUROS 	4
253095	OTRAS 	4
2532	PENSIONES POR PAGAR 	3
2535	CUOTAS PARTES PENSIONES DE JUBILACION 	3
2540	INDEMNIZACIONES LABORALES 	3
26	PASIVOS ESTIMADOS Y PROVISIONES 	2
2605	PARA COSTOS Y GASTOS 	3
260505	INTERESES 	4
260510	COMISIONES 	4
260515	HONORARIOS 	4
260520	SERVICIOS TECNICOS 	4
260525	TRANSPORTES, FLETES Y ACARREOS 	4
260530	GASTOS DE VIAJE 	4
260535	SERVICIOS PUBLICOS 	4
260540	REGALIAS 	4
260545	GARANTIAS 	4
260550	MATERIALES Y REPUESTOS 	4
260595	OTROS 	4
2610	PARA OBLIGACIONES LABORALES 	3
261005	CESANTIAS 	4
261010	INTERESES SOBRE CESANTIAS 	4
261015	VACACIONES 	4
261020	PRIMA DE SERVICIOS 	4
261025	PRESTACIONES EXTRALEGALES 	4
261030	VIATICOS 	4
261095	OTRAS 	4
2615	PARA OBLIGACIONES FISCALES 	3
261505	DE RENTA Y COMPLEMENTARIOS 	4
261510	DE INDUSTRIA Y COMERCIO 	4
261515	TASA POR UTILIZACION DE PUERTOS 	4
261520	DE VEHICULOS 	4
261525	DE HIDROCARBUROS Y MINAS 	4
261595	OTROS 	4
2620	PENSIONES DE JUBILACION 	3
262005	CALCULO ACTUARIAL PENSIONES DE JUBILACION 	4
262010	PENSIONES DE JUBILACION POR AMORTIZAR (DB) 	4
2625	PARA OBRAS DE URBANISMO 	3
262505	ACUEDUCTO Y ALCANTARILLADO 	4
262510	ENERGIA ELECTRICA 	4
262515	TELEFONOS 	4
262595	OTROS 	4
2630	PARA MANTENIMIENTO Y REPARACIONES 	3
263005	TERRENOS 	4
263010	CONSTRUCCIONES Y EDIFICACIONES 	4
263015	MAQUINARIA Y EQUIPO 	4
263020	EQUIPO DE OFICINA 	4
263025	EQUIPO DE COMPUTACION Y COMUNICACION 	4
263030	EQUIPO MEDICO - CIENTIFICO 	4
263035	EQUIPO DE HOTELES Y RESTAURANTES 	4
263040	FLOTA Y EQUIPO DE TRANSPORTE 	4
330505	RESERVA LEGAL 	4
263045	FLOTA Y EQUIPO FLUVIAL Y/O MARITIMO 	4
263050	FLOTA Y EQUIPO AEREO 	4
263055	FLOTA Y EQUIPO FERREO 	4
263060	ACUEDUCTOS PLANTAS Y REDES 	4
263065	ARMAMENTO DE VIGILANCIA 	4
263070	ENVASES Y EMPAQUES 	4
263075	PLANTACIONES AGRICOLAS Y FORESTALES 	4
263080	VIAS DE CUMUNICACION 	4
263085	POZOS ARTESIANOS 	4
263095	OTROS 	4
2635	PARA CONTINGENCIAS 	3
263505	MULTAS Y SANCIONES AUTORIDADES ADMINISTRATIVAS 	4
263510	INTERESES POR MULTAS Y SANCIONES 	4
263515	RECLAMOS 	4
263520	LABORALES 	4
263525	CIVILES 	4
263530	PENALES 	4
263535	ADMINISTRATIVOS 	4
263540	COMERCIALES 	4
263595	OTRAS 	4
2640	PARA OBLIGACIONES DE GARANTIAS 	3
2695	PROVISIONES DIVERSAS 	3
269505	PARA BENEFICENCIA 	4
269510	PARA COMUNICACIONES 	4
269515	PARA PERDIDA EN TRANSPORTE 	4
269520	PARA OPERACION 	4
269525	PARA PROTECCION DE BIENES AGOTABLES 	4
269530	PARA AJUSTES EN REDENCION DE UNIDADES 	4
269535	AUTOSEGURO 	4
269540	PLANES Y PROGRAMAS DE REFORESTACION Y ELECTRIFICACION 	4
269595	OTRAS 	4
27	DIFERIDOS 	2
2705	INGRESOS RECIBIDOS POR ANTICIPADO 	3
270505	INTERESES 	4
270510	COMISIONES 	4
270515	ARRENDAMIENTOS 	4
270520	HONORARIOS 	4
270525	SERVICIOS TECNICOS 	4
270530	DE SUSCRIPTORES 	4
270535	TRANSPORTES, FLETES Y ACARREOS 	4
270540	MERCANCIA EN TRANSITO YA VENDIDA 	4
270545	MATRICULAS Y PENSIONES 	4
270550	CUOTAS DE ADMINISTRACION 	4
270595	OTROS 	4
2710	ABONOS DIFERIDOS 	3
271005	REAJUSTE DEL SISTEMA 	4
2715	UTILIDAD DIFERIDA EN VENTAS A PLAZOS 	3
2720	CREDITO POR CORRECCION MONETARIA DIFERIDA 	3
2725	IMPUESTOS DIFERIDOS 	3
272505	POR DEPRECIACION FLEXIBLE 	4
272595	DIVERSOS 	4
272599	AJUSTES POR INFLACION 	4
28	OTROS PASIVOS 	2
2805	ANTICIPOS Y AVANCES RECIBIDOS 	3
280505	DE CLIENTES 	4
280510	SOBRE CONTRATOS 	4
280515	PARA OBRAS EN PROCESO 	4
280595	OTROS 	4
2810	DEPOSITOS RECIBIDOS 	3
281005	PARA FUTURA SUSCRIPCION DE ACCIONES 	4
281010	PARA FUTURO PAGO DE CUOTAS O DERECHOS SOCIALES 	4
281015	PARA GARANTIA EN LA PRESTACION DE SERVICIOS 	4
281020	PARA GARANTIA DE CONTRATOS 	4
281025	DE LICITACIONES 	4
281030	DE MANEJO DE BIENES 	4
281035	FONDO DE RESERVA 	4
281095	OTROS 	4
2815	INGRESOS RECIBIDOS PARA TERCEROS 	3
281505	VALORES RECIBIDOS PARA TERCEROS 	4
281510	VENTA POR CUENTA DE TERCEROS 	4
2820	CUENTAS DE OPERACION CONJUNTA 	3
2825	RETENCIONES A TERCEROS SOBRE CONTRATOS 	3
282505	CUMPLIMIENTO OBLIGACIONES LABORALES 	4
282510	PARA ESTABILIDAD DE OBRA 	4
282515	GARANTIA CUMPLIMIENTO DE CONTRATOS 	4
2830	EMBARGOS JUDICIALES 	3
283005	INDEMNIZACIONES 	4
283010	DEPOSITOS JUDICIALES 	4
2835	ACREEDORES DEL SISTEMA 	3
283505	CUOTAS NETAS 	4
283510	GRUPOS EN FORMACION 	4
2840	CUENTAS EN PARTICIPACION 	3
2895	DIVERSOS 	3
289505	PRESTAMOS DE PRODUCTOS 	4
289510	REEMBOLSO DE COSTOS EXPLORATORIOS 	4
289515	PROGRAMA DE EXTENSION AGROPECUARIA 	4
29	BONOS Y PAPELES COMERCIALES 	2
2905	BONOS EN CIRCULACION 	3
290505	GARANTIA GENERAL 	4
290510	GARANTIA ESPECIFICA 	4
2910	BONOS OBLIGATORIAMENTE CONVERTIBLES EN ACCIONES 	3
2915	PAPELES COMERCIALES 	3
3	PATRIMONIO 	1
31	CAPITAL SOCIAL 	2
3105	CAPITAL SUSCRITO Y PAGADO 	3
310505	CAPITAL AUTORIZADO 	4
310510	CAPITAL POR SUSCRIBIR (DB) 	4
310515	CAPITAL SUSCRITO POR COBRAR (DB) 	4
3110	ACCIONES, CUOTAS O PARTES DE INTERES SOCIAL PROPIAS READQUIRIDAS (DB) 	3
311005	ACCIONES PROPIAS READQUIRIDAS (DB) 	4
311010	CUOTAS O PARTES DE INTERES SOCIAL PROPIAS READQUIRIDAS (DB) 	4
3115	APORTES SOCIALES 	3
311505	CUOTAS O PARTES DE INTERES SOCIAL 	4
311510	APORTES DE SOCIOS - FONDO MUTUO DE INVERSION 	4
311515	CONTRIBUCION DE LA EMPRESA - FONDO MUTUO DE INVERSION 	4
311520	SUSCRIPCIONES DEL PUBLICO 	4
3120	CAPITAL ASIGNADO 	3
3125	INVERSION SUPLEMENTARIA AL CAPITAL ASIGNADO 	3
3130	CAPITAL DE PERSONAS NATURALES 	3
3135	APORTES DEL ESTADO 	3
3140	FONDO SOCIAL 	3
32	SUPERAVIT DE CAPITAL 	2
3205	PRIMA EN COLOCACION DE ACCIONES, CUOTAS O PARTES DE INTERES 	3
320505	PRIMA EN COLOCACION DE ACCIONES 	4
320510	PRIMA EN COLOCACION DE ACCIONES POR COBRAR (DB) 	4
320515	PRIMA EN COLOCACION DE CUOTAS O PARTES DE INTERES SOCIAL 	4
3210	DONACIONES 	3
321005	EN DINERO 	4
321010	EN VALORES MOBILIARIOS 	4
321015	EN BIENES MUEBLES 	4
321020	EN BIENES INMUEBLES 	4
321025	EN INTANGIBLES 	4
3215	CREDITO MERCANTIL 	3
33	RESERVAS 	2
3305	RESERVAS OBLIGATORIAS 	3
330510	RESERVAS POR DISPOSICIONES FISCALES 	4
330515	RESERVA PARA READQUISICION DE ACCIONES 	4
330517	RESERVA PARA READQUISICION DE CUOTAS O PARTES DE INTERES SOCIAL 	4
330520	RESERVA PARA EXTENSION AGROPECUARIA 	4
330525	RESERVA LEY 7a. DE 1990 	4
424025	CERTIFICADOS 	4
330530	RESERVA PARA REPOSICION DE SEMOVIENTES 	4
330535	RESERVA LEY 4a DE 1980 	4
330595	OTRAS 	4
3310	RESERVAS ESTATUTARIAS 	3
331005	PARA FUTURAS CAPITALIZACIONES 	4
331010	PARA REPOSICION DE ACTIVOS 	4
331015	PARA FUTUROS ENSANCHES 	4
331095	OTRAS 	4
3315	RESERVAS OCASIONALES 	3
331505	PARA BENEFICENCIA Y CIVISMO 	4
331510	PARA FUTURAS CAPITALIZACIONES 	4
331515	PARA FUTUROS ENSANCHES 	4
331520	PARA ADQUISICION O REPOSICION DE PROPIEDADES PLANTA Y EQUIPO 	4
331525	PARA INVESTIGACIONES Y DESARROLLO 	4
331530	PARA FOMENTO ECONOMICO 	4
331535	PARA CAPITAL DE TRABAJO 	4
331540	PARA ESTABILIZACION DE RENDIMIENTOS 	4
331545	A DISPOSICION DEL MAXIMO ORGANO SOCIAL 	4
331595	OTRAS 	4
34	REVALORIZACION DEL PATRIMONIO 	2
3405	AJUSTES POR INFLACION 	3
340505	DE CAPITAL SOCIAL 	4
340510	DE SUPERAVIT DE CAPITAL 	4
340515	DE RESERVAS 	4
340520	DE RESULTADOS DE EJERCICIOS ANTERIORES 	4
340525	DE ACTIVOS EN PERIODO IMPRODUCTIVO 	4
3410	SANEAMIENTO FISCAL 	3
3415	AJUSTES POR INFLACION DECRETO 3019 DE 1989 	3
35	DIVIDENDOS O PARTICIPACIONES DECRETADOS EN ACCIONES, CUOTAS O PARTES 	2
3505	DIVIDENDOS DECRETADOS EN ACCIONES 	3
3510	PARTICIPACIONES DECRETADAS EN CUOTAS O PARTES DE INTERES SOCIAL 	3
36	RESULTADOS DEL EJERCICIO 	2
3605	UTILIDAD DEL EJERCICIO 	3
360505	UTILIDAD DEL EJERCICIO 	4
360510	UTILIDAD POR EXPOSICION A LA INFLACION 	4
3610	PERDIDA DEL EJERCICIO 	3
361005	PERDIDA DEL EJERCICIO 	4
361010	PERDIDA POR EXPOSICION A LA INFLACION 	4
37	RESULTADOS DE EJERCICIOS ANTERIORES 	2
3705	UTILIDADES O EXCEDENTES ACUMULADOS 	3
3710	PERDIDAS ACUMULADAS 	3
38	SUPERAVIT POR VALORIZACIONES 	2
3805	DE INVERSIONES 	3
380505	ACCIONES 	4
380510	CUOTAS O PARTES DE INTERES SOCIAL 	4
380515	DERECHOS FIDUCIARIOS 	4
3810	DE PROPIEDADES PLANTA Y EQUIPO 	3
381004	TERRENOS 	4
381006	MATERIALES PROYECTOS PETROLEROS 	4
381008	CONSTRUCCIONES Y EDIFICACIONES 	4
381012	MAQUINARIA Y EQUIPO 	4
381016	EQUIPO DE OFICINA 	4
381020	EQUIPO DE COMPUTACION Y COMUNICACION 	4
381024	EQUIPO MEDICO CIENTIFICO 	4
381028	EQUIPO DE HOTELES Y RESTAURANTES 	4
381032	FLOTA Y EQUIPO DE TRANSPORTE 	4
381036	FLOTA Y EQUIPO FLUVIAL Y/O MARITIMO 	4
381040	FLOTA Y EQUIPO AEREO 	4
381044	FLOTA Y EQUIPO FERREO 	4
381048	ACUEDUCTOS PLANTAS Y REDES 	4
381052	ARMAMENTO DE VIGILANCIA 	4
381056	ENVASES Y EMPAQUES 	4
381060	PLANTACIONES AGRICOLAS Y FORESTALES 	4
381064	VIAS DE COMUNICACION 	4
381068	MINAS Y CANTERAS 	4
381072	POZOS ARTESIANOS 	4
381076	YACIMIENTOS 	4
381080	SEMOVIENTES 	4
3895	DE OTROS ACTIVOS 	3
389505	BIENES DE ARTE Y CULTURA 	4
389510	BIENES ENTREGADOS EN COMODATO 	4
389515	BIENES RECIBIDOS EN PAGO 	4
389520	INVENTARIO DE SEMOVIENTES 	4
4	INGRESOS 	1
41	OPERACIONALES 	2
4105	AGRICULTURA, GANADERIA, CAZA Y SILVICULTURA 	3
410510	CULTIVOS DE HORTALIZAS, LEGUMBRES Y PLANTAS ORNAMENTALES 	4
410515	CULTIVOS DE FRUTAS, NUECES Y PLANTAS AROMATICAS 	4
410520	CULTIVO DE CAFE 	4
410525	CULTIVO DE FLORES 	4
410530	CULTIVO DE CAA DE AZUCAR 	4
410535	CULTIVO DE ALGODON Y PLANTAS PARA MATERIAL TEXTIL 	4
410540	CULTIVO DE BANANO 	4
410545	OTROS CULTIVOS AGRICOLAS 	4
410550	CRIA DE OVEJAS, CABRAS, ASNOS, MULAS Y BURDEGANOS 	4
410555	CRIA DE GANADO CABALLAR Y VACUNO. 	4
410560	PRODUCCION AVICOLA 	4
410565	CRIA DE OTROS ANIMALES 	4
410570	SERVICIOS AGRICOLAS Y GANADEROS 	4
410575	ACTIVIDAD DE CAZA 	4
410580	ACTIVIDAD DE SILVICULTURA 	4
410599	AJUSTES POR INFLACION 	4
4110	PESCA 	3
411005	ACTIVIDAD DE PESCA 	4
411010	EXPLOTACION DE CRIADEROS DE PECES 	4
411095	ACTIVIDADES CONEXAS 	4
411099	AJUSTES POR INFLACION 	4
4115	EXPLOTACION DE MINAS Y CANTERAS 	3
411505	CARBON 	4
411510	PETROLEO CRUDO 	4
411512	GAS NATURAL 	4
411514	SERVICIOS RELACIONADOS CON EXTRACCION DE PETROLEO Y GAS 	4
411515	MINERALES DE HIERRO 	4
411520	MINERALES METALIFEROS NO FERROSOS 	4
411525	PIEDRA, ARENA Y ARCILLA 	4
411527	PIEDRAS PRECIOSAS 	4
411528	ORO 	4
411530	OTRAS MINAS Y CANTERAS 	4
411532	PRESTACION DE SERVICIOS SECTOR MINERO 	4
411595	ACTIVIDADES CONEXAS 	4
411599	AJUSTES POR INFLACION 	4
4120	INDUSTRIAS MANUFACTURERAS 	3
412001	PRODUCCION Y PROCESAMIENTO DE CARNES Y PRODUCTOS CARNICOS 	4
412002	PRODUCTOS DE PESCADO 	4
412003	PRODUCTOS DE FRUTAS, LEGUMBRES Y HORTALIZAS 	4
412004	ELABORACION DE ACEITES Y GRASAS 	4
412005	ELABORACION DE PRODUCTOS LACTEOS 	4
412006	ELABORACION DE PRODUCTOS DE MOLINERIA 	4
412007	ELABORACION DE ALMIDONES Y DERIVADOS 	4
412008	ELABORACION DE ALIMENTOS PARA ANIMALES 	4
412009	ELABORACION DE PRODUCTOS PARA PANADERIA 	4
412010	ELABORACION DE AZUCAR Y MELAZAS 	4
412011	ELABORACION DE CACAO, CHOCOLATE Y CONFITERIA 	4
412012	ELABORACION DE PASTAS Y PRODUCTOS FARINACEOS 	4
412013	ELABORACION DE PRODUCTOS DE CAFE 	4
412014	ELABORACION DE OTROS PRODUCTOS ALIMENTICIOS 	4
412015	ELABORACION DE BEBIDAS ALCOHOLICAS Y ALCOHOL ETILICO 	4
412016	ELABORACION DE VINOS 	4
412017	ELABORACION DE BEBIDAS MALTEADAS Y DE MALTA 	4
412018	ELABORACION DE BEBIDAS NO ALCOHOLICAS 	4
412019	ELABORACION DE PRODUCTOS DE TABACO 	4
412020	PREPARACION E HILATURA DE FIBRAS TEXTILES Y TEJEDURIA 	4
412021	ACABADO DE PRODUCTOS TEXTILES 	4
412022	ELABORACION DE ARTICULOS DE MATERIALES TEXTILES 	4
412023	ELABORACION DE TAPICES Y ALFOMBRAS 	4
412024	ELABORACION DE CUERDAS, CORDELES, BRAMANTES Y REDES 	4
412025	ELABORACION DE OTROS PRODUCTOS TEXTILES 	4
412026	ELABORACION DE TEJIDOS 	4
412027	ELABORACION DE PRENDAS DE VESTIR 	4
412028	PREPARACION, ADOBO Y TEIDO DE PIELES 	4
412029	CURTIDO, ADOBO O PREPARACION DE CUERO 	4
412030	ELABORACION DE MALETAS, BOLSOS Y SIMILARES 	4
412031	ELABORACION DE CALZADO 	4
412032	PRODUCCION DE MADERA, ARTICULOS DE MADERA Y CORCHO 	4
412033	ELABORACION DE PASTA Y PRODUCTOS DE MADERA, PAPEL Y CARTON 	4
412034	EDICIONES Y PUBLICACIONES 	4
412035	IMPRESION 	4
412036	SERVICIOS RELACIONADOS CON LA EDICION Y LA IMPRESION 	4
412037	REPRODUCCION DE GRABACIONES 	4
412038	ELABORACION DE PRODUCTOS DE HORNO DE COQUE 	4
412039	ELABORACION DE PRODUCTOS DE LA REFINACION DE PETROLEO 	4
412040	ELABORACION DE SUSTANCIAS QUIMICAS BASICAS 	4
412041	ELABORACION DE ABONOS Y COMPUESTOS DE NITROGENO 	4
412042	ELABORACION DE PLASTICO Y CAUCHO SINTETICO 	4
412043	ELABORACION DE PRODUCTOS QUIMICOS DE USO AGROPECUARIO 	4
412044	ELABORACION DE PINTURAS, TINTAS Y MASILLAS 	4
412045	ELABORACION DE PRODUCTOS FARMACEUTICOS Y BOTANICOS 	4
412046	ELABORACION DE JABONES, DETERGENTES Y PREPARADOS DE TOCADOR 	4
412047	ELABORACION DE OTROS PRODUCTOS QUIMICOS 	4
412048	ELABORACION DE FIBRAS 	4
412049	ELABORACION DE OTROS PRODUCTOS DE CAUCHO 	4
412050	ELABORACION DE PRODUCTOS DE PLASTICO 	4
412051	ELABORACION DE VIDRIO Y PRODUCTOS DE VIDRIO 	4
412052	ELABORACION DE PRODUCTOS DE CERAMICA, LOZA, PIEDRA, ARCILLA Y PORCELANA 	4
412053	ELABORACION DE CEMENTO, CAL Y YESO 	4
412054	ELABORACION DE ARTICULOS DE HORMIGON, CEMENTO Y YESO 	4
412055	CORTE, TALLADO Y ACABADO DE LA PIEDRA 	4
412056	ELABORACION DE OTROS PRODUCTOS MINERALES NO METALICOS 	4
412057	INDUSTRIAS BASICAS Y FUNDICION DE HIERRO Y ACERO 	4
412058	PRODUCTOS PRIMARIOS DE METALES PRECIOSOS Y DE METALES NO FERROSOS 	4
412059	FUNDICION DE METALES NO FERROSOS 	4
412060	FABRICACION DE PRODUCTOS METALICOS PARA USO ESTRUCTURAL 	4
412061	FORJA, PRENSADO, ESTAMPADO, LAMINADO DE METAL Y PULVIMETALURGIA 	4
412062	REVESTIMIENTO DE METALES Y OBRAS DE INGENIERIA MECANICA 	4
412063	FABRICACION DE ARTICULOS DE FERRETERIA 	4
412064	ELABORACION DE OTROS PRODUCTOS DE METAL 	4
412065	FABRICACION DE MAQUINARIA Y EQUIPO 	4
412066	FABRICACION DE EQUIPOS DE ELEVACION Y MANIPULACION 	4
412067	ELABORACION DE APARATOS DE USO DOMESTICO 	4
412068	ELABORACION DE EQUIPO DE OFICINA 	4
412069	ELABORACION DE PILAS Y BATERIAS PRIMARIAS 	4
412070	ELABORACION DE EQUIPO DE ILUMINACION 	4
412071	ELABORACION DE OTROS TIPOS DE EQUIPO ELECTRICO 	4
412072	FABRICACION DE EQUIPOS DE RADIO, TELEVISION Y COMUNICACIONES 	4
412073	FABRICACION DE APARATOS E INSTRUMENTOS MEDICOS 	4
412074	FABRICACION DE INSTRUMENTOS DE MEDICION Y CONTROL 	4
412075	FABRICACION DE INSTRUMENTOS DE OPTICA Y EQUIPO FOTOGRAFICO 	4
412076	FABRICACION DE RELOJES 	4
412077	FABRICACION DE VEHICULOS AUTOMOTORES 	4
412078	FABRICACION DE CARROCERIAS PARA AUTOMOTORES 	4
412079	FABRICACION DE PARTES PIEZAS Y ACCESORIOS PARA AUTOMOTORES 	4
412080	FABRICACION Y REPARACION DE BUQUES Y OTRAS EMBARCACIONES 	4
412081	FABRICACION DE LOCOMOTORAS Y MATERIAL RODANTE PARA FERROCARRILES 	4
412082	FABRICACION DE AERONAVES 	4
412083	FABRICACION DE MOTOCICLETAS 	4
412084	FABRICACION DE BICICLETAS Y SILLAS DE RUEDAS 	4
412085	FABRICACION DE OTROS TIPOS DE TRANSPORTE 	4
412086	FABRICACION DE MUEBLES 	4
412087	FABRICACION DE JOYAS Y ARTICULOS CONEXOS 	4
412088	FABRICACION DE INSTRUMENTOS DE MUSICA 	4
412089	FABRICACION DE ARTICULOS Y EQUIPO PARA DEPORTE 	4
412090	FABRICACION DE JUEGOS Y JUGUETES 	4
412091	RECICLAMIENTO DE DESPERDICIOS 	4
412095	PRODUCTOS DE OTRAS INDUSTRIAS MANUFACTURERAS 	4
412099	AJUSTES POR INFLACION 	4
4125	SUMINISTRO DE ELECTRICIDAD, GAS Y AGUA 	3
412505	GENERACION, CAPTACION Y DISTRIBUCION DE ENERGIA ELECTRICA 	4
412510	FABRICACION DE GAS Y DISTRIBUCION DE COMBUSTIBLES GASEOSOS 	4
412515	CAPTACION, DEPURACION Y DISTRIBUCION DE AGUA 	4
412599	AJUSTES POR INFLACION 	4
4130	CONSTRUCCION 	3
413005	PREPARACION DE TERRENOS 	4
413010	CONSTRUCCION DE EDIFICIOS Y OBRAS DE INGENIERIA CIVIL 	4
413015	ACONDICIONAMIENTO DE EDIFICIOS 	4
413020	TERMINACION DE EDIFICACIONES 	4
413025	ALQUILER DE EQUIPO CON OPERARIOS 	4
413095	ACTIVIDADES CONEXAS 	4
413099	AJUSTES POR INFLACION 	4
4135	COMERCIO AL POR MAYOR Y AL POR MENOR 	3
413502	VENTA DE VEHICULOS AUTOMOTORES 	4
413504	MANTENIMIENTO, REPARACION Y LAVADO DE VEHICULOS AUTOMOTORES 	4
413506	VENTA DE PARTES, PIEZAS Y ACCESORIOS DE VEHICULOS AUTOMOTORES 	4
413508	VENTA DE COMBUSTIBLES SOLIDOS, LIQUIDOS, GASEOSOS 	4
413510	VENTA DE LUBRICANTES, ADITIVOS, LLANTAS Y LUJOS PARA AUTOMOTORES 	4
413512	VENTA A CAMBIO DE RETRIBUCION O POR CONTRATA 	4
413514	VENTA DE INSUMOS, MATERIAS PRIMAS AGROPECUARIAS Y FLORES 	4
413516	VENTA DE OTROS INSUMOS Y MATERIAS PRIMAS NO AGROPECUARIAS 	4
413518	VENTA DE ANIMALES VIVOS Y CUEROS 	4
413520	VENTA DE PRODUCTOS EN ALMACENES NO ESPECIALIZADOS 	4
413522	VENTA DE PRODUCTOS AGROPECUARIOS 	4
413524	VENTA DE PRODUCTOS TEXTILES, DE VESTIR, DE CUERO Y CALZADO 	4
413526	VENTA DE PAPEL Y CARTON 	4
413528	VENTA DE LIBROS, REVISTAS, ELEMENTOS DE PAPELERIA, UTILES Y TEXTOS ESCOL 	4
413530	VENTA DE JUEGOS, JUGUETES Y ARTICULOS DEPORTIVOS 	4
413532	VENTA DE INSTRUMENTOS QUIRURGICOS Y ORTOPEDICOS 	4
413534	VENTA DE ARTICULOS EN RELOJERIAS Y JOYERIAS 	4
413536	VENTA DE ELECTRODOMESTICOS Y MUEBLES 	4
413538	VENTA DE PRODUCTOS DE ASEO, FARMACEUTICOS, MEDICINALES, Y ARTICULOS 	4
413540	VENTA DE CUBIERTOS, VAJILLAS, CRISTALERIA, PORCELANAS, CERAMICAS Y OTROS 	4
413542	VENTA DE MATERIALES DE CONSTRUCCION, FONTANERIA Y CALEFACCION 	4
413544	VENTA DE PINTURAS Y LACAS 	4
413546	VENTA DE PRODUCTOS DE VIDRIOS Y MARQUETERIA 	4
413548	VENTA DE HERRAMIENTAS Y ARTICULOS DE FERRETERIA 	4
413550	VENTA DE QUIMICOS 	4
413552	VENTA DE PRODUCTOS INTERMEDIOS, DESPERDICIOS Y DESECHOS 	4
413554	VENTA DE MAQUINARIA, EQUIPO DE OFICINA Y PROGRAMAS DE COMPUTADOR 	4
413556	VENTA DE ARTICULOS EN CACHARRERIAS Y MISCELANEAS 	4
413558	VENTA DE INSTRUMENTOS MUSICALES 	4
413560	VENTA DE ARTICULOS EN CASAS DE EMPEO Y PRENDERIAS 	4
413562	VENTA DE EQUIPO FOTOGRAFICO 	4
413564	VENTA DE EQUIPO OPTICO Y DE PRECISION 	4
413566	VENTA DE EMPAQUES 	4
413568	VENTA DE EQUIPO PROFESIONAL Y CIENTIFICO 	4
413570	VENTA DE LOTERIAS, RIFAS, CHANCE, APUESTAS Y SIMILARES 	4
413572	REPARACION DE EFECTOS PERSONALES Y ELECTRODOMESTICOS 	4
413595	VENTA DE OTROS PRODUCTOS 	4
413599	AJUSTES POR INFLACION 	4
4140	HOTELES Y RESTAURANTES 	3
414005	HOTELERIA 	4
414010	CAMPAMENTO Y OTROS TIPOS DE HOSPEDAJE 	4
414015	RESTAURANTES 	4
414020	BARES Y CANTINAS 	4
414095	ACTIVIDADES CONEXAS 	4
414099	AJUSTES POR INFLACION 	4
4145	TRANSPORTE, ALMACENAMIENTO Y COMUNICACIONES 	3
414505	SERVICIO DE TRANSPORTE POR CARRETERA 	4
414510	SERVICIO DE TRANSPORTE POR VIA FERREA 	4
414515	SERVICIO DE TRANSPORTE POR VIA ACUATICA 	4
414520	SERVICIO DE TRANSPORTE POR VIA AEREA 	4
414525	SERVICIO DE TRANSPORTE POR TUBERIAS 	4
414530	MANIPULACION DE CARGA 	4
414535	ALMACENAMIENTO Y DEPOSITO 	4
414540	SERVICIOS COMPLEMENTARIOS PARA EL TRANSPORTE 	4
414545	AGENCIAS DE VIAJE 	4
414550	OTRAS AGENCIAS DE TRANSPORTE 	4
414555	SERVICIO POSTAL Y DE CORREO 	4
414560	SERVICIO TELEFONICO 	4
414565	SERVICIO DE TELEGRAFO 	4
414570	SERVICIO DE TRANSMISION DE DATOS 	4
414575	SERVICIO DE RADIO Y TELEVISION POR CABLE 	4
414580	TRANSMISION DE SONIDO E IMAGENES POR CONTRATO 	4
414595	ACTIVIDADES CONEXAS 	4
414599	AJUSTES POR INFLACION 	4
4150	ACTIVIDAD FINANCIERA 	3
415005	VENTA DE INVERSIONES 	4
415010	DIVIDENDOS DE SOCIEDADES ANONIMAS Y/O ASIMILADAS 	4
415015	PARTICIPACIONES DE SOCIEDADES LIMITADAS Y/O ASIMILADAS 	4
415020	INTERESES 	4
415025	REAJUSTE MONETARIO - UPAC 	4
415030	COMISIONES 	4
415035	OPERACIONES DE DESCUENTO 	4
415040	CUOTAS DE INSCRIPCION - CONSORCIOS 	4
415045	CUOTAS DE ADMINISTRACION - CONSORCIOS 	4
415050	REAJUSTE DEL SISTEMA - CONSORCIOS 	4
415055	ELIMINACION DE SUSCRIPTORES - CONSORCIOS 	4
415060	CUOTAS DE INGRESO O RETIRO - SOCIEDAD ADMINISTRADORA 	4
415065	SERVICIOS A COMISIONISTAS 	4
415070	INSCRIPCIONES Y CUOTAS 	4
415075	RECUPERACION DE GARANTIAS 	4
415095	ACTIVIDADES CONEXAS 	4
415099	AJUSTES POR INFLACION 	4
4155	ACTIVIDADES INMOBILIARIAS, EMPRESARIALES Y DE ALQUILER 	3
415505	ARRENDAMIENTOS DE BIENES INMUEBLES 	4
415510	INMOBILIARIAS POR RETRIBUCION O CONTRATA 	4
415515	ALQUILER EQUIPO DE TRANSPORTE 	4
415520	ALQUILER MAQUINARIA Y EQUIPO 	4
415525	ALQUILER DE EFECTOS PERSONALES Y ENSERES DOMESTICOS 	4
415530	CONSULTORIA EN EQUIPO Y PROGRAMAS DE INFORMATICA 	4
415535	PROCESAMIENTO DE DATOS 	4
415540	MANTENIMIENTO Y REPARACION DE MAQUINARIA DE OFICINA 	4
415545	INVESTIGACIONES CIENTIFICAS Y DE DESARROLLO 	4
415550	ACTIVIDADES EMPRESARIALES DE CONSULTORIA 	4
415555	PUBLICIDAD 	4
415560	DOTACION DE PERSONAL 	4
415565	INVESTIGACION Y SEGURIDAD 	4
415570	LIMPIEZA DE INMUEBLES 	4
415575	FOTOGRAFIA 	4
415580	ENVASE Y EMPAQUE 	4
415585	FOTOCOPIADO 	4
415590	MANTENIMIENTO Y REPARACION DE MAQUINARIA Y EQUIPO 	4
415595	ACTIVIDADES CONEXAS 	4
415599	AJUSTES POR INFLACION 	4
4160	ENSEANZA 	3
416005	ACTIVIDADES RELACIONADAS CON LA EDUCACION 	4
416095	ACTIVIDADES CONEXAS 	4
416099	AJUSTES POR INFLACION 	4
4165	SERVICIOS SOCIALES Y DE SALUD 	3
416505	SERVICIO HOSPITALARIO 	4
416510	SERVICIO MEDICO 	4
416515	SERVICIO ODONTOLOGICO 	4
416520	SERVICIO DE LABORATORIO 	4
416525	ACTIVIDADES VETERINARIAS 	4
416530	ACTIVIDADES DE SERVICIOS SOCIALES 	4
416595	ACTIVIDADES CONEXAS 	4
416599	AJUSTES POR INFLACION 	4
4170	OTRAS ACTIVIDADES DE SERVICIOS COMUNITARIOS, SOCIALES Y PERSONALES 	3
417005	ELIMINACION DE DESPERDICIOS Y AGUAS RESIDUALES 	4
417010	ACTIVIDADES DE ASOCIACION 	4
417015	PRODUCCION Y DISTRIBUCION DE FILMES Y VIDEOCINTAS 	4
417020	EXHIBICION DE FILMES Y VIDEOCINTAS 	4
417025	ACTIVIDAD DE RADIO Y TELEVISION 	4
417030	ACTIVIDAD TEATRAL, MUSICAL Y ARTISTICA 	4
417035	GRABACION Y PRODUCCION DE DISCOS 	4
417040	ENTRETENIMIENTO Y ESPARCIMIENTO 	4
417045	AGENCIAS DE NOTICIAS 	4
417050	LAVANDERIAS Y SIMILARES 	4
417055	PELUQUERIAS Y SIMILARES 	4
417060	SERVICIOS FUNERARIOS 	4
417065	ZONAS FRANCAS 	4
417095	ACTIVIDADES CONEXAS 	4
417099	AJUSTES POR INFLACION 	4
4175	DEVOLUCIONES, REBAJAS Y DESCUENTOS EN VENTAS (DB) 	3
417599	AJUSTES POR INFLACION 	4
42	NO OPERACIONALES 	2
4205	OTRAS VENTAS 	3
420505	MATERIA PRIMA 	4
420510	MATERIAL DE DESECHO 	4
420515	MATERIALES VARIOS 	4
420520	PRODUCTOS DE DIVERSIFICACION 	4
420525	EXCEDENTES DE EXPORTACION 	4
420530	ENVASES Y EMPAQUES 	4
420535	PRODUCTOS AGRICOLAS 	4
420540	DE PROPAGANDA 	4
420545	PRODUCTOS EN REMATE 	4
420550	COMBUSTIBLES Y LUBRICANTES 	4
420599	AJUSTES POR INFLACION 	4
4210	FINANCIEROS 	3
421005	INTERESES 	4
421010	REAJUSTE MONETARIO - UPAC 	4
421015	DESCUENTOS AMORTIZADOS 	4
421020	DIFERENCIA EN CAMBIO 	4
421025	FINANCIACION VEHICULOS 	4
421030	FINANCIACION SISTEMAS DE VIAJES 	4
421035	ACEPTACIONES BANCARIAS 	4
421040	DESCUENTOS COMERCIALES CONDICIONADOS 	4
421045	DESCUENTOS BANCARIOS 	4
421050	COMISIONES CHEQUES DE OTRAS PLAZAS 	4
421055	MULTAS Y RECARGOS 	4
421060	SANCIONES CHEQUES DEVUELTOS 	4
421095	OTROS 	4
421099	AJUSTES POR INFLACION 	4
4215	DIVIDENDOS Y PARTICIPACIONES 	3
421505	DE SOCIEDADES ANONIMAS Y/O ASIMILADAS 	4
421510	DE SOCIEDADES LIMITADAS Y/O ASIMILADAS 	4
421599	AJUSTES POR INFLACION 	4
4220	ARRENDAMIENTOS 	3
422005	TERRENOS 	4
422010	CONSTRUCCIONES Y EDIFICIOS 	4
422015	MAQUINARIA Y EQUIPO 	4
422020	EQUIPO DE OFICINA 	4
422025	EQUIPO DE COMPUTACION Y COMUNICACION 	4
422030	EQUIPO MEDICO - CIENTIFICO 	4
422035	EQUIPO DE HOTELES Y RESTAURANTES 	4
422040	FLOTA Y EQUIPO DE TRANSPORTE 	4
422045	FLOTA Y EQUIPO FLUVIAL Y/O MARITIMO 	4
422050	FLOTA Y EQUIPO AEREO 	4
422055	FLOTA Y EQUIPO FERREO 	4
422060	ACUEDUCTOS PLANTAS Y REDES 	4
422062	ENVASES Y EMPAQUES 	4
422065	PLANTACIONES AGRICOLAS Y FORESTALES 	4
422070	AERODROMOS 	4
422075	SEMOVIENTES 	4
422099	AJUSTES POR INFLACION 	4
4225	COMISIONES 	3
422505	SOBRE INVERSIONES 	4
422510	DE CONCESIONARIOS 	4
422515	DE ACTIVIDADES FINANCIERAS 	4
422520	POR VENTA DE SERVICIOS DE TALLER 	4
422525	POR VENTA DE SEGUROS 	4
422530	POR INGRESOS PARA TERCEROS 	4
422535	POR DISTRIBUCION DE PELICULAS 	4
422540	DERECHOS DE AUTOR 	4
422545	DERECHOS DE PROGRAMACION 	4
422599	AJUSTES POR INFLACION 	4
4230	HONORARIOS 	3
423005	ASESORIAS 	4
423010	ASISTENCIA TECNICA 	4
423015	ADMINISTRACION DE VINCULADAS 	4
423099	AJUSTES POR INFLACION 	4
4235	SERVICIOS 	3
423505	DE BASCULA 	4
423510	DE TRANSPORTE 	4
423515	DE PRENSA 	4
423520	ADMINISTRATIVOS 	4
423525	TECNICOS 	4
423530	DE COMPUTACION 	4
423535	DE TELEFAX 	4
423540	TALLER DE VEHICULOS 	4
423545	DE RECEPCION DE AERONAVES 	4
423550	DE TRANSPORTE PROGRAMA GAS NATURAL 	4
423555	POR CONTRATOS 	4
423560	DE TRILLLA 	4
423565	DE MANTENIMIENTO 	4
423570	AL PERSONAL 	4
423575	DE CASINO 	4
423580	FLETES 	4
423585	ENTRE COMPAIAS 	4
423595	OTROS 	4
423599	AJUSTES POR INFLACION 	4
4240	UTILIDAD EN VENTA DE INVERSIONES 	3
424005	ACCIONES 	4
424010	CUOTAS O PARTES DE INTERES SOCIAL 	4
424015	BONOS 	4
424020	CEDULAS 	4
424030	PAPELES COMERCIALES 	4
424035	TITULOS 	4
424045	DERECHOS FIDUCIARIOS 	4
424050	OBLIGATORIAS 	4
424095	OTRAS 	4
424099	AJUSTES POR INFLACION 	4
4245	UTILIDAD EN VENTA DE PROPIEDADES PLANTA Y EQUIPO 	3
424504	TERRENOS 	4
424506	MATERIALES INDUSTRIA PETROLERA 	4
424508	CONSTRUCCIONES EN CURSO 	4
424512	MAQUINARIA EN MONTAJE 	4
424516	CONSTRUCCIONES Y EDIFICACIONES 	4
424520	MAQUINARIA Y EQUIPO 	4
424524	EQUIPO DE OFICINA 	4
424528	EQUIPO DE COMPUTACION Y COMUNICACION 	4
424532	EQUIPO MEDICO - CIENTIFICO 	4
424536	EQUIPO DE HOTELES Y RESTAURANTES 	4
424540	FLOTA Y EQUIPO DE TRANSPORTE 	4
424544	FLOTA Y EQUIPO FLUVIAL Y/O MARITIMO 	4
424548	FLOTA Y EQUIPO AEREO 	4
424552	FLOTA Y EQUIPO FERREO 	4
424556	ACUEDUCTOS PLANTAS Y REDES 	4
424560	ARMAMENTO DE VIGILANCIA 	4
424562	ENVASES Y EMPAQUES 	4
424564	PLANTACIONES AGRICOLAS Y FORESTALES 	4
424568	VIAS DE COMUNICACION 	4
424572	MINAS Y CANTERAS 	4
424580	POZOS ARTESIANOS 	4
424584	YACIMIENTOS 	4
424588	SEMOVIENTES 	4
424599	AJUSTES POR INFLACION 	4
4248	UTILIDAD EN VENTA DE OTROS BIENES 	3
424805	INTANGIBLES 	4
424810	OTROS ACTIVOS 	4
424899	AJUSTES POR INFLACION 	4
4250	RECUPERACIONES 	3
425005	DEUDAS MALAS 	4
425010	SEGUROS 	4
425015	RECLAMOS 	4
425020	REINTEGRO POR PERSONAL EN COMISION 	4
425025	REINTEGRO GARANTIAS 	4
425030	DESCUENTOS CONCEDIDOS 	4
425035	REINTEGRO PROVISIONES 	4
425040	GASTOS BANCARIOS 	4
425045	DE DEPRECIACION 	4
425050	REINTEGRO DE OTROS COSTOS Y GASTOS 	4
425099	AJUSTES POR INFLACION 	4
4255	INDEMNIZACIONES 	3
425505	POR SINIESTRO 	4
425510	POR SUMINISTROS 	4
425515	LUCRO CESANTE COMPAIAS DE SEGUROS 	4
425520	DAO EMERGENTE COMPAIAS DE SEGUROS 	4
425525	POR PERDIDA DE MERCANCIA 	4
425530	POR INCUMPLIMIENTO DE CONTRATOS 	4
425535	DE TERCEROS 	4
425540	POR INCAPACIDADES I.S.S. 	4
425595	OTRAS 	4
425599	AJUSTES POR INFLACION 	4
4260	PARTICIPACIONES EN CONCESIONES 	3
426099	AJUSTES POR INFLACION 	4
4265	INGRESOS DE EJERCICIOS ANTERIORES 	3
426599	AJUSTES POR INFLACION 	4
4275	DEVOLUCIONES, REBAJAS Y DESCUENTOS EN OTRAS VENTAS (DB) 	3
427599	AJUSTES POR INFLACION 	4
4295	DIVERSOS 	3
429503	CERT 	4
429505	APROVECHAMIENTOS 	4
429507	AUXILIOS 	4
429509	DONACIONES 	4
429511	INGRESOS POR INVESTIGACION Y DESARROLLO 	4
429513	POR TRABAJOS EJECUTADOS 	4
429515	REGALIAS 	4
429517	DERIVADOS DE LAS EXPORTACIONES 	4
429519	OTROS INGRESOS DE EXPLOTACION 	4
429521	DE LA ACTIVIDAD GANADERA 	4
429525	DERECHOS Y LICITACIONES 	4
429530	INGRESOS POR ELEMENTOS PERDIDOS 	4
429533	MULTAS Y RECARGOS 	4
429535	PREAVISOS DESCONTADOS 	4
429537	RECLAMOS 	4
429540	RECOBRO DE DAOS 	4
429543	PREMIOS 	4
429545	BONIFICACIONES 	4
429547	PRODUCTOS DESCONTADOS 	4
429549	RECONOCIMIENTOS I.S.S. 	4
429551	EXCEDENTES 	4
429553	SOBRANTES DE CAJA MENOR 	4
429555	SOBRANTES EN LIQUIDACION FLETES 	4
429557	SUBSIDIOS ESTATALES 	4
429559	CAPACITACION DISTRIBUIDORES 	4
429561	DE ESCRITURACION 	4
429563	REGISTRO PROMESAS DE VENTA 	4
429567	UTILES, PAPELERIA Y FOTOCOPIAS 	4
429571	RESULTADOS MATRICULAS Y TRASPASOS 	4
429573	DECORACIONES 	4
429575	MANEJO DE CARGA 	4
429579	HISTORIA CLINICA 	4
429581	AJUSTE AL PESO 	4
429583	LLAMADAS TELEFONICAS 	4
429599	AJUSTES POR INFLACION 	4
47	AJUSTES POR INFLACION 	2
4705	CORRECCION MONETARIA 	3
470505	INVERSIONES (CR) 	4
470510	INVENTARIOS (CR) 	4
470515	PROPIEDADES, PLANTA Y EQUIPO (CR) 	4
470520	INTANGIBLES (CR) 	4
470525	ACTIVOS DIFERIDOS 	4
470530	OTROS ACTIVOS (CR) 	4
470535	PASIVOS SUJETOS DE AJUSTE 	4
470540	PATRIMONIO 	4
470545	DEPRECIACION ACUMULADA (DB) 	4
470550	DEPRECIACION DIFERIDA (CR) 	4
470555	AGOTAMIENTO ACUMULADO (DB) 	4
470560	AMORTIZACION ACUMULADA (DB) 	4
470565	INGRESOS OPERACIONALES (DB) 	4
470570	INGRESOS NO OPERACIONALES (DB) 	4
470575	GASTOS OPERACIONALES DE ADMINISTRACION (CR) 	4
470580	GASTOS OPERACIONALES DE VENTAS (CR) 	4
470585	GASTOS NO OPERACIONALES (CR) 	4
470590	COMPRAS (CR) 	4
470592	COSTO DE VENTAS (CR) 	4
470594	COSTOS DE PRODUCCION O DE OPERACION (DB) 	4
5	GASTOS 	1
51	OPERACIONALES DE ADMINISTRACION 	2
5105	GASTOS DE PERSONAL 	3
510503	SALARIO INTEGRAL 	4
510506	SUELDOS 	4
510512	JORNALES 	4
510515	HORAS EXTRAS Y RECARGOS 	4
510518	COMISIONES 	4
510521	VIATICOS 	4
510524	INCAPACIDADES 	4
510527	AUXILIO DE TRANSPORTE 	4
510530	CESANTIAS 	4
510533	INTERESES SOBRE CESANTIAS 	4
510536	PRIMA DE SERVICIOS 	4
510539	VACACIONES 	4
510542	PRIMAS EXTRALEGALES 	4
510545	AUXILIOS 	4
510548	BONIFICACIONES 	4
510551	DOTACION Y SUMINISTRO A TRABAJADORES 	4
510554	SEGUROS 	4
510557	CUOTAS PARTES PENSIONES DE JUBILACION 	4
510558	AMORTIZACION CALCULO ACTUARIAL PENSIONES DE JUBILACION 	4
510559	PENSIONES DE JUBILACION 	4
510560	INDEMNIZACIONES LABORALES 	4
510563	CAPACITACION AL PERSONAL 	4
510566	GASTOS DEPORTIVOS Y DE RECREACION 	4
510569	APORTES AL I.S.S 	4
510572	APORTES CAJAS DE COMPENSACION FAMILIAR 	4
510575	APORTES I.C.B.F. 	4
510578	SENA 	4
510581	APORTES SINDICALES 	4
510584	GASTOS MEDICOS Y DROGAS 	4
510595	OTROS 	4
510599	AJUSTES POR INFLACION 	4
5110	HONORARIOS 	3
511005	JUNTA DIRECTIVA 	4
511010	REVISORIA FISCAL 	4
511015	AUDITORIA EXTERNA 	4
511020	AVALUOS 	4
511025	ASESORIA JURIDICA 	4
511030	ASESORIA FINANCIERA 	4
511035	ASESORIA TECNICA 	4
511095	OTROS 	4
511099	AJUSTES POR INFLACION 	4
5115	IMPUESTOS 	3
511505	INDUSTRIA Y COMERCIO 	4
511510	DE TIMBRES 	4
511515	A LA PROPIEDAD RAIZ 	4
511520	DERECHOS SOBRE INSTRUMENTOS PUBLICOS 	4
511525	DE VALORIZACION 	4
511530	DE TURISMO 	4
511535	TASA POR UTILIZACION DE PUERTOS 	4
511540	DE VEHICULOS 	4
511545	DE ESPECTACULOS PUBLICOS 	4
511550	CUOTAS DE FOMENTO 	4
511570	IVA DESCONTABLE 	4
511595	OTROS 	4
511599	AJUSTES POR INFLACION 	4
5120	ARRENDAMIENTOS 	3
512005	TERRENOS 	4
512010	CONSTRUCCIONES Y EDIFICACIONES 	4
512015	MAQUINARIA Y EQUIPO 	4
512020	EQUIPO DE OFICINA 	4
512025	EQUIPO DE COMPUTACION Y COMUNICACION 	4
512030	EQUIPO MEDICO - CIENTIFICO 	4
512035	EQUIPO DE HOTELES Y RESTAURANTES 	4
512040	FLOTA Y EQUIPO DE TRANSPORTE 	4
512045	FLOTA Y EQUIPO FLUVIAL Y/O MARITIMO 	4
512050	FLOTA Y EQUIPO AEREO 	4
512055	FLOTA Y EQUIPO FERREO 	4
512060	ACUEDUCTOS PLANTAS Y REDES 	4
512065	AERODROMOS 	4
512070	SEMOVIENTES 	4
512095	OTROS 	4
512099	AJUSTES POR INFLACION 	4
5125	CONTRIBUCIONES Y AFILIACIONES 	3
512505	CONTRIBUCIONES 	4
512510	AFILIACIONES Y SOSTENIMIENTO 	4
512599	AJUSTES POR INFLACION 	4
5130	SEGUROS 	3
513005	MANEJO 	4
513010	CUMPLIMIENTO 	4
513015	CORRIENTE DEBIL 	4
513020	VIDA COLECTIVA 	4
513025	INCENDIO 	4
513030	TERREMOTO 	4
513035	SUSTRACCION Y HURTO 	4
513040	FLOTA Y EQUIPO DE TRANSPORTE 	4
513045	FLOTA Y EQUIPO FLUVIAL Y/O MARITIMO 	4
513050	FLOTA Y EQUIPO AEREO 	4
513055	FLOTA Y EQUIPO FERREO 	4
513060	RESPONSABILIDAD CIVIL Y EXTRACONTRACTUAL 	4
513065	VUELO 	4
513070	ROTURA DE MAQUINARIA 	4
513075	OBLIGATORIO ACCIDENTE DE TRANSITO 	4
513080	LUCRO CESANTE 	4
513095	OTROS 	4
513099	AJUSTES POR INFLACION 	4
5135	SERVICIOS 	3
513505	ASEO Y VIGILANCIA 	4
513510	TEMPORALES 	4
513515	ASISTENCIA TECNICA 	4
513520	PROCESAMIENTO ELECTRONICO DE DATOS 	4
513525	ACUEDUCTO Y ALCANTARILLADO 	4
513530	ENERGIA ELECTRICA 	4
513535	TELEFONO 	4
513540	CORREO, PORTES Y TELEGRAMAS 	4
513545	FAX Y TELEX 	4
513550	TRANSPORTE, FLETES Y ACARREOS 	4
513595	OTROS 	4
513599	AJUSTES POR INFLACION 	4
5140	GASTOS LEGALES 	3
514005	NOTARIALES 	4
514010	REGISTRO MERCANTIL 	4
514015	TRAMITES Y LICENCIAS 	4
514020	ADUANEROS 	4
514025	CONSULARES 	4
514095	OTROS 	4
514099	AJUSTES POR INFLACION 	4
5145	MANTENIMIENTO Y REPARACIONES 	3
514505	TERRENOS 	4
514510	CONSTRUCCIONES Y EDIFICACIONES 	4
514515	MAQUINARIA Y EQUIPO 	4
514520	EQUIPO DE OFICINA 	4
514525	EQUIPO DE COMPUTACION Y COMUNICACION 	4
514530	EQUIPO MEDICO-CIENTIFICO 	4
514535	EQUIPO DE HOTELES Y RESTAURANTES 	4
514540	FLOTA Y EQUIPO DE TRANSPORTE 	4
514545	FLOTA Y EQUIPO FLUVIAL Y/O MARITIMO 	4
514550	FLOTA Y EQUIPO AEREO 	4
514555	FLOTA Y EQUIPO FERREO 	4
514560	ACUEDUCTOS PLANTAS Y REDES 	4
514565	ARMAMENTO DE VIGILANCIA 	4
514570	VIAS DE COMUNICACION 	4
514599	AJUSTES POR INFLACION 	4
5150	ADECUACION E INSTALACION 	3
515005	INSTALACIONES ELECTRICAS 	4
515010	ARREGLOS ORNAMENTALES 	4
515015	REPARACIONES LOCATIVAS 	4
515095	OTROS 	4
515099	AJUSTES POR INFLACION 	4
5155	GASTOS DE VIAJE 	3
515505	ALOJAMIENTO Y MANUTENCION 	4
515510	PASAJES FLUVIALES Y/O MARITIMOS 	4
515515	PASAJES AEREOS 	4
515520	PASAJES TERRESTRES 	4
515525	PASAJES FERREOS 	4
515595	OTROS 	4
515599	AJUSTES POR INFLACION 	4
5160	DEPRECIACIONES 	3
516005	CONSTRUCCIONES Y EDIFICACIONES 	4
516010	MAQUINARIA Y EQUIPO 	4
516015	EQUIPO DE OFICINA 	4
516020	EQUIPO DE COMPUTACION Y COMUNICACION 	4
516025	EQUIPO MEDICO - CIENTIFICO 	4
516030	EQUIPO DE HOTELES Y RESTAURANTES 	4
516035	FLOTA Y EQUIPO DE TRANSPORTE 	4
516040	FLOTA Y EQUIPO FLUVIAL Y/O MARITIMO 	4
516045	FLOTA Y EQUIPO AEREO 	4
516050	FLOTA Y EQUIPO FERREO 	4
516055	ACUEDUCTOS, PLANTAS Y REDES 	4
516060	ARMAMENTO DE VIGILANCIA 	4
516099	AJUSTES POR INFLACION 	4
5165	AMORTIZACIONES 	3
516505	VIAS DE COMUNICACION 	4
516510	INTANGIBLES 	4
516515	CARGOS DIFERIDOS 	4
516595	OTRAS 	4
516599	AJUSTES POR INFLACION 	4
5195	DIVERSOS 	3
519505	COMISIONES 	4
519510	LIBROS, SUSCRIPCIONES, PERIODICOS Y REVISTAS 	4
519515	MUSICA AMBIENTAL 	4
519520	GASTOS DE REPRESENTACION Y RELACIONES PUBLICAS 	4
519525	ELEMENTOS DE ASEO Y CAFETERIA 	4
519530	UTILES, PAPELERIA Y FOTOCOPIAS 	4
519535	COMBUSTIBLES Y LUBRICANTES 	4
519540	ENVASES Y EMPAQUES 	4
519545	TAXIS Y BUSES 	4
519550	ESTAMPILLAS 	4
519555	MICROFILMACION 	4
519560	CASINO Y RESTAURANTE 	4
519565	PARQUEADEROS 	4
519570	INDEMNIZACION POR DAOS A TERCEROS 	4
519575	POLVORA Y SIMILARES 	4
519595	OTROS 	4
519599	AJUSTES POR INFLACION 	4
5199	PROVISIONES 	3
519905	INVERSIONES 	4
519910	DEUDORES 	4
519915	PROPIEDADES, PLANTA Y EQUIPO 	4
519995	OTROS ACTIVOS 	4
519999	AJUSTES POR INFLACION 	4
52	OPERACIONALES DE VENTAS 	2
5205	GASTOS DE PERSONAL 	3
520503	SALARIO INTEGRAL 	4
520506	SUELDOS 	4
520512	JORNALES 	4
520515	HORAS EXTRAS Y RECARGOS 	4
520518	COMISIONES 	4
520521	VIATICOS 	4
520524	INCAPACIDADES 	4
520527	AUXILIO DE TRANSPORTE 	4
520530	CESANTIAS 	4
520533	INTERESES SOBRE CESANTIAS 	4
520536	PRIMA DE SERVICIOS 	4
520539	VACACIONES 	4
520542	PRIMAS EXTRALEGALES 	4
520545	AUXILIOS 	4
520548	BONIFICACIONES 	4
520551	DOTACION Y SUMINISTRO A TRABAJADORES 	4
520554	SEGUROS 	4
520557	CUOTAS PARTES PENSIONES DE JUBILACION 	4
520558	AMORTIZACION CALCULO ACTUARIAL PENSIONES DE JUBILACION 	4
520559	PENSIONES DE JUBILACION 	4
520560	INDEMNIZACIONES LABORALES 	4
520563	CAPACITACION AL PERSONAL 	4
520566	GASTOS DEPORTIVOS Y DE RECREACION 	4
520569	APORTES AL I.S.S 	4
520572	APORTES CAJAS DE COMPENSACION FAMILIAR 	4
520575	APORTES I.C.B.F. 	4
520578	SENA 	4
520581	APORTES SINDICALES 	4
520584	GASTOS MEDICOS Y DROGAS 	4
520595	OTROS 	4
520599	AJUSTES POR INFLACION 	4
5210	HONORARIOS 	3
521005	JUNTA DIRECTIVA 	4
521010	REVISORIA FISCAL 	4
521015	AUDITORIA EXTERNA 	4
521020	AVALUOS 	4
521025	ASESORIA JURIDICA 	4
521030	ASESORIA FINANCIERA 	4
521035	ASESORIA TECNICA 	4
521095	OTROS 	4
521099	AJUSTES POR INFLACION 	4
5215	IMPUESTOS 	3
521505	INDUSTRIA Y COMERCIO 	4
521510	DE TIMBRES 	4
521515	A LA PROPIEDAD RAIZ 	4
521520	DERECHOS SOBRE INSTRUMENTOS PUBLICOS 	4
521525	DE VALORIZACION 	4
521530	DE TURISMO 	4
521535	TASA POR UTILIZACION DE PUERTOS 	4
521540	DE VEHICULOS 	4
521545	DE ESPECTACULOS PUBLICOS 	4
521550	CUOTAS DE FOMENTO 	4
521555	LICORES 	4
521560	CERVEZAS 	4
521565	CIGARRILLOS 	4
521570	IVA DESCONTABLE 	4
521595	OTROS 	4
521599	AJUSTES POR INFLACION 	4
5220	ARRENDAMIENTOS 	3
522005	TERRENOS 	4
522010	CONSTRUCCIONES Y EDIFICACIONES 	4
522015	MAQUINARIA Y EQUIPO 	4
522020	EQUIPO DE OFICINA 	4
522025	EQUIPO DE COMPUTACION Y COMUNICACION 	4
522030	EQUIPO MEDICO - CIENTIFICO 	4
522035	EQUIPO DE HOTELES Y RESTAURANTES 	4
522040	FLOTA Y EQUIPO DE TRANSPORTE 	4
522045	FLOTA Y EQUIPO FLUVIAL Y/O MARITIMO 	4
522050	FLOTA Y EQUIPO AEREO 	4
522055	FLOTA Y EQUIPO FERREO 	4
522060	ACUEDUCTOS PLANTAS Y REDES 	4
522065	AERODROMOS 	4
522070	SEMOVIENTES 	4
522095	OTROS 	4
522099	AJUSTES POR INFLACION 	4
5225	CONTRIBUCIONES Y AFILIACIONES 	3
522505	CONTRIBUCIONES 	4
522510	AFILIACIONES Y SOSTENIMIENTO 	4
522599	AJUSTES POR INFLACION 	4
5230	SEGUROS 	3
523005	MANEJO 	4
523010	CUMPLIMIENTO 	4
523015	CORRIENTE DEBIL 	4
523020	VIDA COLECTIVA 	4
523025	INCENDIO 	4
523030	TERREMOTO 	4
523035	SUSTRACCION Y HURTO 	4
523040	FLOTA Y EQUIPO DE TRANSPORTE 	4
523045	FLOTA Y EQUIPO FLUVIAL Y/O MARITIMO 	4
523050	FLOTA Y EQUIPO AEREO 	4
523055	FLOTA Y EQUIPO FERREO 	4
523060	RESPONSABILIDAD CIVIL Y EXTRACONTRACTUAL 	4
523065	VUELO 	4
523070	ROTURA DE MAQUINARIA 	4
523075	OBLIGATORIO ACCIDENTE DE TRANSITO 	4
523080	LUCRO CESANTE 	4
523095	OTROS 	4
523099	AJUSTES POR INFLACION 	4
5235	SERVICIOS 	3
523505	ASEO Y VIGILANCIA 	4
523510	TEMPORALES 	4
523515	ASISTENCIA TECNICA 	4
523520	PROCESAMIENTO ELECTRONICO DE DATOS 	4
523525	ACUEDUCTO Y ALCANTARILLADO 	4
523530	ENERGIA ELECTRICA 	4
523535	TELEFONO 	4
523540	CORREO, PORTES Y TELEGRAMAS 	4
523545	FAX Y TELEX 	4
523550	TRANSPORTE, FLETES Y ACARREOS 	4
523555	GAS 	4
523560	PROPAGANDA Y PUBLICIDAD 	4
523595	OTROS 	4
523599	AJUSTES POR INFLACION 	4
5240	GASTOS LEGALES 	3
524005	NOTARIALES 	4
524010	REGISTRO MERCANTIL 	4
524015	TRAMITES Y LICENCIAS 	4
524020	ADUANEROS 	4
524025	CONSULARES 	4
524095	OTROS 	4
524099	AJUSTES POR INFLACION 	4
5245	MANTENIMIENTO Y REPARACIONES 	3
524505	TERRENOS 	4
524510	CONSTRUCCIONES Y EDIFICACIONES 	4
524515	MAQUINARIA Y EQUIPO 	4
524520	EQUIPO DE OFICINA 	4
524525	EQUIPO DE COMPUTACION Y COMUNICACION 	4
524530	EQUIPO MEDICO - CIENTIFICO 	4
524535	EQUIPO DE HOTELES Y RESTAURANTES 	4
524540	FLOTA Y EQUIPO DE TRANSPORTE 	4
524545	FLOTA Y EQUIPO FLUVIAL Y/O MARITIMO 	4
524550	FLOTA Y EQUIPO AEREO 	4
524555	FLOTA Y EQUIPO FERREO 	4
524560	ACUEDUCTOS PLANTAS Y REDES 	4
524565	ARMAMENTO DE VIGILANCIA 	4
524570	VIAS DE COMUNICACION 	4
524599	AJUSTES POR INFLACION 	4
5250	ADECUACION E INSTALACION 	3
525005	INSTALACIONES ELECTRICAS 	4
525010	ARREGLOS ORNAMENTALES 	4
525015	REPARACIONES LOCATIVAS 	4
525095	OTROS 	4
525099	AJUSTES POR INFLACION 	4
5255	GASTOS DE VIAJE 	3
525505	ALOJAMIENTO Y MANUTENCION 	4
525510	PASAJES FLUVIALES Y/O MARITIMOS 	4
525515	PASAJES AEREOS 	4
525520	PASAJES TERRESTRES 	4
525525	PASAJES FERREOS 	4
525595	OTROS 	4
525599	AJUSTES POR INFLACION 	4
5260	DEPRECIACIONES 	3
526005	CONSTRUCCIONES Y EDIFICACIONES 	4
526010	MAQUINARIA Y EQUIPO 	4
526015	EQUIPO DE OFICINA 	4
526020	EQUIPO DE COMPUTACION Y COMUNICACION 	4
526025	EQUIPO MEDICO - CIENTIFICO 	4
526030	EQUIPO DE HOTELES Y RESTAURANTES 	4
526035	FLOTA Y EQUIPO DE TRANSPORTE 	4
526040	FLOTA Y EQUIPO FLUVIAL Y/O MARITIMO 	4
526045	FLOTA Y EQUIPO AEREO 	4
526050	FLOTA Y EQUIPO FERREO 	4
526055	ACUEDUCTOS, PLANTAS Y REDES 	4
526060	ARMAMENTO DE VIGILANCIA 	4
526065	ENVASES Y EMPAQUES 	4
526099	AJUSTES POR INFLACION 	4
5265	AMORTIZACIONES 	3
526505	VIAS DE COMUNICACION 	4
526510	INTANGIBLES 	4
526515	CARGOS DIFERIDOS 	4
526595	OTRAS 	4
526599	AJUSTES POR INFLACION 	4
5270	FINANCIEROS - REAJUSTE DEL SISTEMA 	3
527001	a 527098 	4
527099	AJUSTES POR INFLACION 	4
5295	DIVERSOS 	3
529505	COMISIONES 	4
529510	LIBROS, SUSCRIPCIONES, PERIODICOS Y REVISTAS 	4
529515	MUSICA AMBIENTAL 	4
529520	GASTOS DE REPRESENTACION Y RELACIONES PUBLICAS 	4
529525	ELEMENTOS DE ASEO Y CAFETERIA 	4
529530	UTILES, PAPELERIA Y FOTOCOPIAS 	4
529535	COMBUSTIBLES Y LUBRICANTES 	4
529540	ENVASES Y EMPAQUES 	4
529545	TAXIS Y BUSES 	4
529550	ESTAMPILLAS 	4
529555	MICROFILMACION 	4
529560	CASINO Y RESTAURANTE 	4
529565	PARQUEADEROS 	4
529570	INDEMNIZACION POR DAOS A TERCEROS 	4
529575	POLVORA Y SIMILARES 	4
529595	OTROS 	4
529599	AJUSTES POR INFLACION 	4
5299	PROVISIONES 	3
529905	INVERSIONES 	4
529910	DEUDORES 	4
529915	INVENTARIOS 	4
529920	PROPIEDADES, PLANTA Y EQUIPO 	4
529995	OTROS ACTIVOS 	4
529999	AJUSTES POR INFLACION 	4
53	NO OPERACIONALES 	2
5305	FINANCIEROS 	3
530505	GASTOS BANCARIOS 	4
530510	REAJUSTE MONETARIO - UPAC 	4
530515	COMISIONES 	4
530520	INTERESES 	4
530525	DIFERENCIA EN CAMBIO 	4
530530	GASTOS EN NEGOCIACION CERTIFICADOS DE CAMBIO 	4
530535	DESCUENTOS COMERCIALES CONDICIONADOS 	4
530540	GASTOS MANEJO Y EMISION DE BONOS 	4
530545	PRIMA AMORTIZADA 	4
530595	OTROS 	4
530599	AJUSTES POR INFLACION 	4
5310	PERDIDA EN VENTA Y RETIRO DE BIENES 	3
531005	VENTA DE INVERSIONES 	4
531010	VENTA DE CARTERA 	4
531015	VENTA DE PROPIEDADES PLANTA Y EQUIPO 	4
531020	VENTA DE INTANGIBLES 	4
531025	VENTA DE OTROS ACTIVOS 	4
531030	RETIRO DE PROPIEDADES PLANTA Y EQUIPO 	4
531035	RETIRO DE OTROS ACTIVOS 	4
531040	PERDIDAS POR SINIESTROS 	4
531095	OTROS 	4
531099	AJUSTES POR INFLACION 	4
5315	GASTOS EXTRAORDINARIOS 	3
531505	COSTAS Y PROCESOS JUDICIALES 	4
531510	ACTIVIDADES CULTURALES Y CIVICAS 	4
531515	COSTOS Y GASTOS DE EJERCICIOS ANTERIORES 	4
531520	IMPUESTOS ASUMIDOS 	4
531595	OTROS 	4
531599	AJUSTES POR INFLACION 	4
5395	GASTOS DIVERSOS 	3
539505	DEMANDAS LABORALES 	4
539510	DEMANDAS POR INCUMPLIMIENTO DE CONTRATOS 	4
539515	INDEMNIZACIONES 	4
539520	MULTAS, SANCIONES Y LITIGIOS 	4
539525	DONACIONES 	4
539530	CONSTITUCION DE GARANTIAS 	4
539535	AMORTIZACION DE BIENES ENTREGADOS EN COMODATO 	4
539595	OTROS 	4
539599	AJUSTES POR INFLACION 	4
54	IMPUESTO DE RENTA Y COMPLEMENTARIOS 	2
5405	IMPUESTO DE RENTA Y COMPLEMENTARIOS 	3
540505	IMPUESTO DE RENTA Y COMPLEMENTARIOS 	4
59	GANANCIAS Y PERDIDAS 	2
5905	GANANCIAS Y PERDIDAS 	3
590505	GANANCIAS Y PERDIDAS 	4
6	COSTOS DE VENTAS 	1
61	COSTO DE VENTAS Y DE PRESTACION DE SERVICIOS 	2
6105	AGRICULTURA, GANADERIA, CAZA Y SILVICULTURA 	3
610505	CULTIVO DE CEREALES 	4
610510	CULTIVOS DE HORTALIZAS, LEGUMBRES Y PLANTAS ORNAMENTALES 	4
610515	CULTIVOS DE FRUTAS, NUECES Y PLANTAS AROMATICAS 	4
610520	CULTIVO DE CAFE 	4
610525	CULTIVO DE FLORES 	4
610530	CULTIVO DE CAA DE AZUCAR 	4
610535	CULTIVO DE ALGODON Y PLANTAS PARA MATERIAL TEXTIL 	4
610540	CULTIVO DE BANANO 	4
610545	OTROS CULTIVOS AGRICOLAS 	4
610550	CRIA DE OVEJAS, CABRAS, ASNOS, MULAS Y BURDEGANOS 	4
610555	CRIA DE GANADO CABALLAR Y VACUNO. 	4
610560	PRODUCCION AVICOLA 	4
610565	CRIA DE OTROS ANIMALES 	4
610570	SERVICIOS AGRICOLAS Y GANADEROS 	4
610575	ACTIVIDAD DE CAZA 	4
610580	ACTIVIDAD DE SILVICULTURA 	4
610595	ACTIVIDADES CONEXAS 	4
610599	AJUSTES POR INFLACION 	4
6110	PESCA 	3
611005	ACTIVIDAD DE PESCA 	4
611010	EXPLOTACION DE CRIADEROS DE PECES 	4
611095	ACTIVIDADES CONEXAS 	4
611099	AJUSTES POR INFLACION 	4
6115	EXPLOTACION DE MINAS Y CANTERAS 	3
611505	CARBON 	4
611510	PETROLEO CRUDO 	4
611512	GAS NATURAL 	4
611514	SERVICIOS RELACIONADOS CON EXTRACCION DE PETROLEO Y GAS 	4
611515	MINERALES DE HIERRO 	4
611520	MINERALES METALIFEROS NO FERROSOS 	4
611525	PIEDRA, ARENA Y ARCILLA 	4
611527	PIEDRAS PRECIOSAS 	4
611528	ORO 	4
611530	OTRAS MINAS Y CANTERAS 	4
611532	PRESTACION DE SERVICIOS SECTOR MINERO 	4
611595	ACTIVIDADES CONEXAS 	4
611599	AJUSTES POR INFLACION 	4
6120	INDUSTRIAS MANUFACTURERAS 	3
612001	PRODUCCION Y PROCESAMIENTO DE CARNES Y PRODUCTOS CARNICOS 	4
612002	PRODUCTOS DE PESCADO 	4
612003	PRODUCTOS DE FRUTAS, LEGUMBRES Y HORTALIZAS 	4
612004	ELABORACION DE ACEITES Y GRASAS 	4
612005	ELABORACION DE PRODUCTOS LACTEOS 	4
612006	ELABORACION DE PRODUCTOS DE MOLINERIA 	4
612007	ELABORACION DE ALMIDONES Y DERIVADOS 	4
612008	ELABORACION DE ALIMENTOS PARA ANIMALES 	4
612009	ELABORACION DE PRODUCTOS PARA PANADERIA 	4
612010	ELABORACION DE AZUCAR Y MELAZAS 	4
612011	ELABORACION DE CACAO, CHOCOLATE Y CONFITERIA 	4
612012	ELABORACION DE PASTAS Y PRODUCTOS FARINACEOS 	4
612013	ELABORACION DE PRODUCTOS DE CAFE 	4
612014	ELABORACION DE OTROS PRODUCTOS ALIMENTICIOS 	4
612015	ELABORACION DE BEBIDAS ALCOHOLICAS Y ALCOHOL ETILICO 	4
612016	ELABORACION DE VINOS 	4
612017	ELABORACION DE BEBIDAS MALTEADAS Y DE MALTA 	4
612018	ELABORACION DE BEBIDAS NO ALCOHOLICAS 	4
612019	ELABORACION DE PRODUCTOS DE TABACO 	4
612020	PREPARACION E HILATURA DE FIBRAS TEXTILES Y TEJEDURIA 	4
612021	ACABADO DE PRODUCTOS TEXTILES 	4
612022	ELABORACION DE ARTICULOS DE MATERIALES TEXTILES 	4
612023	ELABORACION DE TAPICES Y ALFOMBRAS 	4
612024	ELABORACION DE CUERDAS, CORDELES, BRAMANTES Y REDES 	4
612025	ELABORACION DE OTROS PRODUCTOS TEXTILES 	4
612026	ELABORACION DE TEJIDOS 	4
612027	ELABORACION DE PRENDAS DE VESTIR 	4
6220	COMPRA DE ENERGIA 	3
612028	PREPARACION, ADOBO Y TEIDO DE PIELES 	4
612029	CURTIDO, ADOBO O PREPARACION DE CUERO 	4
612030	ELABORACION DE MALETAS, BOLSOS Y SIMILARES 	4
612031	ELABORACION DE CALZADO 	4
612032	PRODUCCION DE MADERA, ARTICULOS DE MADERA Y CORCHO 	4
612033	ELABORACION DE PASTA Y PRODUCTOS DE MADERA, PAPEL Y CARTON 	4
612034	EDICIONES Y PUBLICACIONES 	4
612035	IMPRESION 	4
612036	SERVICIOS RELACIONADOS CON LA EDICION Y LA IMPRESION 	4
612037	REPRODUCCION DE GRABACIONES 	4
612038	ELABORACION DE PRODUCTOS DE HORNO DE COQUE 	4
612039	ELABORACION DE PRODUCTOS DE LA REFINACION DE PETROLEO 	4
612040	ELABORACION DE SUSTANCIAS QUIMICAS BASICAS 	4
612041	ELABORACION DE ABONOS Y COMPUESTOS DE NITROGENO 	4
612042	ELABORACION DE PLASTICO Y CAUCHO SINTETICO 	4
612043	ELABORACION DE PRODUCTOS QUIMICOS DE USO AGROPECUARIO 	4
612044	ELABORACION DE PINTURAS, TINTAS Y MASILLAS 	4
612045	ELABORACION DE PRODUCTOS FARMACEUTICOS Y BOTANICOS 	4
612046	ELABORACION DE JABONES, DETERGENTES Y PREPARADOS DE TOCADOR 	4
612047	ELABORACION DE OTROS PRODUCTOS QUIMICOS 	4
612048	ELABORACION DE FIBRAS 	4
612049	ELABORACION DE OTROS PRODUCTOS DE CAUCHO 	4
612050	ELABORACION DE PRODUCTOS DE PLASTICO 	4
612051	ELABORACION DE VIDRIO Y PRODUCTOS DE VIDRIO 	4
612052	ELABORACION DE PRODUCTOS DE CERAMICA, LOZA, PIEDRA, ARCILLA Y PORCELANA 	4
612053	ELABORACION DE CEMENTO, CAL Y YESO 	4
612054	ELABORACION DE ARTICULOS DE HORMIGON, CEMENTO Y YESO 	4
612055	CORTE, TALLADO Y ACABADO DE LA PIEDRA 	4
612056	ELABORACION DE OTROS PRODUCTOS MINERALES NO METALICOS 	4
612057	INDUSTRIAS BASICAS Y FUNDICION DE HIERRO Y ACERO 	4
612058	PRODUCTOS PRIMARIOS DE METALES PRECIOSOS Y DE METALES NO FERROSOS 	4
612059	FUNDICION DE METALES NO FERROSOS 	4
612060	FABRICACION DE PRODUCTOS METALICOS PARA USO ESTRUCTURAL 	4
612061	FORJA, PRENSADO, ESTAMPADO, LAMINADO DE METAL Y PULVIMETALURGIA 	4
612062	REVESTIMIENTO DE METALES Y OBRAS DE INGENIERIA MECANICA 	4
612063	FABRICACION DE ARTICULOS DE FERRETERIA 	4
612064	ELABORACION DE OTROS PRODUCTOS DE METAL 	4
612065	FABRICACION DE MAQUINARIA Y EQUIPO 	4
612066	FABRICACION DE EQUIPOS DE ELEVACION Y MANIPULACION 	4
612067	ELABORACION DE APARATOS DE USO DOMESTICO 	4
612068	ELABORACION DE EQUIPO DE OFICINA 	4
612069	ELABORACION DE PILAS Y BATERIAS PRIMARIAS 	4
612070	ELABORACION DE EQUIPO DE ILUMINACION 	4
612071	ELABORACION DE OTROS TIPOS DE EQUIPO ELECTRICO 	4
612072	FABRICACION DE EQUIPOS DE RADIO, TELEVISION Y COMUNICACIONES 	4
612073	FABRICACION DE APARATOS E INSTRUMENTOS MEDICOS 	4
612074	FABRICACION DE INSTRUMENTOS DE MEDICION Y CONTROL 	4
612075	FABRICACION DE INSTRUMENTOS DE OPTICA Y EQUIPO FOTOGRAFICO 	4
612076	FABRICACION DE RELOJES 	4
612077	FABRICACION DE VEHICULOS AUTOMOTORES 	4
612078	FABRICACION DE CARROCERIAS PARA AUTOMOTORES 	4
612079	FABRICACION DE PARTES PIEZAS Y ACCESORIOS PARA AUTOMOTORES 	4
612080	FABRICACION Y REPARACION DE BUQUES Y OTRAS EMBARCACIONES 	4
612081	FABRICACION DE LOCOMOTORAS Y MATERIAL RODANTE PARA FERROCARRILES 	4
612082	FABRICACION DE AERONAVES 	4
612083	FABRICACION DE MOTOCICLETAS 	4
612084	FABRICACION DE BICICLETAS Y SILLAS DE RUEDAS 	4
612085	FABRICACION DE OTROS TIPOS DE TRANSPORTE 	4
612086	FABRICACION DE MUEBLES 	4
612087	FABRICACION DE JOYAS Y ARTICULOS CONEXOS 	4
612088	FABRICACION DE INSTRUMENTOS DE MUSICA 	4
612089	FABRICACION DE ARTICULOS Y EQUIPO PARA DEPORTE 	4
612090	FABRICACION DE JUEGOS Y JUGUETES 	4
612091	RECICLAMIENTO DE DESPERDICIOS 	4
612095	PRODUCTOS DE OTRAS INDUSTRIAS MANUFACTURERAS 	4
612099	AJUSTES POR INFLACION 	4
6125	SUMINISTRO DE ELECTRICIDAD, GAS Y AGUA 	3
612505	GENERACION, CAPTACION Y DISTRIBUCION DE ENERGIA ELECTRICA 	4
612510	FABRICACION DE GAS Y DISTRIBUCION DE COMBUSTIBLES GASEOSOS 	4
612515	CAPTACION, DEPURACION Y DISTRIBUCION DE AGUA 	4
612595	ACTIVIDADES CONEXAS 	4
612599	AJUSTES POR INFLACION 	4
6130	CONSTRUCCION 	3
613005	PREPARACION DE TERRENOS 	4
613010	CONSTRUCCION DE EDIFICIOS Y OBRAS DE INGENIERIA CIVIL 	4
613015	ACONDICIONAMIENTO DE EDIFICIOS 	4
613020	TERMINACION DE EDIFICACIONES 	4
613025	ALQUILER DE EQUIPO CON OPERARIO 	4
613095	ACTIVIDADES CONEXAS 	4
613099	AJUSTES POR INFLACION 	4
6135	COMERCIO AL POR MAYOR Y AL POR MENOR 	3
613502	VENTA DE VEHICULOS AUTOMOTORES 	4
613504	MANTENIMIENTO, REPARACION Y LAVADO DE VEHICULOS AUTOMOTORES 	4
613506	VENTA DE PARTES, PIEZAS Y ACCESORIOS DE VEHICULOS AUTOMOTORES 	4
613508	VENTA DE COMBUSTIBLES SOLIDOS, LIQUIDOS, GASEOSOS 	4
613510	VENTA DE LUBRICANTES, ADITIVOS, LLANTAS Y LUJOS PARA AUTOMOTORES 	4
613512	VENTA A CAMBIO DE RETRIBUCION O POR CONTRATA 	4
613514	VENTA DE INSUMOS, MATERIAS PRIMAS AGROPECUARIAS Y FLORES 	4
613516	VENTA DE OTROS INSUMOS Y MATERIAS PRIMAS NO AGROPECUARIAS 	4
613518	VENTA DE ANIMALES VIVOS Y CUEROS 	4
613520	VENTA DE PRODUCTOS EN ALMACENES NO ESPECIALIZADOS 	4
613522	VENTA DE PRODUCTOS AGROPECUARIOS 	4
613524	VENTA DE PRODUCTOS TEXTILES, DE VESTIR, DE CUERO Y CALZADO 	4
613526	VENTA DE PAPEL Y CARTON 	4
613528	VENTA DE LIBROS, REVISTAS, ELEMENTOS DE PAPELERIA, UTILES Y TEXTOS ESCOLA 	4
622001	a 622098 	4
613530	VENTA DE JUEGOS, JUGUETES Y ARTICULOS DEPORTIVOS 	4
613532	VENTA DE INSTRUMENTOS QUIRURGICOS Y ORTOPEDICOS 	4
613534	VENTA DE ARTICULOS EN RELOJERIAS Y JOYERIAS 	4
613536	VENTA DE ELECTRODOMESTICOS Y MUEBLES 	4
613538	VENTA DE PRODUCTOS DE ASEO, FARMACEUTICOS, MEDICINALES, Y ARTICULOS DE 	4
613540	VENTA DE CUBIERTOS, VAJILLAS, CRISTALERIA, PORCELANAS, CERAMICAS Y OTROS 	4
613542	VENTA DE MATERIALES DE CONSTRUCCION, FONTANERIA Y CALEFACCION 	4
613544	VENTA DE PINTURAS Y LACAS 	4
613546	VENTA DE PRODUCTOS DE VIDRIOS Y MARQUETERIA 	4
613548	VENTA DE HERRAMIENTAS Y ARTICULOS DE FERRETERIA 	4
613550	VENTA DE QUIMICOS 	4
613552	VENTA DE PRODUCTOS INTERMEDIOS, DESPERDICIOS Y DESECHOS 	4
613554	VENTA DE MAQUINARIA, EQUIPO DE OFICINA Y PROGRAMAS DE COMPUTADOR 	4
613556	VENTA DE ARTICULOS EN CACHARRERIAS Y MISCELANEAS 	4
613558	VENTA DE INSTRUMENTOS MUSICALES 	4
613560	VENTA DE ARTICULOS EN CASAS DE EMPEO Y PRENDERIAS 	4
613562	VENTA DE EQUIPO FOTOGRAFICO 	4
613564	VENTA DE EQUIPO OPTICO Y DE PRECISION 	4
613566	VENTA DE EMPAQUES 	4
613568	VENTA DE EQUIPO PROFESIONAL Y CIENTIFICO 	4
613570	VENTA DE LOTERIAS, RIFAS, CHANCE, APUESTAS Y SIMILARES 	4
613572	REPARACION DE EFECTOS PERSONALES Y ELECTRODOMESTICOS 	4
613595	VENTA DE OTROS PRODUCTOS 	4
613599	AJUSTES POR INFLACION 	4
6140	HOTELES Y RESTAURANTES 	3
614005	HOTELERIA 	4
614010	CAMPAMENTO Y OTROS TIPOS DE HOSPEDAJE 	4
614015	RESTAURANTES 	4
614020	BARES Y CANTINAS 	4
614095	ACTIVIDADES CONEXAS 	4
614099	AJUSTES POR INFLACION 	4
6145	TRANSPORTE, ALMACENAMIENTO Y COMUNICACIONES 	3
614505	SERVICIO DE TRANSPORTE POR CARRETERA 	4
614510	SERVICIO DE TRANSPORTE POR VIA FERREA 	4
614515	SERVICIO DE TRANSPORTE POR VIA ACUATICA 	4
614520	SERVICIO DE TRANSPORTE POR VIA AEREA 	4
614525	SERVICIO DE TRANSPORTE POR TUBERIAS 	4
614530	MANIPULACION DE CARGA 	4
614535	ALMACENAMIENTO Y DEPOSITO 	4
614540	SERVICIOS COMPLEMENTARIOS PARA EL TRANSPORTE 	4
614545	AGENCIAS DE VIAJE 	4
614550	OTRAS AGENCIAS DE TRANSPORTE 	4
614555	SERVICIO POSTAL Y DE CORREO 	4
614560	SERVICIO TELEFONICO 	4
614565	SERVICIO DE TELEGRAFO 	4
614570	SERVICIO DE TRANSMISION DE DATOS 	4
614575	SERVICIO DE RADIO Y TELEVISION POR CABLE 	4
614580	TRANSMISION DE SONIDO E IMAGENES POR CONTRATO 	4
614595	ACTIVIDADES CONEXAS 	4
614599	AJUSTES POR INFLACION 	4
6150	ACTIVIDAD FINANCIERA 	3
615005	DE INVERSIONES 	4
615010	DE SERVICIO DE BOLSA 	4
615099	AJUSTES POR INFLACION 	4
6155	ACTIVIDADES INMOBILIARIAS, EMPRESARIALES Y DE ALQUILER 	3
615505	ARRENDAMIENTOS DE BIENES INMUEBLES 	4
615510	INMOBILIARIAS POR RETRIBUCION O CONTRATA 	4
615515	ALQUILER EQUIPO DE TRANSPORTE 	4
615520	ALQUILER MAQUINARIA Y EQUIPO 	4
615525	ALQUILER DE EFECTOS PERSONALES Y ENSERES DOMESTICOS 	4
615530	CONSULTORIA EN EQUIPO Y PROGRAMAS DE INFORMATICA 	4
615535	PROCESAMIENTO DE DATOS 	4
615540	MANTENIMIENTO Y REPARACION DE MAQUINARIA DE OFICINA 	4
615545	INVESTIGACIONES CIENTIFICAS Y DE DESARROLLO 	4
615550	ACTIVIDADES EMPRESARIALES DE CONSULTORIA 	4
615555	PUBLICIDAD 	4
615560	DOTACION DE PERSONAL 	4
615565	INVESTIGACION Y SEGURIDAD 	4
615570	LIMPIEZA DE INMUEBLES 	4
615575	FOTOGRAFIA 	4
615580	ENVASE Y EMPAQUE 	4
615585	FOTOCOPIADO 	4
615590	MANTENIMIENTO Y REPARACION DE MAQUINARIA Y EQUIPO 	4
615595	ACTIVIDADES CONEXAS 	4
615599	AJUSTES POR INFLACION 	4
6160	ENSEANZA 	3
616005	ACTIVIDADES RELACIONADAS CON LA EDUCACION 	4
616099	AJUSTES POR INFLACION 	4
6165	SERVICIOS SOCIALES Y DE SALUD 	3
616505	SERVICIO HOSPITALARIO 	4
616510	SERVICIO MEDICO 	4
616515	SERVICIO ODONTOLOGICO 	4
616520	SERVICIO DE LABORATORIO 	4
616525	ACTIVIDADES VETERINARIAS 	4
616530	ACTIVIDADES DE SERVICIOS SOCIALES 	4
616595	ACTIVIDADES CONEXAS 	4
616599	AJUSTES POR INFLACION 	4
6170	OTRAS ACTIVIDADES DE SERVICIOS COMUNITARIOS, SOCIALES Y PERSONALES 	3
617005	ELIMINACION DE DESPERDICIOS Y AGUAS RESIDUALES 	4
617010	ACTIVIDADES DE ASOCIACION 	4
617015	PRODUCCION Y DISTRIBUCION DE FILMES Y VIDEOCINTAS 	4
617020	EXHIBICION DE FILMES Y VIDEOCINTAS 	4
617025	ACTIVIDAD DE RADIO Y TELEVISION 	4
617030	ACTIVIDAD TEATRAL, MUSICAL Y ARTISTICA 	4
617035	GRABACION Y PRODUCCION DE DISCOS 	4
617040	ENTRETENIMIENTO Y ESPARCIMIENTO 	4
617045	AGENCIAS DE NOTICIAS 	4
617050	LAVANDERIAS Y SIMILARES 	4
617055	PELUQUERIAS Y SIMILARES 	4
617060	SERVICIOS FUNERARIOS 	4
617065	ZONAS FRANCAS 	4
617095	ACTIVIDADES CONEXAS 	4
617099	AJUSTES POR INFLACION 	4
62	COMPRAS 	2
6205	DE MERCANCIAS 	3
620599	AJUSTES POR INFLACION 	4
6210	DE MATERIAS PRIMAS 	3
621099	AJUSTES POR INFLACION 	4
6215	DE MATERIALES INDIRECTOS 	3
621599	AJUSTES POR INFLACION 	4
622099	AJUSTES POR INFLACION 	4
6225	DEVOLUCIONES REBAJAS Y DESCUENTOS EN COMPRAS (CR) 	3
622599	AJUSTES POR INFLACION 	4
7	COSTOS DE PRODUCCION O DE OPERACION 	1
71	MATERIA PRIMA 	2
72	MANO DE OBRA DIRECTA 	2
73	COSTOS INDIRECTOS 	2
74	CONTRATOS DE SERVICIOS 	2
8	CUENTAS DE ORDEN DEUDORAS 	1
81	DERECHOS CONTINGENTES 	2
8105	BIENES Y VALORES ENTREGADOS EN CUSTODIA 	3
810505	VALORES MOBILIARIOS 	4
810510	BIENES MUEBLES 	4
810599	AJUSTES POR INFLACION 	4
8110	BIENES Y VALORES ENTREGADOS EN GARANTIA 	3
811005	VALORES MOBILIARIOS 	4
811010	BIENES MUEBLES 	4
811015	BIENES INMUEBLES 	4
811020	CONTRATOS DE GANADO EN PARTICIPACION 	4
811099	AJUSTES POR INFLACION 	4
8115	BIENES Y VALORES EN PODER DE TERCEROS 	3
811505	EN ARRENDAMIENTO 	4
811510	EN PRESTAMO 	4
811515	EN DEPOSITO 	4
811520	EN CONSIGNACION 	4
811599	AJUSTES POR INFLACION 	4
8120	LITIGIOS Y/O DEMANDAS 	3
812005	EJECUTIVOS 	4
812010	INCUMPLIMIENTO DE CONTRATOS 	4
8125	PROMESAS DE COMPRAVENTA 	3
8195	DIVERSAS 	3
819505	VALORES ADQUIRIDOS POR RECIBIR 	4
819595	OTRAS 	4
819599	AJUSTES POR INFLACION. 	4
82	DEUDORAS FISCALES 	2
83	DEUDORAS DE CONTROL 	2
8305	BIENES RECIBIDOS EN ARRENDAMIENTO FINANCIERO 	3
830505	BIENES MUEBLES 	4
830510	BIENES INMUEBLES 	4
830599	AJUSTES POR INFLACION 	4
8310	TITULOS DE INVERSION NO COLOCADOS 	3
831005	ACCIONES 	4
831010	BONOS 	4
831095	OTROS 	4
8315	PROPIEDADES PLANTA Y EQUIPO TOTALMENTE DEPRECIADOS, AGOTADOS Y/O AMORT 	3
831506	MATERIALES PROYECTOS PETROLEROS 	4
831516	CONSTRUCCIONES Y EDIFICACIONES 	4
831520	MAQUINARIA Y EQUIPO 	4
831524	EQUIPO DE OFICINA 	4
831528	EQUIPO DE COMPUTACION Y COMUNICACION 	4
831532	EQUIPO MEDICO - CIENTIFICO 	4
831536	EQUIPO DE HOTELES Y RESTAURANTES 	4
831540	FLOTA Y EQUIPO DE TRANSPORTE 	4
831544	FLOTA Y EQUIPO FLUVIAL Y/O MARITIMO 	4
831548	FLOTA Y EQUIPO AEREO 	4
831552	FLOTA Y EQUIPO FERREO 	4
831556	ACUEDUCTOS, PLANTAS Y REDES 	4
831560	ARMAMENTO DE VIGILANCIA 	4
831562	ENVASES Y EMPAQUES 	4
831564	PLANTACIONES AGRICOLAS Y FORESTALES 	4
831568	VIAS DE COMUNICACION 	4
831572	MINAS Y CANTERAS 	4
831576	POZOS ARTESIANOS 	4
831580	YACIMIENTOS 	4
831584	SEMOVIENTES 	4
831599	AJUSTES POR INFLACION 	4
8320	CREDITOS A FAVOR NO UTILIZADOS 	3
832010	EXTERIOR 	4
8325	ACTIVOS CASTIGADOS 	3
832505	INVERSIONES 	4
832510	DEUDORES 	4
832595	OTROS ACTIVOS 	4
8330	TITULOS DE INVERSION AMORTIZADOS 	3
833005	BONOS 	4
833095	OTROS 	4
8335	CAPITALIZACION POR REVALORIZACION DE PATRIMONIO 	3
8395	OTRAS CUENTAS DEUDORAS DE CONTROL 	3
839505	CHEQUES POSTFECHADOS 	4
839510	CERTIFICADOS DE DEPOSITO A TERMINO 	4
839515	CHEQUES DEVUELTOS 	4
839520	BIENES Y VALORES EN FIDEICOMISO 	4
839525	INTERESES SOBRE DEUDAS VENCIDAS 	4
839595	DIVERSAS 	4
839599	AJUSTES POR INFLACION 	4
8399	AJUSTES POR INFLACION ACTIVOS 	3
839905	INVERSIONES 	4
839910	INVENTARIOS 	4
839915	PROPIEDADES PLANTA Y EQUIPO 	4
839920	INTANGIBLES 	4
839925	CARGOS DIFERIDOS 	4
839995	OTROS ACTIVOS 	4
84	DERECHOS CONTINGENTES POR CONTRA (CR) 	2
85	DEUDORAS FISCALES POR CONTRA (CR) 	2
86	DEUDORAS DE CONTROL POR CONTRA (CR) 	2
9	CUENTAS DE ORDEN ACREEDORAS 	1
91	RESPONSABILIDADES CONTINGENTES 	2
9105	BIENES Y VALORES RECIBIDOS EN CUSTODIA 	3
910505	VALORES MOBILIARIOS 	4
910510	BIENES MUEBLES 	4
910599	AJUSTES POR INFLACION 	4
9110	BIENES Y VALORES RECIBIDOS EN GARANTIA 	3
911005	VALORES MOBILIARIOS 	4
911010	BIENES MUEBLES 	4
911015	BIENES INMUEBLES 	4
911020	CONTRATOS DE GANADO EN PARTICIPACION 	4
911099	AJUSTES POR INFLACION 	4
9115	BIENES Y VALORES RECIBIDOS DE TERCEROS 	3
911505	EN ARRENDAMIENTO 	4
911510	EN PRESTAMO 	4
911515	EN DEPOSITO 	4
911520	EN CONSIGNACION 	4
911525	EN COMODATO 	4
911599	AJUSTES POR INFLACION 	4
9120	LITIGIOS Y/O DEMANDAS 	3
912005	LABORALES 	4
912010	CIVILES 	4
912015	ADMINISTRATIVOS O ARBITRALES 	4
912020	TRIBUTARIOS 	4
9125	PROMESAS DE COMPRAVENTA 	3
9130	CONTRATOS DE ADMINISTRACION DELEGADA 	3
9135	CUENTAS EN PARTICIPACION 	3
9195	OTRAS RESPONSABILIDADES CONTINGENTES 	3
92	ACREEDORAS FISCALES 	2
93	ACREEDORAS DE CONTROL 	2
9305	CONTRATOS DE ARRENDAMIENTO FINANCIERO 	3
930505	BIENES MUEBLES 	4
930510	BIENES INMUEBLES 	4
9395	OTRAS CUENTAS DE ORDEN ACREEDORAS DE CONTROL 	3
939505	DOCUMENTOS POR COBRAR DESCONTADOS 	4
939510	CONVENIOS DE PAGO 	4
939515	CONTRATOS DE CONSTRUCCIONES E INSTALACIONES POR EJECUTAR 	4
939520	PEDIDOS COLOCADOS 	4
939525	ADJUDICACIONES PENDIENTES DE LEGALIZAR 	4
939530	RESERVA ARTICULO 3o. LEY 4/80 	4
939535	RESERVA COSTO REPOSICION SEMOVIENTES 	4
939599	AJUSTES POR INFLACION 	4
9399	AJUSTES POR INFLACION PATRIMONIO 	3
939905	CAPITAL SOCIAL 	4
939910	SUPERAVIT DE CAPITAL 	4
939915	RESERVAS 	4
939925	DIVIDENDOS O PARTICIPACIONES DECRETADAS EN ACCIONES, CUOTAS O PARTES DE 	4
939930	RESULTADOS DE EJERCICIOS ANTERIORES 	4
94	RESPONSABILIDADES CONTINGENTES POR CONTRA (DB) 	2
95	ACREEDORAS FISCALES POR CONTRA (DB) 	2
96	ACREEDORAS DE CONTROL POR CONTRA (DB) 	2
\.


--
-- Data for Name: producto; Type: TABLE DATA; Schema: public; Owner: postgres
--

COPY public.producto (codigo, nombre, unidad, iva, tipo, precio, costo, cantidad, total, subgrupo, utilidad, subgruponombre) FROM stdin;
\.


--
-- Data for Name: propiedad; Type: TABLE DATA; Schema: public; Owner: postgres
--

COPY public.propiedad (codigo, nombre, cuenta, ubicacion, fecha, valor, vresidual, vidautil, totalmes, acumulado, saldo, cuentagasto, cuentacontra, centro, inicia, tercero, terceronombre, libros) FROM stdin;
\.


--
-- Data for Name: regimenfiscal; Type: TABLE DATA; Schema: public; Owner: postgres
--

COPY public.regimenfiscal (codigo, nombre) FROM stdin;
49	No responsable de IVA
48	Responsable Del Impuesto Sobre Las Ventas iva
\.


--
-- Data for Name: residente; Type: TABLE DATA; Schema: public; Owner: postgres
--

COPY public.residente (codigo, nombre, juridica, primernombre, segundonombre, primerapellido, segundoapellido, direccion, telefono1, telefono2, email1, email2, contacto, descuento1, descuento2, cuotap, cuota1, cuota2, area, coeficiente, matricula, catastral, ciudad, nit, dv, ciudadexpedicion, fechaexpedicion, ciudadnacimiento, fechanacimiento) FROM stdin;
10	Luis Raul Roldan  Quevedo		Luis	Raul	Roldan 	Quevedo	Carrera 39 No. 26 B 11	(320) 429-8453	(320) 429-8453	viventas1936@gmail.com	viventas1936@gmail.com	Pedro Garnica	20000	30000	200000	0	0					50001	86044920	4	05001	2022-07-02	05001	2022-07-02
1	Segundo Eduardo Ojeda Enriquez		Segundo	Eduardo	Ojeda	Enriquez	Carrera 26 No. 45-30 Apto. 207	(312) 448-7517	(312) 448-7517	eduardoeoe@gmail.com	eduardoeoe@gmail.com	Carlos Omar Ojeda Enriquez	30000	20000	250000	100000	50000					50001	12962479	8	05001	2022-07-02	05001	2022-07-02
2	Andres Eduardo Ojeda Medina		Andres	Eduardo	Ojeda	Medina	Carrera 26 No. 45-30 Apto. 207	(311) 507-1771	(311) 507-1771	andresojedams@gmail.com	andresojedams@gmail.com	Pedro Garnica	20000	10000	200000	0	0					50001	80853536	5	05001	2022-07-02	05001	2022-07-02
3	Jose  Reyes Cadena		Jose		Reyes	Cadena	Calle 22 No. 36-26	(310) 299-0591	(310) 299-0591	viventas1936@gmail.com	viventas1936@gmail.com	Yaneth Garnica	30000	20000	250000	0	0					50001	93372178	2	05001	2022-07-02	05001	2022-07-02
4	Jose Domingo Mendez Briceo		Jose	Domingo	Mendez	Briceo	Carrera 39 No. 26 B 11	(310) 299-0591	(310) 299-0591	viventas1936@gmail.com	viventas1936@gmail.com	Pedro Garnica	20000	10000	200000	0	0					50001	17341377	1	05001	2022-07-02	05001	2022-07-02
5	Diana Lucia Carrillo Reina		Diana	Lucia	Carrillo	Reina	Calle 39 No. 19b 22	(312) 408-4449	(312) 408-4449	viventas1936@gmail.com	viventas1936@gmail.com	Pedro Garnica	30000	10000	250000	100000	50000					50001	1121819917	7	05001	2022-07-02	05001	2022-07-02
6	Irma Janeth Garnica Herrera		Irma	Janeth	Garnica	Herrera	Carrera 39 No. 26 B 11	(310) 299-0591	(310) 299-0591	viventas1936@gmail.com	viventas1936@gmail.com	Yayigar1@Hotmail.Com	20000	10000	200000	0	0					50001	51591555	4	05001	2022-07-02	05001	2022-07-02
7	Victor  Manuel Garnica Benavides		Victor 	Manuel	Garnica	Benavides	Carrera 39 No. 26 B 11	(310) 299-0591	(310) 299-0591	viventas1936@gmail.com	viventas1936@gmail.com	Pedro Garnica	30000	20000	250000	0	0					50001	2853308	1	05001	2022-07-02	05001	2022-07-02
8	Pedro  Manuel  Garnica Herrera		Pedro 	Manuel 	Garnica	Herrera	Carrera 39 No. 26 B 11	(310) 299-0591	(310) 299-0591	viventas1936@gmail.com	viventas1936@gmail.com	Yayigar1@Hotmail.Com	20000	10000	200000	0	0					50001	19337558	9	05001	2022-07-02	05001	2022-07-02
9	Doniria  Suescun Varela		Doniria		Suescun	Varela	Manzana 18 Casa 13	(310) 299-0591	(310) 299-0591	viventas1936@gmail.com	viventas1936@gmail.com	Yaneth Garnica	30000	20000	250000	100000	50000					50001	40447046	6	05001	2022-07-02	05001	2022-07-02
\.


--
-- Data for Name: resolucionnomina; Type: TABLE DATA; Schema: public; Owner: postgres
--

COPY public.resolucionnomina (codigo, numero, prefijo, tipo, local, direccion, telefono, informe, fechainicial, fechafinal, numeroinicial, numerofinal, numeroactual, ciudad, clavetecnica, idesoftware, testid, pin, ambiente) FROM stdin;
1	123456789012345	ZXCV	Electronica	San Isidro La Merced	Carrera 26 No. 45-30 Apto. 207	(312) 448-7517	Computador1	2021-07-29 00:00:00	2021-07-29 00:00:00	1	2000	16	50001	AB	CD	EF	GH	1
3	321654987	TGBH	Electronica	San Sebastian	Calle 20 No. 40-55	(312) 448-7517	Computador1	2021-09-07 00:00:00	2021-09-07 00:00:00	1000000	5000000	6000	50001					1
2	321654987321654	POIU	Electronica	San Isidro La Merced	Carrera 26 No. 45-30 Apto. 207	(312) 448-7517	Computador1	2021-09-07 00:00:00	2021-09-07 00:00:00	1	500	0	50001	QWE	RTY	YUI	JKL	1
\.


--
-- Data for Name: resolucionsoporte; Type: TABLE DATA; Schema: public; Owner: postgres
--

COPY public.resolucionsoporte (codigo, numero, prefijo, tipo, local, direccion, telefono, informe, fechainicial, fechafinal, numeroinicial, numerofinal, numeroactual, ciudad, clavetecnica, idesoftware, testid, pin, ambiente) FROM stdin;
1	18764011070913	DOSO	Electronica			(312) 448-7517	Computador1	2020-01-01	2022-12-31	1	2.000	55	50001					1
\.


--
-- Data for Name: resolucionventa; Type: TABLE DATA; Schema: public; Owner: postgres
--

COPY public.resolucionventa (codigo, numero, prefijo, tipo, local, direccion, telefono, informe, fechainicial, fechafinal, numeroinicial, numerofinal, numeroactual, ciudad, clavetecnica, idesoftware, testid, pin, ambiente) FROM stdin;
2	123456789564546	KGBC	Electronica	San Isidro La Merced	Carrera 26 No. 45-30 Apto. 207	(312) 448-7517	Computador1	2021-09-07 00:00:00	2021-09-07 00:00:00	1000000	25000000	456000	50001	zx	xc	cv	vb	1
3	123456987787	POIU	Electronica	San Sebastian	Calle 20 No. 58-25	(312) 448-7517	Computador1	2021-09-07 00:00:00	2021-09-07 00:00:00	10000	5000000	6000	50001	l	l	l	l	1
4	1321323211	POIU	Electronica	San Benito	Calle 20 No. 45-30	(312) 448-7851	Computador1	2021-09-07 00:00:00	2021-09-07 00:00:00	10000000	50000000	2500000	50001	lk	oi	uy	hn	1
5	123456789012345	ABCD	Electronica	San Isidro La Merced	Carrera 26 No. 45-30 Apto. 207	(312) 448-7517	Computador1	2022-02-25 00:00:00	2022-02-25 00:00:00	500000	1000000	5210	50001	a	b	c	D	1
1	123456789012345	ABCD	Electronica	San Isidro La Merced	Carrera 26 No. 45-30 Apto. 207	(312) 448-7517	Computador1	2021-09-07 00:00:00	2021-09-07 00:00:00	500000	1000000	5286	50001	a	b	c	D	1
\.


--
-- Data for Name: responsabilidadfiscal; Type: TABLE DATA; Schema: public; Owner: postgres
--

COPY public.responsabilidadfiscal (codigo, nombre) FROM stdin;
R-99-PN	No responsable
O-13	Gran contribuyente
O-15	Autorretenedor
O-23	Agente de retencin IVA
O-47	Rgimen simple de tributacin
\.


--
-- Data for Name: retencionenlafuente; Type: TABLE DATA; Schema: public; Owner: postgres
--

COPY public.retencionenlafuente (codigo, nombre, valor, porcentaje) FROM stdin;
1 	Compras en general realizadas a obligados a declarar renta. 	 $980.000 	0,025 
2 	Compras en general realizadas a no obligados a declarar renta. 	 $980.000 	0,035 
3 	Compra de caf pergamino o cereza. 	> $5.809.000 	0,005 
4 	Compras con tarjetas de dbito o de crdito. 	> $0 	0,015 
5 	Compra de productos agrcolas o pecuarios sin procesamiento industrial. 	> $3.340.000 	0,015 
6 	Compra de bienes y productos agrcolas o pecuarios con procesamiento industrial, llevada a cabo por personas 	 $980.000 	0,025 
7 	Compra de bienes y productos agrcolas o pecuarios con procesamiento industrial, llevada a cabo por personas 	 $980.000 	0,035 
8 	Adquisicin de bienes races para uso de vivienda de habitacin por las primeras 20.000 UVT. 	 $726.160.000 	0,01 
9 	Adquisicin de bienes races para uso de vivienda de habitacin cuando exceda las 20.000 UVT (al excedente se le 	> $726.160.000 	0,025 
10	Adquisicin de bienes races para uso diferente a vivienda de habitacin, si el vendedor es persona jurdica, sociedad 	 $980.000 	0,025 
11	Adquisicin de vehculos. 	 $980.000 	0,01 
12	Compra de combustibles derivados del petrleo. 	> $0 	0,001 
13	Enajenacin de activos fijos por parte de personas naturales (ante la enajenacin de vehiculos, el agente de 	> $980.000 	0,01 
14	Enajenacin de bienes races por parte de personas jurdicas. 	 $980.000 	0,01 
15	Enajenacin de bienes races por parte de personas jurdicas. 	 $980.000 	0,025 
16	Arrendamientos de bienes muebles. 	> $0 	0,04 
17	Arrendamiento de bienes races. 	 $980.000 	0,035 
18	Honorarios y comisiones cuando el beneficiario del pago o abono es una persona jurdica y asimilada. 	> $0 	0,11 
19	Honorarios y comisiones cuando el beneficiario del pago o abono es una persona natural (la tarifa depende de las 	> $0 	0,1 
20	Honorarios y comisiones cuando el beneficiario del pago o abono es una persona natural (la tarifa depende de las 	> $0 	0,11 
21	Comisiones en el sector financiero. 	> $0 	0,11 
22	Comisiones por transacciones en bolsa. 	> $0 	0,03 
23	Contratos de consultora en ingeniera de proyectos de infraestructura y edificaciones a favor de personas naturales o 	> $0 	0,06 
24	Contratos de consultora en ingeniera de proyectos de infraestructura y edificaciones a favor de personas naturales, 	> $119.816.000 	0,06 
25	Contratos de consultora en ingeniera de proyectos de infraestructura y edificaciones a favor de personas naturales, 	> $0 	0,1 
26	Contratos de consultora de obras pblicas. 	> $0 	0,02 
27	Contratos de construccin o urbanizacin. 	 $980.000 	0,02 
28	Diseo de pgina web y consultora en programas de informtica cuando el beneficiario del pago es un obligado 	> $0 	0,035 
29	Diseo de pgina web y consultora en programas de informtica cuando el beneficiario del pago no est obligado 	> $0 	0,1 
30	Diseo de pgina web y consultora en programas de informtica cuando el beneficiario del pago no est obligado 	> $0 	0,11 
31	Prestacin de servicios de ssmica para el sector de hidrocarburos por personas jurdicas y personas naturales 	> $0 	0,06 
32	Prestacin de servicios de ssmica para el sector de hidrocarburos por personas naturales no obligadas a declarar 	> $0 	0,1 
33	Por emolumentos eclesisticos efectuados a personas naturales obligadas a declarar renta. 	 $980.000 	0,04 
34	Por emolumentos eclesisticos efectuados a personas naturales no obligadas a declarar renta. 	 $980.000 	0,035 
35	Loteras, rifas, apuestas y similares. 	> $1.743.000 	0,2 
36	Retencin en colocacin independiente de juegos de suerte y azar (la retencin aplica cuando los ingresos diarios 	> $182.000 	0,03 
37	Para artistas extranjeros que efecten presentaciones artsticas o culturales en Colombia. 	> $0 	0,08 
38	Exportacin de hidrocarburos. 	 $980.000 	0,03 
39	Exportacin de otros productos mineros, incluyendo el oro. 	 $980.000 	0,01 
40	Rendimientos financieros en general. 	> $0 	0,07 
41	Intereses o rendimientos financieros por operaciones activas de crdito o mutuo comercial. 	> $0 	0,025 
42	Tarifa de retencin en rendimientos financieros provenientes de ttulos de renta fija. 	> $0 	0,04 
43	Servicios de aseo y vigilancia (la base ser el 100 % del AIU siempre que sea mayor o igual a 4 UVT). 	 $145.000 	0,02 
44	Servicios de hoteles, restaurantes y hospedajes para obligados a declarar renta. 	 $145.000 	0,035 
45	Servicios de transporte nacional de carga. 	 $145.000 	0,01 
46	Servicios de transporte terrestre nacional de pasajeros. 	 $980.000 	0,035 
47	Servicio de transporte areo y martimo de pasajeros. 	 $145.000 	0,01 
48	Servicios en general cuando el beneficiario del pago o abono es persona jurdica, asimilada o persona natural 	 $145.000 	0,04 
49	Servicios en general cuando el beneficiario del pago o abono es persona natural no obligada a declarar renta. 	 $145.000 	0,04 
50	Servicios en general cuando el beneficiario del pago o abono es persona natural no obligada a declarar renta. 	 $145.000 	0,06 
51	Servicios temporales de empleo (la base ser el 100 % del AIU siempre que sea mayor o igual a 4 UVT). 	 $145.000 	0,01 
52	Servicios integrales de salud prestados por una IPS. 	 $145.000 	0,02 
53	Servicios de licenciamiento y derechos de uso de software a obligados a declarar renta. 	> $0 	0,035 
\.


--
-- Data for Name: saldo; Type: TABLE DATA; Schema: public; Owner: postgres
--

COPY public.saldo (bodega, producto, cantidad) FROM stdin;
\.


--
-- Data for Name: soporte; Type: TABLE DATA; Schema: public; Owner: postgres
--

COPY public.soporte (resolucionsoporte, codigo, fecha, vence, hora, subtotal19, subtotal5, subtotal0, subtotal, subtotaliva19, subtotaliva5, subtotaliva0, subtotalbase19, subtotalbase5, subtotalbase0, totaliva, total, porcentajeretencionfuente, totalretencionfuente, porcentajeretencionica, totalretencionica, neto, items, formadepago, mediodepago, tercero, almacenista, descuento, subtotaldescuento19, subtotaldescuento5, subtotaldescuento0, pedidosoporte, tipo, centro) FROM stdin;
\.


--
-- Data for Name: soportedetalle; Type: TABLE DATA; Schema: public; Owner: postgres
--

COPY public.soportedetalle (id, codigo, fila, cantidad, precio, subtotal, pagina, bodega, descuento, montodescuento, sigratis, subtotaldescuento, tipo, fecha, producto) FROM stdin;
\.


--
-- Data for Name: soporteservicio; Type: TABLE DATA; Schema: public; Owner: postgres
--

COPY public.soporteservicio (resolucionsoporte, codigo, fecha, vence, hora, subtotal19, subtotal5, subtotal0, subtotal, subtotaliva19, subtotaliva5, subtotaliva0, subtotalbase19, subtotalbase5, subtotalbase0, totaliva, total, porcentajeretencionfuente, totalretencionfuente, porcentajeretencionica, totalretencionica, neto, items, formadepago, mediodepago, tercero, almacenista, descuento, subtotaldescuento19, subtotaldescuento5, subtotaldescuento0, pedidosoporteservicio, tipo, centro, soporteserviciocuenta0, soporteservicionombre0, soporteserviciocuentaretfte, soporteservicionombreretfte) FROM stdin;
1	21	2021-03-31	2021-03-31	11:30:7 AM	0	0	2500000	2500000	0	0	0	0	0	0	0	2500000	0.00	0	0.60	15000	2485000	1 	2	42	2853308	19337558	0	0	0	0		Soporteservicio	1	51023502	Asesoria Inmobiliaria 		
1	15	2021-01-31	2021-01-31	11:30:25 AM	0	0	2500000	2500000	0	0	0	0	0	0	0	2500000	0.00	0	0.60	15000	2485000	1 	2	42	2853308	19337558	0	0	0	0		Soporteservicio	1	51023502	Asesoria Inmobiliaria 		
1	16	2021-02-28	2021-02-28	11:31:25 AM	0	0	2500000	2500000	0	0	0	0	0	0	0	2500000	0.00	0	0.60	15000	2485000	1 	2	42	51591555	19337558	0	0	0	0		Soporteservicio	1	51023501	Honorarios De Administracion Local		
1	23	2021-04-30	2021-04-30	11:33:30 AM	0	0	2500000	2500000	0	0	0	0	0	0	0	2500000	0.00	0	0.60	15000	2485000	1 	2	42	51591555	19337558	0	0	0	0		Soporteservicio	1	51023501	Honorarios De Administracion Local		
1	24	2021-04-30	2021-04-30	11:33:58 AM	0	0	2500000	2500000	0	0	0	0	0	0	0	2500000	0.00	0	0.60	15000	2485000	1 	2	42	2853308	19337558	0	0	0	0		Soporteservicio	1	51023502	Asesoria Inmobiliaria 		
1	27	2021-05-31	2021-05-31	11:35:17 AM	0	0	2500000	2500000	0	0	0	0	0	0	0	2500000	0.00	0	0.60	15000	2485000	1 	2	42	2853308	19337558	0	0	0	0		Soporteservicio	1	51023502	Asesoria Inmobiliaria 		
1	26	2021-05-31	2021-05-31	11:37:2 AM	0	0	2500000	2500000	0	0	0	0	0	0	0	2500000	0.00	0	0.60	15000	2485000	1 	2	42	51591555	19337558	0	0	0	0		Soporteservicio	1	51023501	Honorarios De Administracion Local		
1	29	2021-06-30	2021-06-30	11:37:40 AM	0	0	2500000	2500000	0	0	0	0	0	0	0	2500000	0.00	0	0.60	15000	2485000	1 	2	42	51591555	19337558	0	0	0	0		Soporteservicio	1	51023501	Honorarios De Administracion Local		
1	30	2021-06-30	2021-06-30	11:38:2 AM	0	0	2500000	2500000	0	0	0	0	0	0	0	2500000	0.00	0	0.60	15000	2485000	1 	2	42	2853308	19337558	0	0	0	0		Soporteservicio	1	51023502	Asesoria Inmobiliaria 		
1	33	2021-07-31	2021-07-31	11:39:34 AM	0	0	2500000	2500000	0	0	0	0	0	0	0	2500000	0.00	0	0.60	15000	2485000	1 	2	42	2853308	19337558	0	0	0	0		Soporteservicio	1	51023502	Asesoria Inmobiliaria 		
1	36	2021-08-31	2021-08-31	11:41:2 AM	0	0	2500000	2500000	0	0	0	0	0	0	0	2500000	0.00	0	0.60	15000	2485000	1 	2	42	2853308	19337558	0	0	0	0		Soporteservicio	1	51023502	Asesoria Inmobiliaria 		
1	4	2019-12-31	2019-12-31	1:46:5 PM	0	0	30000000	30000000	0	0	0	0	0	0	0	30000000	2.00	600000	0.00	0	29400000	1 	2	42	40447046	19337558	0	0	0	0		Soporteservicio	1	51111201	Mantenimiento Y Reparaciones	24020801	Ret. Fte. 2% Contratos
1	5	2019-12-31	2019-12-31	1:46:43 PM	0	0	30000000	30000000	0	0	0	0	0	0	0	30000000	2.00	600000	0.00	0	29400000	1 	2	42	93372178	19337558	0	0	0	0		Soporteservicio	1	51111201	Mantenimiento Y Reparaciones	24020801	Ret. Fte. 2% Contratos
1	6	2019-12-31	2019-12-31	1:47:11 PM	0	0	30000000	30000000	0	0	0	0	0	0	0	30000000	2.00	600000	0.00	0	29400000	1 	2	42	6402495	19337558	0	0	0	0		Soporteservicio	1	51111201	Mantenimiento Y Reparaciones	24020801	Ret. Fte. 2% Contratos
1	7	2020-11-08	2020-11-08	3:38:30 PM	0	0	197200	197200	0	0	0	0	0	0	0	197200	0.00	0	0.00	0	197200	1 	2	42	17341377	19337558	0	0	0	0		Soporteservicio	1	51111201	Mantenimiento Y Reparaciones		
1	8	2020-12-23	2020-12-23	3:47:26 PM	0	0	6906122	6906122	0	0	0	0	0	0	0	6906122	2.00	138122	0.00	0	6768000	1 	2	42	1120365091	19337558	0	0	0	0		Soporteservicio	1	51111201	Mantenimiento Y Reparaciones	24020801	Ret. Fte. 2% Contratos
1	9	2020-12-31	2020-12-31	3:57:48 PM	0	0	17875837	17875837	0	0	0	0	0	0	0	17875837	2.00	357517	0.00	0	17518320	1 	2	42	51591555	19337558	0	0	0	0		Soporteservicio	1	15020502	Ajustes Local Siete De Agosto	24020801	Ret. Fte. 2% Contratos
1	10	2020-12-31	2020-12-31	3:58:48 PM	0	0	11579635	11579635	0	0	0	0	0	0	0	11579635	2.00	231593	0.00	0	11348042	1 	2	42	51591555	19337558	0	0	0	0		Soporteservicio	1	51111201	Mantenimiento Y Reparaciones	24020801	Ret. Fte. 2% Contratos
1	11	2020-12-31	2020-12-31	4:0:43 PM	0	0	34500000	34500000	0	0	0	0	0	0	0	34500000	2.00	690000	0.00	0	33810000	1 	2	42	40447046	19337558	0	0	0	0		Soporteservicio	1	51111201	Mantenimiento Y Reparaciones	24020801	Ret. Fte. 2% Contratos
1	12	2020-12-31	2020-12-31	10:30:44 AM	0	0	34500000	34500000	0	0	0	0	0	0	0	34500000	2.00	690000	0.00	0	33810000	1 	2	42	93372178	19337558	0	0	0	0		Soporteservicio	1	51111201	Mantenimiento Y Reparaciones	24020801	Ret. Fte. 2% Contratos
1	13	2021-01-31	2021-01-31	11:16:59 AM	0	0	300000	300000	0	0	0	0	0	0	0	300000	0.00	0	0.60	1800	298200	1 	2	42	12962479	19337558	0	0	0	0		Soporteservicio	1	51020501	Honorarios Contabilidad		
1	14	2021-01-31	2021-01-31	11:22:31 AM	0	0	2500000	2500000	0	0	0	0	0	0	0	2500000	0.00	0	0.60	15000	2485000	1 	2	42	51591555	19337558	0	0	0	0		Soporteservicio	1	51023501	Honorarios De Administracion Local		
1	17	2021-02-28	2021-02-28	11:25:52 AM	0	0	2500000	2500000	0	0	0	0	0	0	0	2500000	0.00	0	0.60	15000	2485000	1 	2	42	2853308	19337558	0	0	0	0		Soporteservicio	1	51023502	Asesoria Inmobiliaria 		
1	18	2021-02-28	2021-02-28	11:26:17 AM	0	0	300000	300000	0	0	0	0	0	0	0	300000	0.00	0	0.60	1800	298200	1 	2	42	12962479	19337558	0	0	0	0		Soporteservicio	1	51020501	Honorarios Contabilidad		
1	19	2021-03-31	2021-03-31	11:27:14 AM	0	0	300000	300000	0	0	0	0	0	0	0	300000	0.00	0	0.60	1800	298200	1 	2	42	12962479	19337558	0	0	0	0		Soporteservicio	1	51020501	Honorarios Contabilidad		
1	20	2021-03-31	2021-03-31	11:27:42 AM	0	0	2500000	2500000	0	0	0	0	0	0	0	2500000	0.00	0	0.60	15000	2485000	1 	2	42	51591555	19337558	0	0	0	0		Soporteservicio	1	51023501	Honorarios De Administracion Local		
1	39	2021-09-30	2021-09-30	11:45:21 AM	0	0	2500000	2500000	0	0	0	0	0	0	0	2500000	0.00	0	0.60	15000	2485000	1 	2	42	2853308	19337558	0	0	0	0		Soporteservicio	1	51023502	Asesoria Inmobiliaria 		
1	42	2021-10-31	2021-10-31	11:45:54 AM	0	0	2500000	2500000	0	0	0	0	0	0	0	2500000	0.00	0	0.60	15000	2485000	1 	2	42	2853308	19337558	0	0	0	0		Soporteservicio	1	51023502	Asesoria Inmobiliaria 		
1	22	2021-04-20	2021-04-20	7:16:1 AM	0	0	175000	175000	0	0	0	0	0	0	0	175000	6.00	10500	0.60	1050	163450	1 	2	42	1121819917	19337558	0	0	0	0		Soporteservicio	1	51111201	Mantenimiento Y Reparaciones	24020403	Ret. Fte. 6% Servicios
1	25	2021-04-30	2021-04-30	7:17:38 AM	0	0	300000	300000	0	0	0	0	0	0	0	300000	0.00	0	0.60	1800	298200	1 	2	42	12962479	19337558	0	0	0	0		Soporteservicio	1	51020501	Honorarios Contabilidad		
1	28	2021-05-31	2021-05-31	7:18:24 AM	0	0	300000	300000	0	0	0	0	0	0	0	300000	0.00	0	0.60	1800	298200	1 	2	42	12962479	19337558	0	0	0	0		Soporteservicio	1	51020501	Honorarios Contabilidad		
1	31	2021-06-30	2021-06-30	7:18:55 AM	0	0	300000	300000	0	0	0	0	0	0	0	300000	0.00	0	0.60	1800	298200	1 	2	42	12962479	19337558	0	0	0	0		Soporteservicio	1	51020501	Honorarios Contabilidad		
1	32	2021-07-05	2021-07-05	8:29:46 AM	0	0	450000	450000	0	0	0	0	0	0	0	450000	6.00	27000	0.60	2700	420300	1 	2	42	17341377	19337558	0	0	0	0		Soporteservicio	1	51111201	Mantenimiento Y Reparaciones	24020403	Ret. Fte. 6% Servicios
1	34	2021-07-31	2021-07-31	8:30:41 AM	0	0	300000	300000	0	0	0	0	0	0	0	300000	0.00	0	0.60	1800	298200	1 	2	42	12962479	19337558	0	0	0	0		Soporteservicio	1	51020501	Honorarios Contabilidad		
1	35	2021-07-31	2021-07-31	8:31:23 AM	0	0	2500000	2500000	0	0	0	0	0	0	0	2500000	0.00	0	0.60	15000	2485000	1 	2	42	51591555	19337558	0	0	0	0		Soporteservicio	1	51023501	Honorarios De Administracion Local		
1	38	2021-08-31	2021-08-31	8:32:50 AM	0	0	2500000	2500000	0	0	0	0	0	0	0	2500000	0.00	0	0.60	15000	2485000	1 	2	42	51591555	19337558	0	0	0	0		Soporteservicio	1	51023501	Honorarios De Administracion Local		
1	43	2021-10-31	2021-10-31	8:37:5 AM	0	0	300000	300000	0	0	0	0	0	0	0	300000	0.00	0	0.60	1800	298200	1 	2	42	12962479	19337558	0	0	0	0		Soporteservicio	1	51020501	Honorarios Contabilidad		
1	44	2021-10-31	2021-10-31	8:37:37 AM	0	0	2500000	2500000	0	0	0	0	0	0	0	2500000	0.00	0	0.60	15000	2485000	1 	2	42	51591555	19337558	0	0	0	0		Soporteservicio	1	51023501	Honorarios De Administracion Local		
1	45	2021-10-31	2021-10-31	8:41:22 AM	0	0	21277616	21277616	0	0	0	0	0	0	0	21277616	2.00	425552	0.60	127666	20724398	1 	2	42	40447046	19337558	0	0	0	0		Soporteservicio	1	51111201	Mantenimiento Y Reparaciones	24020801	Ret. Fte. 2% Contratos
1	46	2021-10-31	2021-10-31	8:43:2 AM	0	0	8722384	8722384	0	0	0	0	0	0	0	8722384	2.00	174448	0.60	52334	8495602	1 	2	42	93372178	19337558	0	0	0	0		Soporteservicio	1	51111201	Mantenimiento Y Reparaciones	24020801	Ret. Fte. 2% Contratos
1	41	2021-09-30	2021-09-30	8:51:50 AM	0	0	2500000	2500000	0	0	0	0	0	0	0	2500000	0.00	0	0.60	15000	2485000	1 	2	42	51591555	19337558	0	0	0	0		Soporteservicio	1	51023501	Honorarios De Administracion Local		
1	48	2021-11-30	2021-11-30	8:53:28 AM	0	0	2500000	2500000	0	0	0	0	0	0	0	2500000	0.00	0	0.60	15000	2485000	1 	2	42	2853308	19337558	0	0	0	0		Soporteservicio	1	51023502	Asesoria Inmobiliaria 		
1	49	2021-11-30	2021-11-30	8:58:21 AM	0	0	2500000	2500000	0	0	0	0	0	0	0	2500000	0.00	0	0.60	15000	2485000	1 	2	42	51591555	19337558	0	0	0	0		Soporteservicio	1	51023501	Honorarios De Administracion Local		
1	37	2021-08-31	2021-08-31	9:8:45 AM	0	0	300000	300000	0	0	0	0	0	0	0	300000	0.00	0	0.60	1800	298200	1 	2	42	12962479	19337558	0	0	0	0		Soporteservicio	1	51020501	Honorarios Contabilidad		
1	40	2021-09-30	2021-09-30	9:9:56 AM	0	0	300000	300000	0	0	0	0	0	0	0	300000	0.00	0	0.60	1800	298200	1 	2	42	12962479	19337558	0	0	0	0		Soporteservicio	1	51020501	Honorarios Contabilidad		
1	51	2021-12-31	2021-12-31	9:11:28 AM	0	0	2500000	2500000	0	0	0	0	0	0	0	2500000	0.00	0	0.60	15000	2485000	1 	2	42	51591555	19337558	0	0	0	0		Soporteservicio	1	51023501	Honorarios De Administracion Local		
1	52	2021-12-31	2021-12-31	9:11:57 AM	0	0	2500000	2500000	0	0	0	0	0	0	0	2500000	0.00	0	0.60	15000	2485000	1 	2	42	2853308	19337558	0	0	0	0		Soporteservicio	1	51023502	Asesoria Inmobiliaria 		
1	53	2021-12-31	2021-12-31	9:12:48 AM	0	0	6000000	6000000	0	0	0	0	0	0	0	6000000	2.00	120000	0.60	36000	5844000	1 	2	42	93372178	19337558	0	0	0	0		Soporteservicio	1	51111201	Mantenimiento Y Reparaciones	24020801	Ret. Fte. 2% Contratos
1	54	2021-12-31	2021-12-31	1:38:44 PM	0	0	6555231	6555231	0	0	0	0	0	0	0	6555231	2.00	131105	0.60	39331	6384795	1 	2	42	93372178	19337558	0	0	0	0		Soporteservicio	1	15020502	Ajustes Local Siete De Agosto	24020801	Ret. Fte. 2% Contratos
1	47	2021-11-30	2021-11-30	4:4:20 PM	0	0	300000	300000	0	0	0	0	0	0	0	300000	0.00	0	0.60	1800	298200	1 	2	42	12962479	19337558	0	0	0	0		Soporteservicio	1	51111201	Mantenimiento Y Reparaciones		
1	50	2021-11-30	2021-11-30	8:7:0 PM	0	0	300000	300000	0	0	0	0	0	0	0	300000	6.00	18000	0.60	1800	280200	1 	2	42	17341377	19337558	0	0	0	0		Soporteservicio	1	51020501	Honorarios Contabilidad	24020403	Ret. Fte. 6% Servicios
1	55	2021-12-31	2021-12-31	8:9:54 PM	0	0	300000	300000	0	0	0	0	0	0	0	300000	0.00	0	0.60	1800	298200	1 	2	42	12962479	19337558	0	0	0	0		Soporteservicio	1	51020501	Honorarios Contabilidad		
\.


--
-- Data for Name: soporteserviciodetalle; Type: TABLE DATA; Schema: public; Owner: postgres
--

COPY public.soporteserviciodetalle (id, codigo, fila, cantidad, precio, subtotal, pagina, bodega, nombreservicio, unidadservicio, codigoservicio, descuento, montodescuento, sigratis, subtotaldescuento, tipo, fecha) FROM stdin;
	21	1    	1	2500000	2500000			HONORARIOS DE ASESORIA INMOBILIARIA  DEL MES DE MARZO DE 2021	Unidad	1001	0	0		0	Soporteservicio	2021-03-31
	15	1    	1	2500000	2500000			HONORARIOS DE ASESORIA INMOBILIARIA  DEL MES DE ENERO DE 2021	Unidad	1001	0	0		0	Soporteservicio	2021-01-31
	16	1    	1	2500000	2500000			HONORARIOS DE ADMINISTRACION DEL MES DE FEBRERO DE 2021	Unidad	1001	0	0		0	Soporteservicio	2021-02-28
	23	1    	1	2500000	2500000			HONORARIOS DE ADMINISTRACION DEL MES DE ABRIL DE 2021	Unidad	1001	0	0		0	Soporteservicio	2021-04-30
	24	1    	1	2500000	2500000			HONORARIOS DE ASESORIA INMOBILIARIA  DEL MES DE ABRIL DE 2021	Unidad	1001	0	0		0	Soporteservicio	2021-04-30
	27	1    	1	2500000	2500000			HONORARIOS DE ASESORIA INMOBILIARIA  DEL MES DE MAYO DE 2021	Unidad	1001	0	0		0	Soporteservicio	2021-05-31
	26	1    	1	2500000	2500000			HONORARIOS DE ADMINISTRACION DEL MES DE MAYO DE 2021	Unidad	1001	0	0		0	Soporteservicio	2021-05-31
	29	1    	1	2500000	2500000			HONORARIOS DE ADMINISTRACION DEL MES DE JUNIO DE 2021	Unidad	1001	0	0		0	Soporteservicio	2021-06-30
	30	1    	1	2500000	2500000			HONORARIOS DE ASESORIA INMOBILIARIA  DEL MES DE JUNIO DE 2021	Unidad	1001	0	0		0	Soporteservicio	2021-06-30
	33	1    	1	2500000	2500000			HONORARIOS DE ASESORIA INMOBILIARIA  DEL MES DE JULIO DE 2021	Unidad	1001	0	0		0	Soporteservicio	2021-07-31
	4	1    	1	30000000	30000000			CONTRATO OBRA CIVIL	Unidad	1001	0	0		0	Soporteservicio	2019-12-31
	5	1    	1	30000000	30000000			CONTRATO OBRA CIVIL	Unidad	1001	0	0		0	Soporteservicio	2019-12-31
	6	1    	1	30000000	30000000			CONTRATO OBRA CIVIL	Unidad	1001	0	0		0	Soporteservicio	2019-12-31
	7	1    	1	197200	197200			MATERIAL DE CONSTRUCCION	Unidad	1001	0	0		0	Soporteservicio	2020-11-08
	8	1    	1	6906122	6906122			MATERIAL DE CONSTRUCCION	Unidad	1001	0	0		0	Soporteservicio	2020-12-23
	9	1    	1	17875837	17875837			MATERIAL DE CONSTRUCCION	Unidad	1001	0	0		0	Soporteservicio	2020-12-31
	10	1    	1	11579635	11579635			MATERIAL DE CONSTRUCCION	Unidad	1001	0	0		0	Soporteservicio	2020-12-31
	11	1    	1	34500000	34500000			MATERIAL DE CONSTRUCCION	Unidad	1001	0	0		0	Soporteservicio	2020-12-31
	36	1    	1	2500000	2500000			HONORARIOS DE ASESORIA INMOBILIARIA  DEL MES DE AGOSTO DE 2021	Unidad	1001	0	0		0	Soporteservicio	2021-08-31
	39	1    	1	2500000	2500000			HONORARIOS DE ASESORIA INMOBILIARIA  DEL MES DE SEPTIEMBRE DE 2021	Unidad	1001	0	0		0	Soporteservicio	2021-09-30
	12	1    	1	34500000	34500000			MATERIAL DE CONSTRUCCION	Unidad	1001	0	0		0	Soporteservicio	2020-12-31
	42	1    	1	2500000	2500000			HONORARIOS DE ASESORIA INMOBILIARIA  DEL MES DE OCTUBRE DE 2021	Unidad	1001	0	0		0	Soporteservicio	2021-10-31
	22	1    	1	175000	175000			MATERIALES DE CONSTRUCCION Y SERVICIOS	Unidad	1001	0	0		0	Soporteservicio	2021-04-20
	25	1    	1	300000	300000			ASESORIAS CONTABLES DEL MES DE ABRIL DE 2021	Unidad	1001	0	0		0	Soporteservicio	2021-04-30
	28	1    	1	300000	300000			ASESORIAS CONTABLES DEL MES DE MAYO DE 2021	Unidad	1001	0	0		0	Soporteservicio	2021-05-31
	31	1    	1	300000	300000			ASESORIAS CONTABLES DEL MES DE JUNIO DE 2021	Unidad	1001	0	0		0	Soporteservicio	2021-06-30
	32	1    	1	450000	450000			MATERIALES Y SERVICIOS 	Unidad	1001	0	0		0	Soporteservicio	2021-07-05
	34	1    	1	300000	300000			ASESORIAS CONTABLES DEL MES DE JULIO DE 2021	Unidad	1001	0	0		0	Soporteservicio	2021-07-31
	35	1    	1	2500000	2500000			HONORARIOS DE ADMINISTRACION DEL MES DE JULIO DE 2021	Unidad	1001	0	0		0	Soporteservicio	2021-07-31
	13	1    	1	300000	300000			ASESORIAS CONTABLES DEL MES DE ENERO DE 2021	Unidad	1001	0	0		0	Soporteservicio	2021-01-31
	14	1    	1	2500000	2500000			HONORARIOS DE ADMINISTRACION DEL MES DE ENERO DE 2021	Unidad	1001	0	0		0	Soporteservicio	2021-01-31
	38	1    	1	2500000	2500000			HONORARIOS DE ADMINISTRACION DEL MES DE AGOSTO DE 2021	Unidad	1001	0	0		0	Soporteservicio	2021-08-31
	17	1    	1	2500000	2500000			HONORARIOS DE ASESORIA INMOBILIARIA  DEL MES DE FEBRERO DE 2021	Unidad	1001	0	0		0	Soporteservicio	2021-02-28
	18	1    	1	300000	300000			ASESORIAS CONTABLES DEL MES DE FEBRERO DE 2021	Unidad	1001	0	0		0	Soporteservicio	2021-02-28
	19	1    	1	300000	300000			ASESORIAS CONTABLES DEL MES DE MARZO DE 2021	Unidad	1001	0	0		0	Soporteservicio	2021-03-31
	20	1    	1	2500000	2500000			HONORARIOS DE ADMINISTRACION DEL MES DE MARZO DE 2021	Unidad	1001	0	0		0	Soporteservicio	2021-03-31
	43	1    	1	300000	300000			ASESORIAS CONTABLES DEL MES DE OCTUBRE DE 2021	Unidad	1001	0	0		0	Soporteservicio	2021-10-31
	44	1    	1	2500000	2500000			HONORARIOS DE ADMINISTRACION DEL MES DE OCTUBRE DE 2021	Unidad	1001	0	0		0	Soporteservicio	2021-10-31
	45	1    	1	21277616	21277616			MATERIALES Y SERVICIOS	Unidad	1001	0	0		0	Soporteservicio	2021-10-31
	46	1    	1	8722384	8722384			MATERIALES Y SERVICIOS	Unidad	1001	0	0		0	Soporteservicio	2021-10-31
	41	1    	1	2500000	2500000			HONORARIOS DE ADMINISTRACION DEL MES DE SEPTIEMBRE DE 2021	Unidad	1001	0	0		0	Soporteservicio	2021-09-30
	48	1    	1	2500000	2500000			HONORARIOS DE ASESORIA INMOBILIARIA  DEL MES DE NOVIEMBRE DE 2021	Unidad	1001	0	0		0	Soporteservicio	2021-11-30
	49	1    	1	2500000	2500000			HONORARIOS DE ADMINISTRACION DEL MES DE NOVIEMBRE DE 2021	Unidad	1001	0	0		0	Soporteservicio	2021-11-30
	37	1    	1	300000	300000			ASESORIAS CONTABLES DEL MES DE AGOSTO DE 2021	Unidad	1001	0	0		0	Soporteservicio	2021-08-31
	40	1    	1	300000	300000			ASESORIAS CONTABLES DEL MES DE SEPTIEMBRE DE 2021	Unidad	1001	0	0		0	Soporteservicio	2021-09-30
	51	1    	1	2500000	2500000			HONORARIOS DE ADMINISTRACION DEL MES DE DICIEMBRE DE 2021	Unidad	1001	0	0		0	Soporteservicio	2021-12-31
	52	1    	1	2500000	2500000			HONORARIOS DE ASESORIA INMOBILIARIA  DEL MES DE DICIEMBRE DE 2021	Unidad	1001	0	0		0	Soporteservicio	2021-12-31
	53	1    	1	6000000	6000000			MATERIALES Y SERVICIOS	Unidad	1001	0	0		0	Soporteservicio	2021-12-31
	54	1    	1	6555231	6555231			MATERIALES Y SERVICIOS	Unidad	1001	0	0		0	Soporteservicio	2021-12-31
	47	1    	1	300000	300000			HONORARIOS DEL MES DE NOVIEMBRE DE 2021	Unidad	1001	0	0		0	Soporteservicio	2021-11-30
	50	1    	1	300000	300000			MATERIALES Y SERVICIOS	Unidad	1001	0	0		0	Soporteservicio	2021-11-30
	55	1    	1	300000	300000			ASESORIAS CONTABLES DEL MES DE DICIEMBRE DE 2021	Unidad	1001	0	0		0	Soporteservicio	2021-12-31
\.


--
-- Data for Name: subgrupo; Type: TABLE DATA; Schema: public; Owner: postgres
--

COPY public.subgrupo (codigo, nombre, grupo) FROM stdin;
\.


--
-- Data for Name: tareas; Type: TABLE DATA; Schema: public; Owner: postgres
--

COPY public.tareas (id, titulo, descripcion, estado) FROM stdin;
27	Web	CuentasPendiente	Sin Iniciar
26	Nomina	Formulario Descuentos	Sin Iniciar
29	Nomina	Formulario datos generales	Sin Iniciar
25	Nomin	Formulario Devengos	Sin Iniciar
\.


--
-- Data for Name: tercero; Type: TABLE DATA; Schema: public; Owner: postgres
--

COPY public.tercero (codigo, dv, nombre, juridica, primernombre, segundonombre, primerapellido, segundoapellido, direccion, barrio, telefono1, telefono2, email1, email2, contacto, rut, banco, ciudad, documento, fiscal, regimen, tipo, ica) FROM stdin;
12962479	5	Segundo Eduardo Ojeda Enriquez		Segundo	Eduardo	Ojeda	Enriquez	Carrera 26 No. 45-30 Apto. 207	El Riangulo	(312) 448-7517	(311) 507-1771	eduardoeoe@gmail.com	eduardoeoe@gmail.com	Carlos Omar Ojeda Enriquez	NO		50001	31	R-99-PN	48	2	0.60
800073038	4	Viventas Y Cia. S. En C.	Viventas Y Cia. S. En C.					Carrera 39 No. 26 B 11	Centro	(310) 299-0591		viventas1936@gmail.com		Pedro Garnica	NO		50001	31	R-99-PN	49	1	
19337558	4	Pedro  Manuel  Garnica Herrera		Pedro 	Manuel 	Garnica	Herrera	Carrera 39 No. 26 B 11	Cenro	(310) 299-0591	(312) 555-8518	viventas1936@gmail.com	pegarnica@gmail.com	Yayigar1@Hotmail.Com	NO		50001	31	R-99-PN	49	2	0.00
800197268	4	Direccion De Impuestos Y Aduanas Nacionales	Direccion De Impuestos Y Aduanas Nacionales					Calle 40 33 A 27/29	Centro	(068) 681-8130		viventas1936@gmail.com		Dian	NO		50001	31	R-99-PN	48	1	0.00
900298372	9	Capital Salud Eps S.A.S.	Capital Salud Eps S.A.S.					Carrera 39 No. 26 B 11	Centro	(311) 494-9640		notificaciones@capitalsalud.gov.co		Pedro Garnica	NO		50001	31	R-99-PN	49	1	0.00
892099324	3	Alcaldia Municipal De Villavicencio	Alcaldia Municipal De Villavicencio					Carrera 39 No. 33 - 64	Centro	(068) 671-5859		alcaldia@villavicencio.gov.co			NO		50001	31	R-99-PN	49	1	0.00
892000102	1	Camara De Comercio De Villavicencio	Camara De Comercio De Villavicencio					Avenida 40 No. 24 A 71	Centro	(608) 681-7777		informacion@ccv.org.co		Dddd	NO		50001	31	R-99-PN	49	1	0.00
40447046	3	Doniria  Suescun Varela		Doniria		Suescun	Varela	Manzana 18 Casa 13	San Antonio	(310) 299-0591	312) 555-8518(	viventas1936@gmail.com	pegarnica@gmail.com	Yaneth Garnica	NO		50001	31	R-99-PN	49	2	0.00
93372178	6	Jose  Reyes Cadena		Jose		Reyes	Cadena	Calle 22 No. 36-26	Benito	(310) 299-0591	312) 555-8518(	viventas1936@gmail.com	pegarnica@gmail.com	Yaneth Garnica	NO		50001	31	R-99-PN	49	2	0.00
6402495	1	Gumercindo  Rodriguez Hurtado		Gumercindo		Rodriguez	Hurtado	Calle 33 39-01	Barzal	(310) 299-0591	312) 555-8518(	viventas1936@gmail.com	pegarnica@gmail.com	Yaneth Garnica	NO		50001	31	R-99-PN	49	2	0.00
900298955	2	Grupo Electrico Ingenieria S. A. S. 	Grupo Electrico Ingenieria S. A. S. 					Calle 29 No. 25 - 62	El Porvenir	(310) 299-0591	312) 555-8518(	viventas1936@gmail.com	pegarnica@gmail.com	Pedro Garnica	NO		50001	31	R-99-PN	48	1	0.00
890903938	8	Bancolombia	Bancolombia					Carrera 48 No. 27-85	Ceentro	(068) 662-2726		viventas1936@gmail.com	pegarnica@gmail.com	Pedro Garnica	NO		05001	31	R-99-PN	49	1	0.00
17317857	9	Cesar Alfonso Salcedo  Torres		Cesar	Alfonso	Salcedo 	Torres	Cra. 32 No. 30-54	Centro	(068) 662-5705		viventas1936@gmail.com	pegarnica@gmail.com	Pedro Garnica	NO		50001	31	R-99-PN	48	2	0.00
860026182	5	Allianz Seguros	Allianz Seguros					Cra. 13 No. 29-24	Centro	(031) 518-8801		viventas1936@gmail.com	pegarnica@gmail.com	Pedro Garnica	NO		50001	31	R-99-PN	48	1	0.00
822001738	3	Sikglass Ltda. 	Sikglass Ltda. 					Cra. 33 No. 21-69	Av. Del Llano	(068) 670-3030		viventas1936@gmail.com	pegarnica@gmail.com	Pedro Garnica	NO		50001	31	R-99-PN	48	1	0.00
900592781	8	Constru Optimo Sas	Constru Optimo Sas					Calle 31 No. 24-76	Porvenir	(068) 663-2562		viventas1936@gmail.com	pegarnica@gmail.com	Pedro Garnica	NO		50001	31	R-99-PN	48	1	0.00
901085904	6	Ovita Asociados S. A. S.	Ovita Asociados S. A. S.					Calle 25b No. 37-05	Siete De Agosto	(310) 299-0591	312) 555-8518(	viventas1936@gmail.com	pegarnica@gmail.com	Pedro Garnica	NO		50001	31	R-99-PN	48	1	0.00
17341377	6	Jose Domingo Mendez Briceo		Jose	Domingo	Mendez	Briceo	Carrera 39 No. 26 B 11	Centro	(310) 299-0591	312) 555-8518(	viventas1936@gmail.com	pegarnica@gmail.com	Pedro Garnica	NO		50001	31	R-99-PN	48	2	0.00
1120365091	3	Wilmer Andres Garcia Sanchez		Wilmer	Andres	Garcia	Sanchez	Carrera 39 No. 26 B 11	Siete De Agosto	(310) 299-0591	312) 555-8518(	viventas1936@gmail.com	pegarnica@gmail.com	Pedro Garnica	NO		50001	31	R-99-PN	48	2	0.00
80853536	7	Andres Eduardo Ojeda Medina		Andres	Eduardo	Ojeda	Medina	Carrera 26 No. 45-30 Apto. 207	El Triangulo	(311) 507-1771	(312) 448-7517	andresojedams@gmail.com	pegarnica@gmail.com	Pedro Garnica	NO		50001	31	R-99-PN	49	2	0.00
51591555	6	Irma Janeth Garnica Herrera		Irma	Janeth	Garnica	Herrera	Carrera 39 No. 26 B 11	Centro	(310) 299-0591	(311) 217-3331	viventas1936@gmail.com	pegarnica@gmail.com	Yayigar1@Hotmail.Com	NO		50001	31	R-99-PN	49	2	0.60
2853308	0	Victor  Manuel Garnica Benavides		Victor 	Manuel	Garnica	Benavides	Carrera 39 No. 26 B 11	Centro	(310) 299-0591	(312) 555-8518	viventas1936@gmail.com	pegarnica@gmail.com	Pedro Garnica	NO		50001	31	R-99-PN	48	2	0.60
1121819917	5	Diana Lucia Carrillo Reina		Diana	Lucia	Carrillo	Reina	Calle 39 No. 19b 22	Paraiso Jordan	(312) 408-4449	(068) 670-8867	viventas1936@gmail.com	pegarnica@gmail.com	Pedro Garnica	NO		50001	31	R-99-PN	49	2	0.60
86044920	3	Luis Raul Roldan  Quevedo		Luis	Raul	Roldan 	Quevedo	Carrera 39 No. 26 B 11	Centro	(320) 429-8453		viventas1936@gmail.com	pegarnica@gmail.com	Pedro Garnica	NO		50001	31	R-99-PN	49	2	0.60
\.


--
-- Data for Name: tipoorganizacion; Type: TABLE DATA; Schema: public; Owner: postgres
--

COPY public.tipoorganizacion (codigo, nombre) FROM stdin;
1	Persona Jurdica
2	Persona Natural
\.


--
-- Data for Name: tipopersona; Type: TABLE DATA; Schema: public; Owner: postgres
--

COPY public.tipopersona (codigo, nombre) FROM stdin;
1	Persona Jurdica
2	Persona Natural
\.


--
-- Data for Name: traslado; Type: TABLE DATA; Schema: public; Owner: postgres
--

COPY public.traslado (codigo, fecha, items, almacenista, tipo) FROM stdin;
\.


--
-- Data for Name: trasladodetalle; Type: TABLE DATA; Schema: public; Owner: postgres
--

COPY public.trasladodetalle (id, codigo, fila, bodega, producto, tipo, fecha, entra, sale) FROM stdin;
\.


--
-- Data for Name: unidaddemedida; Type: TABLE DATA; Schema: public; Owner: postgres
--

COPY public.unidaddemedida (codigo, nombre) FROM stdin;
\.


--
-- Data for Name: usuario; Type: TABLE DATA; Schema: public; Owner: postgres
--

COPY public.usuario (codigo, dv, nombre, tipo, clave2, clave1, email1, email2) FROM stdin;
\.


--
-- Data for Name: vendedor; Type: TABLE DATA; Schema: public; Owner: postgres
--

COPY public.vendedor (codigo, nombre, comision) FROM stdin;
\.


--
-- Data for Name: venta; Type: TABLE DATA; Schema: public; Owner: postgres
--

COPY public.venta (codigo, fecha, vence, hora, subtotal19, subtotal5, subtotal0, subtotal, subtotaliva19, subtotaliva5, subtotaliva0, subtotalbase19, subtotalbase5, subtotalbase0, totaliva, ret2201, total, neto, items, formadepago, mediodepago, tercero, vendedor, descuento, subtotaldescuento19, subtotaldescuento5, subtotaldescuento0, resolucion, cotizacion, tipo, centro) FROM stdin;
\.


--
-- Data for Name: ventadetalle; Type: TABLE DATA; Schema: public; Owner: postgres
--

COPY public.ventadetalle (id, codigo, fila, cantidad, precio, subtotal, pagina, bodega, producto, descuento, montodescuento, sigratis, subtotaldescuento, tipo, fecha) FROM stdin;
\.


--
-- Data for Name: ventaservicio; Type: TABLE DATA; Schema: public; Owner: postgres
--

COPY public.ventaservicio (codigo, fecha, vence, hora, subtotal19, subtotal5, subtotal0, subtotal, subtotaliva19, subtotaliva5, subtotaliva0, subtotalbase19, subtotalbase5, subtotalbase0, totaliva, ret2201, total, neto, items, formadepago, mediodepago, tercero, vendedor, descuento, subtotaldescuento19, subtotaldescuento5, subtotaldescuento0, resolucion, cotizacionservicio, tipo, centro) FROM stdin;
\.


--
-- Data for Name: ventaserviciodetalle; Type: TABLE DATA; Schema: public; Owner: postgres
--

COPY public.ventaserviciodetalle (id, codigo, fila, cantidad, precio, subtotal, pagina, nombreservicio, unidadservicio, codigoservicio, ivaservicio, descuento, montodescuento, sigratis, subtotaldescuento, tipo, fecha) FROM stdin;
\.


--
-- Name: tareas_id_seq; Type: SEQUENCE SET; Schema: public; Owner: postgres
--

SELECT pg_catalog.setval('public.tareas_id_seq', 29, true);


--
-- Name: almacenista almacenista_pk; Type: CONSTRAINT; Schema: public; Owner: postgres
--

ALTER TABLE ONLY public.almacenista
    ADD CONSTRAINT almacenista_pk PRIMARY KEY (codigo);


--
-- Name: bodega bodega_pkey; Type: CONSTRAINT; Schema: public; Owner: postgres
--

ALTER TABLE ONLY public.bodega
    ADD CONSTRAINT bodega_pkey PRIMARY KEY (codigo);


--
-- Name: centro centro_pkey; Type: CONSTRAINT; Schema: public; Owner: postgres
--

ALTER TABLE ONLY public.centro
    ADD CONSTRAINT centro_pkey PRIMARY KEY (codigo);


--
-- Name: ciudad ciudad_pkey; Type: CONSTRAINT; Schema: public; Owner: postgres
--

ALTER TABLE ONLY public.ciudad
    ADD CONSTRAINT ciudad_pkey PRIMARY KEY (codigo);


--
-- Name: concepto concepto_pkey; Type: CONSTRAINT; Schema: public; Owner: postgres
--

ALTER TABLE ONLY public.concepto
    ADD CONSTRAINT concepto_pkey PRIMARY KEY (codigo);


--
-- Name: plandecuentaempresa cuenta1_pkey; Type: CONSTRAINT; Schema: public; Owner: postgres
--

ALTER TABLE ONLY public.plandecuentaempresa
    ADD CONSTRAINT cuenta1_pkey PRIMARY KEY (codigo);


--
-- Name: documento documento_pkey; Type: CONSTRAINT; Schema: public; Owner: postgres
--

ALTER TABLE ONLY public.documento
    ADD CONSTRAINT documento_pkey PRIMARY KEY (codigo);


--
-- Name: documentoidentificacion documentoidentificacion_pkey; Type: CONSTRAINT; Schema: public; Owner: postgres
--

ALTER TABLE ONLY public.documentoidentificacion
    ADD CONSTRAINT documentoidentificacion_pkey PRIMARY KEY (codigo);


--
-- Name: empresa empresa_pkey; Type: CONSTRAINT; Schema: public; Owner: postgres
--

ALTER TABLE ONLY public.empresa
    ADD CONSTRAINT empresa_pkey PRIMARY KEY (codigo);


--
-- Name: exogenaconcepto exogenaconcepto_pk; Type: CONSTRAINT; Schema: public; Owner: postgres
--

ALTER TABLE ONLY public.exogenaconcepto
    ADD CONSTRAINT exogenaconcepto_pk PRIMARY KEY (concepto);


--
-- Name: formadepago formadepago_pkey; Type: CONSTRAINT; Schema: public; Owner: postgres
--

ALTER TABLE ONLY public.formadepago
    ADD CONSTRAINT formadepago_pkey PRIMARY KEY (codigo);


--
-- Name: grupo grupo_pkey; Type: CONSTRAINT; Schema: public; Owner: postgres
--

ALTER TABLE ONLY public.grupo
    ADD CONSTRAINT grupo_pkey PRIMARY KEY (codigo);


--
-- Name: mediodepago mediodepago_pkey; Type: CONSTRAINT; Schema: public; Owner: postgres
--

ALTER TABLE ONLY public.mediodepago
    ADD CONSTRAINT mediodepago_pkey PRIMARY KEY (codigo);


--
-- Name: periodo periodo_pk; Type: CONSTRAINT; Schema: public; Owner: postgres
--

ALTER TABLE ONLY public.periodo
    ADD CONSTRAINT periodo_pk PRIMARY KEY (codigo);


--
-- Name: plandecuentaniif plandecuentaniif_pkey; Type: CONSTRAINT; Schema: public; Owner: postgres
--

ALTER TABLE ONLY public.plandecuentaniif
    ADD CONSTRAINT plandecuentaniif_pkey PRIMARY KEY (codigo);


--
-- Name: plandecuentapuc plandecuentapuc_pkey; Type: CONSTRAINT; Schema: public; Owner: postgres
--

ALTER TABLE ONLY public.plandecuentapuc
    ADD CONSTRAINT plandecuentapuc_pkey PRIMARY KEY (codigo);


--
-- Name: producto producto_pkey; Type: CONSTRAINT; Schema: public; Owner: postgres
--

ALTER TABLE ONLY public.producto
    ADD CONSTRAINT producto_pkey PRIMARY KEY (codigo);


--
-- Name: regimenfiscal regimenfiscal_pkey; Type: CONSTRAINT; Schema: public; Owner: postgres
--

ALTER TABLE ONLY public.regimenfiscal
    ADD CONSTRAINT regimenfiscal_pkey PRIMARY KEY (codigo);


--
-- Name: residente residente_pk; Type: CONSTRAINT; Schema: public; Owner: postgres
--

ALTER TABLE ONLY public.residente
    ADD CONSTRAINT residente_pk PRIMARY KEY (codigo);


--
-- Name: resolucionsoporte resolucionsoporte_pkey; Type: CONSTRAINT; Schema: public; Owner: postgres
--

ALTER TABLE ONLY public.resolucionsoporte
    ADD CONSTRAINT resolucionsoporte_pkey PRIMARY KEY (codigo);


--
-- Name: resolucionventa resolucionventa_pkey; Type: CONSTRAINT; Schema: public; Owner: postgres
--

ALTER TABLE ONLY public.resolucionventa
    ADD CONSTRAINT resolucionventa_pkey PRIMARY KEY (codigo);


--
-- Name: responsabilidadfiscal responsabilidadfiscal_pkey; Type: CONSTRAINT; Schema: public; Owner: postgres
--

ALTER TABLE ONLY public.responsabilidadfiscal
    ADD CONSTRAINT responsabilidadfiscal_pkey PRIMARY KEY (codigo);


--
-- Name: retencionenlafuente retencionenlafuente_pkey; Type: CONSTRAINT; Schema: public; Owner: postgres
--

ALTER TABLE ONLY public.retencionenlafuente
    ADD CONSTRAINT retencionenlafuente_pkey PRIMARY KEY (codigo);


--
-- Name: subgrupo subgrupo_pkey; Type: CONSTRAINT; Schema: public; Owner: postgres
--

ALTER TABLE ONLY public.subgrupo
    ADD CONSTRAINT subgrupo_pkey PRIMARY KEY (codigo);


--
-- Name: tareas tareas_pk; Type: CONSTRAINT; Schema: public; Owner: postgres
--

ALTER TABLE ONLY public.tareas
    ADD CONSTRAINT tareas_pk PRIMARY KEY (id);


--
-- Name: tercero tercero_pkey; Type: CONSTRAINT; Schema: public; Owner: postgres
--

ALTER TABLE ONLY public.tercero
    ADD CONSTRAINT tercero_pkey PRIMARY KEY (codigo);


--
-- Name: tipoorganizacion tipoorganizacion_pkey; Type: CONSTRAINT; Schema: public; Owner: postgres
--

ALTER TABLE ONLY public.tipoorganizacion
    ADD CONSTRAINT tipoorganizacion_pkey PRIMARY KEY (codigo);


--
-- Name: unidaddemedida unidaddemedida_pkey; Type: CONSTRAINT; Schema: public; Owner: postgres
--

ALTER TABLE ONLY public.unidaddemedida
    ADD CONSTRAINT unidaddemedida_pkey PRIMARY KEY (codigo);


--
-- Name: usuario usuario_pkey; Type: CONSTRAINT; Schema: public; Owner: postgres
--

ALTER TABLE ONLY public.usuario
    ADD CONSTRAINT usuario_pkey PRIMARY KEY (codigo);


--
-- Name: vendedor vendedor_pkey; Type: CONSTRAINT; Schema: public; Owner: postgres
--

ALTER TABLE ONLY public.vendedor
    ADD CONSTRAINT vendedor_pkey PRIMARY KEY (codigo);


--
-- Name: almacenista_nit_uindex; Type: INDEX; Schema: public; Owner: postgres
--

CREATE UNIQUE INDEX almacenista_nit_uindex ON public.almacenista USING btree (codigo);


--
-- Name: exogenaconcepto_codigo_uindex; Type: INDEX; Schema: public; Owner: postgres
--

CREATE UNIQUE INDEX exogenaconcepto_codigo_uindex ON public.exogenaconcepto USING btree (concepto);


--
-- Name: periodo_codigo_uindex; Type: INDEX; Schema: public; Owner: postgres
--

CREATE UNIQUE INDEX periodo_codigo_uindex ON public.periodo USING btree (codigo);


--
-- Name: residente_codigo_uindex; Type: INDEX; Schema: public; Owner: postgres
--

CREATE UNIQUE INDEX residente_codigo_uindex ON public.residente USING btree (codigo);


--
-- PostgreSQL database dump complete
--

